Entity,Code,Year,Annual CO₂ emissions
Afghanistan,AFG,2010,8364803.5
Afghanistan,AFG,2011,11409623
Afghanistan,AFG,2012,9731202
Afghanistan,AFG,2013,8891447
Afghanistan,AFG,2014,8697668
Afghanistan,AFG,2015,9384400
Afghanistan,AFG,2016,8605932
Afghanistan,AFG,2017,9311054
Afghanistan,AFG,2018,10191504
Afghanistan,AFG,2019,10400110
Afghanistan,AFG,2020,11118626
Afghanistan,AFG,2021,9868841
Afghanistan,AFG,2022,10169889
Afghanistan,AFG,2023,10516319
Afghanistan,AFG,2024,10825998
Africa,OWID_AFR,2010,1216281000
Africa,OWID_AFR,2011,1264906200
Africa,OWID_AFR,2012,1263515800
Africa,OWID_AFR,2013,1280567000
Africa,OWID_AFR,2014,1360819000
Africa,OWID_AFR,2015,1335945700
Africa,OWID_AFR,2016,1367232300
Africa,OWID_AFR,2017,1377317600
Africa,OWID_AFR,2018,1391186800
Africa,OWID_AFR,2019,1456083200
Africa,OWID_AFR,2020,1369248800
Africa,OWID_AFR,2021,1475349400
Africa,OWID_AFR,2022,1459113900
Africa,OWID_AFR,2023,1481814400
Africa,OWID_AFR,2024,1502098700
Africa (GCP),,2010,1216269800
Africa (GCP),,2011,1264895100
Africa (GCP),,2012,1263504800
Africa (GCP),,2013,1280556000
Africa (GCP),,2014,1360808000
Africa (GCP),,2015,1335934700
Africa (GCP),,2016,1367217500
Africa (GCP),,2017,1377306600
Africa (GCP),,2018,1391176000
Africa (GCP),,2019,1456068500
Africa (GCP),,2020,1369237900
Africa (GCP),,2021,1475342100
Africa (GCP),,2022,1459102800
Africa (GCP),,2023,1481803400
Africa (GCP),,2024,1502087400
Albania,ALB,2010,4816841
Albania,ALB,2011,5175444
Albania,ALB,2012,4930006
Albania,ALB,2013,5346089
Albania,ALB,2014,6072489
Albania,ALB,2015,4712144
Albania,ALB,2016,4555035
Albania,ALB,2017,5343792
Albania,ALB,2018,5194860
Albania,ALB,2019,4940528
Albania,ALB,2020,4865033
Albania,ALB,2021,5137011
Albania,ALB,2022,4498282
Albania,ALB,2023,4417333
Albania,ALB,2024,4444448
Algeria,DZA,2010,117847360
Algeria,DZA,2011,124715240
Algeria,DZA,2012,135593460
Algeria,DZA,2013,141534270
Algeria,DZA,2014,152434660
Algeria,DZA,2015,160321620
Algeria,DZA,2016,158308320
Algeria,DZA,2017,165251630
Algeria,DZA,2018,174461180
Algeria,DZA,2019,182425000
Algeria,DZA,2020,171138530
Algeria,DZA,2021,182035800
Algeria,DZA,2022,192778560
Algeria,DZA,2023,202846660
Algeria,DZA,2024,198203180
Andorra,AND,2010,516623.97
Andorra,AND,2011,490976
Andorra,AND,2012,487312
Andorra,AND,2013,476320
Andorra,AND,2014,461664
Andorra,AND,2015,465328
Andorra,AND,2016,472656
Andorra,AND,2017,472656
Andorra,AND,2018,498304
Andorra,AND,2019,490976
Andorra,AND,2020,377392
Andorra,AND,2021,414032
Andorra,AND,2022,423408
Andorra,AND,2023,418098
Andorra,AND,2024,424663
Angola,AGO,2010,22983320
Angola,AGO,2011,23397032
Angola,AGO,2012,25940960
Angola,AGO,2013,25709742
Angola,AGO,2014,26092148
Angola,AGO,2015,27505228
Angola,AGO,2016,25465634
Angola,AGO,2017,23600984
Angola,AGO,2018,23278050
Angola,AGO,2019,22210076
Angola,AGO,2020,16549341
Angola,AGO,2021,19218562
Angola,AGO,2022,21089004
Angola,AGO,2023,21674816
Angola,AGO,2024,22333584
Anguilla,AIA,2010,128240.01
Anguilla,AIA,2011,124576
Anguilla,AIA,2012,120912
Anguilla,AIA,2013,113584
Anguilla,AIA,2014,120912
Anguilla,AIA,2015,135568
Anguilla,AIA,2016,139232
Anguilla,AIA,2017,128240.01
Anguilla,AIA,2018,131904
Anguilla,AIA,2019,142896
Anguilla,AIA,2020,135568
Anguilla,AIA,2021,139232
Anguilla,AIA,2022,142896
Anguilla,AIA,2023,142607
Anguilla,AIA,2024,148085
Antarctica,ATA,2010,0
Antarctica,ATA,2011,0
Antarctica,ATA,2012,0
Antarctica,ATA,2013,0
Antarctica,ATA,2014,0
Antarctica,ATA,2015,0
Antarctica,ATA,2016,0
Antarctica,ATA,2017,0
Antarctica,ATA,2018,0
Antarctica,ATA,2019,0
Antarctica,ATA,2020,0
Antarctica,ATA,2021,0
Antarctica,ATA,2022,0
Antarctica,ATA,2023,0
Antarctica,ATA,2024,0
Antigua and Barbuda,ATG,2010,549600
Antigua and Barbuda,ATG,2011,545936
Antigua and Barbuda,ATG,2012,556928
Antigua and Barbuda,ATG,2013,556928
Antigua and Barbuda,ATG,2014,567920
Antigua and Barbuda,ATG,2015,578912
Antigua and Barbuda,ATG,2016,593568
Antigua and Barbuda,ATG,2017,600896
Antigua and Barbuda,ATG,2018,615552
Antigua and Barbuda,ATG,2019,637536
Antigua and Barbuda,ATG,2020,615552
Antigua and Barbuda,ATG,2021,633872
Antigua and Barbuda,ATG,2022,641832
Antigua and Barbuda,ATG,2023,640533
Antigua and Barbuda,ATG,2024,665140
Argentina,ARG,2010,186121300
Argentina,ARG,2011,189883820
Argentina,ARG,2012,191714580
Argentina,ARG,2013,189524850
Argentina,ARG,2014,188539180
Argentina,ARG,2015,191808800
Argentina,ARG,2016,190020500
Argentina,ARG,2017,187068020
Argentina,ARG,2018,182483460
Argentina,ARG,2019,180427660
Argentina,ARG,2020,164612720
Argentina,ARG,2021,190196930
Argentina,ARG,2022,183768140
Argentina,ARG,2023,178406990
Argentina,ARG,2024,171059260
Armenia,ARM,2010,4256414
Armenia,ARM,2011,4968878
Armenia,ARM,2012,5748252
Armenia,ARM,2013,5535127
Armenia,ARM,2014,5604113
Armenia,ARM,2015,5469204
Armenia,ARM,2016,5206677
Armenia,ARM,2017,5536589
Armenia,ARM,2018,5822122
Armenia,ARM,2019,6284110
Armenia,ARM,2020,6795190
Armenia,ARM,2021,7350704
Armenia,ARM,2022,7698773
Armenia,ARM,2023,7430228
Armenia,ARM,2024,7430715
Aruba,ABW,2010,2506176
Aruba,ABW,2011,2495184
Aruba,ABW,2012,1344688
Aruba,ABW,2013,861040
Aruba,ABW,2014,872032
Aruba,ABW,2015,897680
Aruba,ABW,2016,883024
Aruba,ABW,2017,890352
Aruba,ABW,2018,868368
Aruba,ABW,2019,831728
Aruba,ABW,2020,820736
Aruba,ABW,2021,861040
Aruba,ABW,2022,888381
Aruba,ABW,2023,886584
Aruba,ABW,2024,920644
Asia,OWID_ASI,2010,16536467000
Asia,OWID_ASI,2011,17768819000
Asia,OWID_ASI,2012,18438480000
Asia,OWID_ASI,2013,18685477000
Asia,OWID_ASI,2014,18961437000
Asia,OWID_ASI,2015,19070407000
Asia,OWID_ASI,2016,19202404000
Asia,OWID_ASI,2017,19775838000
Asia,OWID_ASI,2018,20366350000
Asia,OWID_ASI,2019,20926585000
Asia,OWID_ASI,2020,20691950000
Asia,OWID_ASI,2021,21520503000
Asia,OWID_ASI,2022,22237813000
Asia,OWID_ASI,2023,22997092000
Asia,OWID_ASI,2024,23392487000
Asia (GCP),,2010,14362530000
Asia (GCP),,2011,15542228000
Asia (GCP),,2012,16061427000
Asia (GCP),,2013,16345718000
Asia (GCP),,2014,16580382000
Asia (GCP),,2015,16605201000
Asia (GCP),,2016,16688726000
Asia (GCP),,2017,17182280000
Asia (GCP),,2018,17777240000
Asia (GCP),,2019,18223220000
Asia (GCP),,2020,18046271000
Asia (GCP),,2021,18740865000
Asia (GCP),,2022,19455877000
Asia (GCP),,2023,20111112000
Asia (GCP),,2024,20432226000
Asia (excl. China and India),,2010,6247890000
Asia (excl. China and India),,2011,6482970000
Asia (excl. China and India),,2012,6744184000
Asia (excl. China and India),,2013,6747768000
Asia (excl. China and India),,2014,6837358000
Asia (excl. China and India),,2015,6980549000
Asia (excl. China and India),,2016,7101688300
Asia (excl. China and India),,2017,7350103600
Asia (excl. China and India),,2018,7424333000
Asia (excl. China and India),,2019,7601896000
Asia (excl. China and India),,2020,7372697000
Asia (excl. China and India),,2021,7560323600
Asia (excl. China and India),,2022,7694873000
Asia (excl. China and India),,2023,7762327600
Asia (excl. China and India),,2024,7909973000
Australia,AUS,2010,405025950
Australia,AUS,2011,403874400
Australia,AUS,2012,405005120
Australia,AUS,2013,397849900
Australia,AUS,2014,392609600
Australia,AUS,2015,400589200
Australia,AUS,2016,409666340
Australia,AUS,2017,413407840
Australia,AUS,2018,414780580
Australia,AUS,2019,414925300
Australia,AUS,2020,398546900
Australia,AUS,2021,388472300
Australia,AUS,2022,384078430
Australia,AUS,2023,384316060
Australia,AUS,2024,386732380
Austria,AUT,2010,72000250
Austria,AUT,2011,69891710
Austria,AUT,2012,67260344
Austria,AUT,2013,67758860
Austria,AUT,2014,64158736
Austria,AUT,2015,66357780
Austria,AUT,2016,67218740
Austria,AUT,2017,69601480
Austria,AUT,2018,66566510
Austria,AUT,2019,67951230
Austria,AUT,2020,62179828
Austria,AUT,2021,65751344
Austria,AUT,2022,61454140
Austria,AUT,2023,56908956
Austria,AUT,2024,56367656
Azerbaijan,AZE,2010,27549052
Azerbaijan,AZE,2011,30210230
Azerbaijan,AZE,2012,32770066
Azerbaijan,AZE,2013,33558890
Azerbaijan,AZE,2014,34344760
Azerbaijan,AZE,2015,34683330
Azerbaijan,AZE,2016,34726970
Azerbaijan,AZE,2017,34698280
Azerbaijan,AZE,2018,34576230
Azerbaijan,AZE,2019,37752550
Azerbaijan,AZE,2020,36237164
Azerbaijan,AZE,2021,38299644
Azerbaijan,AZE,2022,41174576
Azerbaijan,AZE,2023,42748196
Azerbaijan,AZE,2024,39830140
Bahamas,BHS,2010,2231376
Bahamas,BHS,2011,2110464
Bahamas,BHS,2012,2048176
Bahamas,BHS,2013,1993216
Bahamas,BHS,2014,2062832.1
Bahamas,BHS,2015,2231376
Bahamas,BHS,2016,2246032
Bahamas,BHS,2017,2520832
Bahamas,BHS,2018,2454880
Bahamas,BHS,2019,2520832
Bahamas,BHS,2020,2051840.1
Bahamas,BHS,2021,2726016
Bahamas,BHS,2022,2961983
Bahamas,BHS,2023,2956122
Bahamas,BHS,2024,3069679
Bahrain,BHR,2010,29142510
Bahrain,BHR,2011,28544122
Bahrain,BHR,2012,27202492
Bahrain,BHR,2013,31228270
Bahrain,BHR,2014,30970746
Bahrain,BHR,2015,32520614
Bahrain,BHR,2016,31635436
Bahrain,BHR,2017,32916580
Bahrain,BHR,2018,32698486
Bahrain,BHR,2019,37616144
Bahrain,BHR,2020,37429270
Bahrain,BHR,2021,36265130
Bahrain,BHR,2022,37826840
Bahrain,BHR,2023,38786692
Bahrain,BHR,2024,39003456
Bangladesh,BGD,2010,54035524
Bangladesh,BGD,2011,55592710
Bangladesh,BGD,2012,59703860
Bangladesh,BGD,2013,64762796
Bangladesh,BGD,2014,67551890
Bangladesh,BGD,2015,76946130
Bangladesh,BGD,2016,81761160
Bangladesh,BGD,2017,86530870
Bangladesh,BGD,2018,86608110
Bangladesh,BGD,2019,94807690
Bangladesh,BGD,2020,95729090
Bangladesh,BGD,2021,98530280
Bangladesh,BGD,2022,102147410
Bangladesh,BGD,2023,104526670
Bangladesh,BGD,2024,108317880
Barbados,BRB,2010,1566600
Barbados,BRB,2011,1626242
Barbados,BRB,2012,1554216
Barbados,BRB,2013,1539832
Barbados,BRB,2014,1367624
Barbados,BRB,2015,1334648
Barbados,BRB,2016,1371455
Barbados,BRB,2017,1399244
Barbados,BRB,2018,1446876
Barbados,BRB,2019,1391916
Barbados,BRB,2020,1255533
Barbados,BRB,2021,1190120
Barbados,BRB,2022,1314983
Barbados,BRB,2023,1316733
Barbados,BRB,2024,1365171
Belarus,BLR,2010,62515440
Belarus,BLR,2011,61353236
Belarus,BLR,2012,62591696
Belarus,BLR,2013,64151856
Belarus,BLR,2014,63699212
Belarus,BLR,2015,58827810
Belarus,BLR,2016,58188064
Belarus,BLR,2017,59444372
Belarus,BLR,2018,62170668
Belarus,BLR,2019,62170636
Belarus,BLR,2020,59122900
Belarus,BLR,2021,60861080
Belarus,BLR,2022,57120548
Belarus,BLR,2023,55736064
Belarus,BLR,2024,55818416
Belgium,BEL,2010,114562660
Belgium,BEL,2011,105158970
Belgium,BEL,2012,102486240
Belgium,BEL,2013,102815960
Belgium,BEL,2014,97080950
Belgium,BEL,2015,101327496
Belgium,BEL,2016,99816290
Belgium,BEL,2017,99282190
Belgium,BEL,2018,100256370
Belgium,BEL,2019,99798730
Belgium,BEL,2020,91254550
Belgium,BEL,2021,94928070
Belgium,BEL,2022,88914970
Belgium,BEL,2023,84703360
Belgium,BEL,2024,85456200
Belize,BLZ,2010,538608
Belize,BLZ,2011,571584
Belize,BLZ,2012,472656
Belize,BLZ,2013,472656
Belize,BLZ,2014,501968.03
Belize,BLZ,2015,685168
Belize,BLZ,2016,674176
Belize,BLZ,2017,666848
Belize,BLZ,2018,659540
Belize,BLZ,2019,769440
Belize,BLZ,2020,653636
Belize,BLZ,2021,693630
Belize,BLZ,2022,723761
Belize,BLZ,2023,766451
Belize,BLZ,2024,796027
Benin,BEN,2010,4679390
Benin,BEN,2011,4479719
Benin,BEN,2012,4402539
Benin,BEN,2013,4565975
Benin,BEN,2014,4774016
Benin,BEN,2015,5318238
Benin,BEN,2016,5310542
Benin,BEN,2017,5555002
Benin,BEN,2018,5668449
Benin,BEN,2019,5272598
Benin,BEN,2020,5540920
Benin,BEN,2021,5805787
Benin,BEN,2022,6092278
Benin,BEN,2023,5927823
Benin,BEN,2024,6066339
Bermuda,BMU,2010,604560
Bermuda,BMU,2011,443344
Bermuda,BMU,2012,366400
Bermuda,BMU,2013,534944
Bermuda,BMU,2014,666848
Bermuda,BMU,2015,542272
Bermuda,BMU,2016,615552
Bermuda,BMU,2017,641200
Bermuda,BMU,2018,696160
Bermuda,BMU,2019,593568
Bermuda,BMU,2020,436016
Bermuda,BMU,2021,516623.97
Bermuda,BMU,2022,530727
Bermuda,BMU,2023,529653
Bermuda,BMU,2024,550001
Bhutan,BTN,2010,905464
Bhutan,BTN,2011,1006822.94
Bhutan,BTN,2012,1150018
Bhutan,BTN,2013,1268971
Bhutan,BTN,2014,1332335
Bhutan,BTN,2015,1433898
Bhutan,BTN,2016,1560270
Bhutan,BTN,2017,1649287
Bhutan,BTN,2018,1681916
Bhutan,BTN,2019,1564881
Bhutan,BTN,2020,1213662
Bhutan,BTN,2021,1454682
Bhutan,BTN,2022,1549593
Bhutan,BTN,2023,1629648
Bhutan,BTN,2024,1657416
Bolivia,BOL,2010,14808615
Bolivia,BOL,2011,16051197
Bolivia,BOL,2012,17574666
Bolivia,BOL,2013,17777708
Bolivia,BOL,2014,19900322
Bolivia,BOL,2015,19899728
Bolivia,BOL,2016,21249604
Bolivia,BOL,2017,22181584
Bolivia,BOL,2018,22508872
Bolivia,BOL,2019,22609254
Bolivia,BOL,2020,18320192
Bolivia,BOL,2021,21766604
Bolivia,BOL,2022,23488206
Bolivia,BOL,2023,24620520
Bolivia,BOL,2024,28708664
Bonaire Sint Eustatius and Saba,BES,2010,75223
Bonaire Sint Eustatius and Saba,BES,2011,95963
Bonaire Sint Eustatius and Saba,BES,2012,117248
Bonaire Sint Eustatius and Saba,BES,2013,113584
Bonaire Sint Eustatius and Saba,BES,2014,117248
Bonaire Sint Eustatius and Saba,BES,2015,128240.01
Bonaire Sint Eustatius and Saba,BES,2016,131904
Bonaire Sint Eustatius and Saba,BES,2017,139232
Bonaire Sint Eustatius and Saba,BES,2018,131904
Bonaire Sint Eustatius and Saba,BES,2019,139232
Bonaire Sint Eustatius and Saba,BES,2020,131904
Bonaire Sint Eustatius and Saba,BES,2021,139232
Bonaire Sint Eustatius and Saba,BES,2022,146560
Bonaire Sint Eustatius and Saba,BES,2023,146264
Bonaire Sint Eustatius and Saba,BES,2024,151882
Bosnia and Herzegovina,BIH,2010,21145704
Bosnia and Herzegovina,BIH,2011,23764900
Bosnia and Herzegovina,BIH,2012,22137784
Bosnia and Herzegovina,BIH,2013,21801106
Bosnia and Herzegovina,BIH,2014,19311786
Bosnia and Herzegovina,BIH,2015,18460492
Bosnia and Herzegovina,BIH,2016,21734072
Bosnia and Herzegovina,BIH,2017,22152510
Bosnia and Herzegovina,BIH,2018,22078696
Bosnia and Herzegovina,BIH,2019,20810378
Bosnia and Herzegovina,BIH,2020,20831812
Bosnia and Herzegovina,BIH,2021,21267650
Bosnia and Herzegovina,BIH,2022,20742836
Bosnia and Herzegovina,BIH,2023,19881310
Bosnia and Herzegovina,BIH,2024,19425932
Botswana,BWA,2010,4537275
Botswana,BWA,2011,4028802
Botswana,BWA,2012,5076711
Botswana,BWA,2013,5663055
Botswana,BWA,2014,6850164
Botswana,BWA,2015,5417540
Botswana,BWA,2016,6340873
Botswana,BWA,2017,7066344
Botswana,BWA,2018,7643491
Botswana,BWA,2019,7485552
Botswana,BWA,2020,6192160
Botswana,BWA,2021,6683136
Botswana,BWA,2022,7395755
Botswana,BWA,2023,7248677
Botswana,BWA,2024,7461599
Brazil,BRA,2010,440269060
Brazil,BRA,2011,461911330
Brazil,BRA,2012,497468200
Brazil,BRA,2013,531568830
Brazil,BRA,2014,556525500
Brazil,BRA,2015,528173540
Brazil,BRA,2016,491744830
Brazil,BRA,2017,497254560
Brazil,BRA,2018,476600540
Brazil,BRA,2019,476723740
Brazil,BRA,2020,447999400
Brazil,BRA,2021,496562000
Brazil,BRA,2022,480058300
Brazil,BRA,2023,483991940
Brazil,BRA,2024,483011550
British Virgin Islands,VGB,2010,212512
British Virgin Islands,VGB,2011,208848
British Virgin Islands,VGB,2012,208848
British Virgin Islands,VGB,2013,212512
British Virgin Islands,VGB,2014,216176
British Virgin Islands,VGB,2015,223504
British Virgin Islands,VGB,2016,227168
British Virgin Islands,VGB,2017,179536
British Virgin Islands,VGB,2018,157552
British Virgin Islands,VGB,2019,183200
British Virgin Islands,VGB,2020,179536
British Virgin Islands,VGB,2021,183200
British Virgin Islands,VGB,2022,185761
British Virgin Islands,VGB,2023,185385
British Virgin Islands,VGB,2024,192507
Brunei,BRN,2010,8017381.5
Brunei,BRN,2011,9555439
Brunei,BRN,2012,9499828
Brunei,BRN,2013,7626055
Brunei,BRN,2014,8830992
Brunei,BRN,2015,6933290
Brunei,BRN,2016,7632908
Brunei,BRN,2017,9309384
Brunei,BRN,2018,9341090
Brunei,BRN,2019,9564189
Brunei,BRN,2020,11157091
Brunei,BRN,2021,11708841
Brunei,BRN,2022,12237038
Brunei,BRN,2023,12502692
Brunei,BRN,2024,12052463
Bulgaria,BGR,2010,47815700
Bulgaria,BGR,2011,53120460
Bulgaria,BGR,2012,48276560
Bulgaria,BGR,2013,42582988
Bulgaria,BGR,2014,45169064
Bulgaria,BGR,2015,48127124
Bulgaria,BGR,2016,45343750
Bulgaria,BGR,2017,47445844
Bulgaria,BGR,2018,43503330
Bulgaria,BGR,2019,42194980
Bulgaria,BGR,2020,36571028
Bulgaria,BGR,2021,42365030
Bulgaria,BGR,2022,46931790
Bulgaria,BGR,2023,34500948
Bulgaria,BGR,2024,31621824
Burkina Faso,BFA,2010,1985076
Burkina Faso,BFA,2011,2149253
Burkina Faso,BFA,2012,2611586
Burkina Faso,BFA,2013,2808880
Burkina Faso,BFA,2014,2867520
Burkina Faso,BFA,2015,3743772
Burkina Faso,BFA,2016,3987637
Burkina Faso,BFA,2017,4621631
Burkina Faso,BFA,2018,5226246
Burkina Faso,BFA,2019,5618020
Burkina Faso,BFA,2020,5618088
Burkina Faso,BFA,2021,6328719
Burkina Faso,BFA,2022,6542194
Burkina Faso,BFA,2023,6308441
Burkina Faso,BFA,2024,6507663
Burundi,BDI,2010,333424
Burundi,BDI,2011,414032
Burundi,BDI,2012,392048
Burundi,BDI,2013,436016
Burundi,BDI,2014,355126
Burundi,BDI,2015,355408
Burundi,BDI,2016,428688
Burundi,BDI,2017,516498.03
Burundi,BDI,2018,645097
Burundi,BDI,2019,685168
Burundi,BDI,2020,739430
Burundi,BDI,2021,771677
Burundi,BDI,2022,877523
Burundi,BDI,2023,900716
Burundi,BDI,2024,916664
Cambodia,KHM,2010,5067388
Cambodia,KHM,2011,5271034
Cambodia,KHM,2012,5572352
Cambodia,KHM,2013,5625738
Cambodia,KHM,2014,6702344
Cambodia,KHM,2015,8186074.5
Cambodia,KHM,2016,10643550
Cambodia,KHM,2017,12087146
Cambodia,KHM,2018,13937509
Cambodia,KHM,2019,18626280
Cambodia,KHM,2020,20990796
Cambodia,KHM,2021,20775382
Cambodia,KHM,2022,20865134
Cambodia,KHM,2023,21411502
Cambodia,KHM,2024,21882690
Cameroon,CMR,2010,8383322
Cameroon,CMR,2011,8105278
Cameroon,CMR,2012,7607038
Cameroon,CMR,2013,7853181
Cameroon,CMR,2014,8775174
Cameroon,CMR,2015,9849951
Cameroon,CMR,2016,9964924
Cameroon,CMR,2017,9581728
Cameroon,CMR,2018,9843863
Cameroon,CMR,2019,9605290
Cameroon,CMR,2020,9716267
Cameroon,CMR,2021,9733522
Cameroon,CMR,2022,9792435
Cameroon,CMR,2023,9694864
Cameroon,CMR,2024,9631583
Canada,CAN,2010,554307460
Canada,CAN,2011,562832450
Canada,CAN,2012,561769540
Canada,CAN,2013,568589700
Canada,CAN,2014,564938240
Canada,CAN,2015,563002560
Canada,CAN,2016,553707000
Canada,CAN,2017,566660300
Canada,CAN,2018,575090750
Canada,CAN,2019,579007040
Canada,CAN,2020,524207940
Canada,CAN,2021,537478660
Canada,CAN,2022,547657660
Canada,CAN,2023,545478500
Canada,CAN,2024,533340100
Cape Verde,CPV,2010,556928
Cape Verde,CPV,2011,615552
Cape Verde,CPV,2012,501968.03
Cape Verde,CPV,2013,494640
Cape Verde,CPV,2014,490976
Cape Verde,CPV,2015,494640
Cape Verde,CPV,2016,531280
Cape Verde,CPV,2017,571584
Cape Verde,CPV,2018,571584
Cape Verde,CPV,2019,630208
Cape Verde,CPV,2020,520288
Cape Verde,CPV,2021,589904
Cape Verde,CPV,2022,597650
Cape Verde,CPV,2023,571493
Cape Verde,CPV,2024,593786
Central African Republic,CAF,2010,168544
Central African Republic,CAF,2011,153888
Central African Republic,CAF,2012,183200
Central African Republic,CAF,2013,102592
Central African Republic,CAF,2014,131904
Central African Republic,CAF,2015,194192
Central African Republic,CAF,2016,238160
Central African Republic,CAF,2017,285792
Central African Republic,CAF,2018,271136
Central African Republic,CAF,2019,311440
Central African Republic,CAF,2020,333424
Central African Republic,CAF,2021,366400
Central African Republic,CAF,2022,377392
Central African Republic,CAF,2023,389279
Central African Republic,CAF,2024,394681
Central America (GCP),,2010,171170270
Central America (GCP),,2011,171403460
Central America (GCP),,2012,170354480
Central America (GCP),,2013,170805330
Central America (GCP),,2014,173788690
Central America (GCP),,2015,181220500
Central America (GCP),,2016,175069170
Central America (GCP),,2017,169963400
Central America (GCP),,2018,170968080
Central America (GCP),,2019,179629760
Central America (GCP),,2020,154650460
Central America (GCP),,2021,171830540
Central America (GCP),,2022,178534670
Central America (GCP),,2023,181890290
Central America (GCP),,2024,185165940
Chad,TCD,2010,1236006
Chad,TCD,2011,1276613
Chad,TCD,2012,1746611
Chad,TCD,2013,2082161
Chad,TCD,2014,2182780
Chad,TCD,2015,2351874
Chad,TCD,2016,2381583
Chad,TCD,2017,2340762
Chad,TCD,2018,2383510
Chad,TCD,2019,2299785
Chad,TCD,2020,2356446
Chad,TCD,2021,2670142
Chad,TCD,2022,2800401
Chad,TCD,2023,2848394
Chad,TCD,2024,2831401
Chile,CHL,2010,71347480
Chile,CHL,2011,78071440
Chile,CHL,2012,79620890
Chile,CHL,2013,81733270
Chile,CHL,2014,77586210
Chile,CHL,2015,81778460
Chile,CHL,2016,84250500
Chile,CHL,2017,84134620
Chile,CHL,2018,84442640
Chile,CHL,2019,91977050
Chile,CHL,2020,80178220
Chile,CHL,2021,83630310
Chile,CHL,2022,85743784
Chile,CHL,2023,77604216
Chile,CHL,2024,78725544
China,CHN,2010,8610048000
China,CHN,2011,9520154000
China,CHN,2012,9767310000
China,CHN,2013,9942371000
China,CHN,2014,9976027000
China,CHN,2015,9858040000
China,CHN,2016,9748175000
China,CHN,2017,10000013000
China,CHN,2018,10346790000
China,CHN,2019,10713515000
China,CHN,2020,10896520000
China,CHN,2021,11284401000
China,CHN,2022,11711807000
China,CHN,2023,12172008000
China,CHN,2024,12289037000
Christmas Island,CXR,2010,0
Christmas Island,CXR,2011,0
Christmas Island,CXR,2012,0
Christmas Island,CXR,2013,0
Christmas Island,CXR,2014,0
Christmas Island,CXR,2015,0
Christmas Island,CXR,2016,0
Christmas Island,CXR,2017,0
Christmas Island,CXR,2018,0
Christmas Island,CXR,2019,0
Christmas Island,CXR,2020,0
Christmas Island,CXR,2021,0
Christmas Island,CXR,2022,0
Christmas Island,CXR,2023,0
Christmas Island,CXR,2024,0
Colombia,COL,2010,75431170
Colombia,COL,2011,75191390
Colombia,COL,2012,78674824
Colombia,COL,2013,86445096
Colombia,COL,2014,92041690
Colombia,COL,2015,91026590
Colombia,COL,2016,91582890
Colombia,COL,2017,83458820
Colombia,COL,2018,90810690
Colombia,COL,2019,98961910
Colombia,COL,2020,92305150
Colombia,COL,2021,103733530
Colombia,COL,2022,89436940
Colombia,COL,2023,89992344
Colombia,COL,2024,92659384
Comoros,COM,2010,161216
Comoros,COM,2011,142896
Comoros,COM,2012,153888
Comoros,COM,2013,183200
Comoros,COM,2014,164880
Comoros,COM,2015,179536
Comoros,COM,2016,205184
Comoros,COM,2017,263808
Comoros,COM,2018,285792
Comoros,COM,2019,311440
Comoros,COM,2020,370064
Comoros,COM,2021,498304
Comoros,COM,2022,531671
Comoros,COM,2023,542130
Comoros,COM,2024,551650
Congo,COG,2010,5499943
Congo,COG,2011,5046421
Congo,COG,2012,5018026
Congo,COG,2013,5890374
Congo,COG,2014,5471087
Congo,COG,2015,5636681
Congo,COG,2016,5727211
Congo,COG,2017,5650948
Congo,COG,2018,6544667
Congo,COG,2019,7293597
Congo,COG,2020,7677297
Congo,COG,2021,7392860
Congo,COG,2022,8727515
Congo,COG,2023,8274273
Congo,COG,2024,8839770
Cook Islands,COK,2010,69616
Cook Islands,COK,2011,76944
Cook Islands,COK,2012,80608
Cook Islands,COK,2013,80608
Cook Islands,COK,2014,80608
Cook Islands,COK,2015,76944
Cook Islands,COK,2016,76944
Cook Islands,COK,2017,76944
Cook Islands,COK,2018,76944
Cook Islands,COK,2019,80608
Cook Islands,COK,2020,65952
Cook Islands,COK,2021,73280
Cook Islands,COK,2022,76944
Cook Islands,COK,2023,76581
Cook Islands,COK,2024,80083
Costa Rica,CRI,2010,7461208
Costa Rica,CRI,2011,7276383
Costa Rica,CRI,2012,7216786
Costa Rica,CRI,2013,7583546
Costa Rica,CRI,2014,7701873
Costa Rica,CRI,2015,7352825
Costa Rica,CRI,2016,7828942
Costa Rica,CRI,2017,7986782
Costa Rica,CRI,2018,7966997
Costa Rica,CRI,2019,7660395
Costa Rica,CRI,2020,6754070
Costa Rica,CRI,2021,7665438
Costa Rica,CRI,2022,8010137.5
Costa Rica,CRI,2023,8472529
Costa Rica,CRI,2024,8760451
Cote d'Ivoire,CIV,2010,6224746
Cote d'Ivoire,CIV,2011,6523170
Cote d'Ivoire,CIV,2012,8540010
Cote d'Ivoire,CIV,2013,9679770
Cote d'Ivoire,CIV,2014,9903225
Cote d'Ivoire,CIV,2015,9554745
Cote d'Ivoire,CIV,2016,11979472
Cote d'Ivoire,CIV,2017,12001905
Cote d'Ivoire,CIV,2018,10415200
Cote d'Ivoire,CIV,2019,10538745
Cote d'Ivoire,CIV,2020,11018607
Cote d'Ivoire,CIV,2021,13665820
Cote d'Ivoire,CIV,2022,14504321
Cote d'Ivoire,CIV,2023,14052436
Cote d'Ivoire,CIV,2024,14828585
Croatia,HRV,2010,20978134
Croatia,HRV,2011,20614658
Croatia,HRV,2012,19050020
Croatia,HRV,2013,18401342
Croatia,HRV,2014,17649938
Croatia,HRV,2015,17793892
Croatia,HRV,2016,18079278
Croatia,HRV,2017,18713126
Croatia,HRV,2018,17694512
Croatia,HRV,2019,17820422
Croatia,HRV,2020,16870106
Croatia,HRV,2021,17402972
Croatia,HRV,2022,17585164
Croatia,HRV,2023,18467598
Croatia,HRV,2024,18464850
Cuba,CUB,2010,33041988
Cuba,CUB,2011,29075760
Cuba,CUB,2012,29475822
Cuba,CUB,2013,27893984
Cuba,CUB,2014,27366440
Cuba,CUB,2015,29091232
Cuba,CUB,2016,27772246
Cuba,CUB,2017,24559170
Cuba,CUB,2018,23019470
Cuba,CUB,2019,22486916
Cuba,CUB,2020,21280834
Cuba,CUB,2021,22548866
Cuba,CUB,2022,23258538
Cuba,CUB,2023,23470270
Cuba,CUB,2024,24440234
Curacao,CUW,2010,4033809.2
Curacao,CUW,2011,5146025
Curacao,CUW,2012,6287424
Curacao,CUW,2013,5932016
Curacao,CUW,2014,6796720
Curacao,CUW,2015,7331664
Curacao,CUW,2016,6203152
Curacao,CUW,2017,4968384
Curacao,CUW,2018,4323520
Curacao,CUW,2019,2396256
Curacao,CUW,2020,2007872.1
Curacao,CUW,2021,2139776
Curacao,CUW,2022,2209392
Curacao,CUW,2023,2204923
Curacao,CUW,2024,2289628
Cyprus,CYP,2010,8071821
Cyprus,CYP,2011,7792363
Cyprus,CYP,2012,7261668
Cyprus,CYP,2013,6578171
Cyprus,CYP,2014,6929789
Cyprus,CYP,2015,6952477
Cyprus,CYP,2016,7349926
Cyprus,CYP,2017,7469282
Cyprus,CYP,2018,7324203
Cyprus,CYP,2019,7324482
Cyprus,CYP,2020,6903173
Cyprus,CYP,2021,6950782
Cyprus,CYP,2022,7070778
Cyprus,CYP,2023,7188089
Cyprus,CYP,2024,7299328
Czechia,CZE,2010,117464090
Czechia,CZE,2011,115178136
Czechia,CZE,2012,111275540
Czechia,CZE,2013,106710090
Czechia,CZE,2014,104232570
Czechia,CZE,2015,104989704
Czechia,CZE,2016,106636424
Czechia,CZE,2017,107735540
Czechia,CZE,2018,106322056
Czechia,CZE,2019,100997496
Czechia,CZE,2020,91661460
Czechia,CZE,2021,96629410
Czechia,CZE,2022,95039670
Czechia,CZE,2023,83232250
Czechia,CZE,2024,75623000
Democratic Republic of Congo,COD,2010,2735413
Democratic Republic of Congo,COD,2011,3041045
Democratic Republic of Congo,COD,2012,2797330
Democratic Republic of Congo,COD,2013,3921089
Democratic Republic of Congo,COD,2014,5065957
Democratic Republic of Congo,COD,2015,3274380
Democratic Republic of Congo,COD,2016,2659404
Democratic Republic of Congo,COD,2017,2920246
Democratic Republic of Congo,COD,2018,3774205
Democratic Republic of Congo,COD,2019,4118092
Democratic Republic of Congo,COD,2020,4304789
Democratic Republic of Congo,COD,2021,4292237
Democratic Republic of Congo,COD,2022,5892366
Democratic Republic of Congo,COD,2023,5881086
Democratic Republic of Congo,COD,2024,5904451
Denmark,DNK,2010,49189692
Denmark,DNK,2011,44236864
Denmark,DNK,2012,39861260
Denmark,DNK,2013,41763010
Denmark,DNK,2014,37571384
Denmark,DNK,2015,35110572
Denmark,DNK,2016,36916560
Denmark,DNK,2017,34664620
Denmark,DNK,2018,34608956
Denmark,DNK,2019,30950284
Denmark,DNK,2020,28299676
Denmark,DNK,2021,29603524
Denmark,DNK,2022,29094320
Denmark,DNK,2023,28831184
Denmark,DNK,2024,28369162
Djibouti,DJI,2010,516623.97
Djibouti,DJI,2011,315104
Djibouti,DJI,2012,293120
Djibouti,DJI,2013,380818
Djibouti,DJI,2014,417618
Djibouti,DJI,2015,504921.03
Djibouti,DJI,2016,427766
Djibouti,DJI,2017,413743
Djibouti,DJI,2018,471518
Djibouti,DJI,2019,540217
Djibouti,DJI,2020,463062
Djibouti,DJI,2021,557615
Djibouti,DJI,2022,550390
Djibouti,DJI,2023,557559
Djibouti,DJI,2024,564084
Dominica,DMA,2010,168544
Dominica,DMA,2011,150224
Dominica,DMA,2012,164880
Dominica,DMA,2013,157552
Dominica,DMA,2014,168544
Dominica,DMA,2015,175872
Dominica,DMA,2016,172208
Dominica,DMA,2017,153888
Dominica,DMA,2018,164880
Dominica,DMA,2019,172208
Dominica,DMA,2020,157552
Dominica,DMA,2021,161216
Dominica,DMA,2022,164871
Dominica,DMA,2023,164537
Dominica,DMA,2024,170858
Dominican Republic,DOM,2010,20445240
Dominican Republic,DOM,2011,20922328
Dominican Republic,DOM,2012,20902876
Dominican Republic,DOM,2013,20841604
Dominican Republic,DOM,2014,21264210
Dominican Republic,DOM,2015,22986128
Dominican Republic,DOM,2016,24140366
Dominican Republic,DOM,2017,23455196
Dominican Republic,DOM,2018,25203124
Dominican Republic,DOM,2019,28471104
Dominican Republic,DOM,2020,26227630
Dominican Republic,DOM,2021,29362702
Dominican Republic,DOM,2022,31224796
Dominican Republic,DOM,2023,31828554
Dominican Republic,DOM,2024,33130818
East Timor,TLS,2010,313134
East Timor,TLS,2011,433890
East Timor,TLS,2012,591295
East Timor,TLS,2013,619966
East Timor,TLS,2014,627080
East Timor,TLS,2015,590431
East Timor,TLS,2016,642966
East Timor,TLS,2017,692847
East Timor,TLS,2018,617024
East Timor,TLS,2019,675431
East Timor,TLS,2020,646107
East Timor,TLS,2021,620168
East Timor,TLS,2022,669585
East Timor,TLS,2023,636717
East Timor,TLS,2024,668112
Ecuador,ECU,2010,36469476
Ecuador,ECU,2011,38480370
Ecuador,ECU,2012,37492764
Ecuador,ECU,2013,39684920
Ecuador,ECU,2014,43759816
Ecuador,ECU,2015,41297732
Ecuador,ECU,2016,39374516
Ecuador,ECU,2017,39195870
Ecuador,ECU,2018,38451190
Ecuador,ECU,2019,40082630
Ecuador,ECU,2020,32473266
Ecuador,ECU,2021,38184976
Ecuador,ECU,2022,42065652
Ecuador,ECU,2023,44599590
Ecuador,ECU,2024,45979548
Egypt,EGY,2010,202704240
Egypt,EGY,2011,221675060
Egypt,EGY,2012,212524460
Egypt,EGY,2013,219086560
Egypt,EGY,2014,227254100
Egypt,EGY,2015,226653970
Egypt,EGY,2016,245163580
Egypt,EGY,2017,253363890
Egypt,EGY,2018,241903180
Egypt,EGY,2019,234060160
Egypt,EGY,2020,246323300
Egypt,EGY,2021,266838990
Egypt,EGY,2022,249898670
Egypt,EGY,2023,250230190
Egypt,EGY,2024,258367860
El Salvador,SLV,2010,6286846
El Salvador,SLV,2011,6466690
El Salvador,SLV,2012,6436425
El Salvador,SLV,2013,6058055
El Salvador,SLV,2014,6120198
El Salvador,SLV,2015,6637128
El Salvador,SLV,2016,6572031
El Salvador,SLV,2017,5941629
El Salvador,SLV,2018,6452162
El Salvador,SLV,2019,7634155
El Salvador,SLV,2020,6134854
El Salvador,SLV,2021,6976691
El Salvador,SLV,2022,7912706
El Salvador,SLV,2023,8669882
El Salvador,SLV,2024,8972291
Equatorial Guinea,GNQ,2010,6376580
Equatorial Guinea,GNQ,2011,6066920
Equatorial Guinea,GNQ,2012,6875031
Equatorial Guinea,GNQ,2013,8168394
Equatorial Guinea,GNQ,2014,7641309
Equatorial Guinea,GNQ,2015,7009905
Equatorial Guinea,GNQ,2016,7537713
Equatorial Guinea,GNQ,2017,6815631
Equatorial Guinea,GNQ,2018,7034368
Equatorial Guinea,GNQ,2019,5513671
Equatorial Guinea,GNQ,2020,6389506
Equatorial Guinea,GNQ,2021,7087588
Equatorial Guinea,GNQ,2022,7496825
Equatorial Guinea,GNQ,2023,6913363
Equatorial Guinea,GNQ,2024,7010352
Eritrea,ERI,2010,468025
Eritrea,ERI,2011,577818
Eritrea,ERI,2012,608229
Eritrea,ERI,2013,569510
Eritrea,ERI,2014,569107
Eritrea,ERI,2015,557483
Eritrea,ERI,2016,554366
Eritrea,ERI,2017,553397
Eritrea,ERI,2018,616135
Eritrea,ERI,2019,644580
Eritrea,ERI,2020,640911
Eritrea,ERI,2021,681637
Eritrea,ERI,2022,718277
Eritrea,ERI,2023,731035
Eritrea,ERI,2024,742647
Estonia,EST,2010,18964736
Estonia,EST,2011,18948026
Estonia,EST,2012,17761414
Estonia,EST,2013,19633820
Estonia,EST,2014,18783952
Estonia,EST,2015,15779627
Estonia,EST,2016,17432910
Estonia,EST,2017,18616038
Estonia,EST,2018,17800688
Estonia,EST,2019,12288094
Estonia,EST,2020,9198245
Estonia,EST,2021,10390915
Estonia,EST,2022,11966227
Estonia,EST,2023,8744257
Estonia,EST,2024,8306777
Eswatini,SWZ,2010,996608
Eswatini,SWZ,2011,959968
Eswatini,SWZ,2012,1110192
Eswatini,SWZ,2013,1315376
Eswatini,SWZ,2014,762112
Eswatini,SWZ,2015,850048
Eswatini,SWZ,2016,1022256
Eswatini,SWZ,2017,970960
Eswatini,SWZ,2018,1014928
Eswatini,SWZ,2019,1099200
Eswatini,SWZ,2020,989280
Eswatini,SWZ,2021,989280
Eswatini,SWZ,2022,1028234.94
Eswatini,SWZ,2023,1029613
Eswatini,SWZ,2024,1044644
Ethiopia,ETH,2010,6344199
Ethiopia,ETH,2011,7354848
Ethiopia,ETH,2012,7988425
Ethiopia,ETH,2013,9743711
Ethiopia,ETH,2014,11543205
Ethiopia,ETH,2015,12563614
Ethiopia,ETH,2016,14323219
Ethiopia,ETH,2017,14602656
Ethiopia,ETH,2018,16117197
Ethiopia,ETH,2019,17177142
Ethiopia,ETH,2020,16735016
Ethiopia,ETH,2021,17905590
Ethiopia,ETH,2022,16959748
Ethiopia,ETH,2023,17570662
Ethiopia,ETH,2024,17837292
Europe,OWID_EUR,2010,6117359600
Europe,OWID_EUR,2011,6044340700
Europe,OWID_EUR,2012,5998598700
Europe,OWID_EUR,2013,5840099000
Europe,OWID_EUR,2014,5609139000
Europe,OWID_EUR,2015,5613445600
Europe,OWID_EUR,2016,5598046700
Europe,OWID_EUR,2017,5632420000
Europe,OWID_EUR,2018,5613847600
Europe,OWID_EUR,2019,5437201400
Europe,OWID_EUR,2020,5025675300
Europe,OWID_EUR,2021,5265446400
Europe,OWID_EUR,2022,5095635000
Europe,OWID_EUR,2023,4887137300
Europe,OWID_EUR,2024,4880514000
Europe (GCP),,2010,6117359000
Europe (GCP),,2011,6044340700
Europe (GCP),,2012,5998598000
Europe (GCP),,2013,5840099000
Europe (GCP),,2014,5609139700
Europe (GCP),,2015,5613445600
Europe (GCP),,2016,5598046700
Europe (GCP),,2017,5632420000
Europe (GCP),,2018,5613847600
Europe (GCP),,2019,5437201400
Europe (GCP),,2020,5025676000
Europe (GCP),,2021,5265446400
Europe (GCP),,2022,5095634400
Europe (GCP),,2023,4887137300
Europe (GCP),,2024,4880514000
Europe (excl. EU-27),,2010,2693033000
Europe (excl. EU-27),,2011,2717281800
Europe (excl. EU-27),,2012,2739982000
Europe (excl. EU-27),,2013,2663570000
Europe (excl. EU-27),,2014,2570278400
Europe (excl. EU-27),,2015,2518539000
Europe (excl. EU-27),,2016,2503531500
Europe (excl. EU-27),,2017,2513960000
Europe (excl. EU-27),,2018,2564363800
Europe (excl. EU-27),,2019,2532252200
Europe (excl. EU-27),,2020,2398624000
Europe (excl. EU-27),,2021,2463977700
Europe (excl. EU-27),,2022,2358689000
Europe (excl. EU-27),,2023,2402140400
Europe (excl. EU-27),,2024,2454348300
Europe (excl. EU-28),,2010,2181128200
Europe (excl. EU-28),,2011,2247568400
Europe (excl. EU-28),,2012,2252505300
Europe (excl. EU-28),,2013,2185958700
Europe (excl. EU-28),,2014,2131471200
Europe (excl. EU-28),,2015,2096078300
Europe (excl. EU-28),,2016,2104101200
Europe (excl. EU-28),,2017,2126592900
Europe (excl. EU-28),,2018,2184633900
Europe (excl. EU-28),,2019,2167499000
Europe (excl. EU-28),,2020,2072360800
Europe (excl. EU-28),,2021,2121612200
Europe (excl. EU-28),,2022,2047571000
Europe (excl. EU-28),,2023,2094314400
Europe (excl. EU-28),,2024,2141442700
European Union (27),OWID_EU27,2010,3424326700
European Union (27),OWID_EU27,2011,3327058700
European Union (27),OWID_EU27,2012,3258616300
European Union (27),OWID_EU27,2013,3176529000
European Union (27),OWID_EU27,2014,3038861300
European Union (27),OWID_EU27,2015,3094906600
European Union (27),OWID_EU27,2016,3094515500
European Union (27),OWID_EU27,2017,3118460000
European Union (27),OWID_EU27,2018,3049483800
European Union (27),OWID_EU27,2019,2904949200
European Union (27),OWID_EU27,2020,2627051300
European Union (27),OWID_EU27,2021,2801469000
European Union (27),OWID_EU27,2022,2736946000
European Union (27),OWID_EU27,2023,2484996600
European Union (27),OWID_EU27,2024,2426166000
European Union (28),,2010,3936231400
European Union (28),,2011,3796772000
European Union (28),,2012,3746093000
European Union (28),,2013,3654140200
European Union (28),,2014,3477668400
European Union (28),,2015,3517367600
European Union (28),,2016,3493945600
European Union (28),,2017,3505827000
European Union (28),,2018,3429213700
European Union (28),,2019,3269702700
European Union (28),,2020,2953314600
European Union (28),,2021,3143834600
European Union (28),,2022,3048064000
European Union (28),,2023,2792822800
European Union (28),,2024,2739071500
Faroe Islands,FRO,2010,626544
Faroe Islands,FRO,2011,564256
Faroe Islands,FRO,2012,593568
Faroe Islands,FRO,2013,648528
Faroe Islands,FRO,2014,597232
Faroe Islands,FRO,2015,608224
Faroe Islands,FRO,2016,626544
Faroe Islands,FRO,2017,703488
Faroe Islands,FRO,2018,725472
Faroe Islands,FRO,2019,740128
Faroe Islands,FRO,2020,758448
Faroe Islands,FRO,2021,784096
Faroe Islands,FRO,2022,722922
Faroe Islands,FRO,2023,713659
Faroe Islands,FRO,2024,725388
Fiji,FJI,2010,1029584.06
Fiji,FJI,2011,930656
Fiji,FJI,2012,908672
Fiji,FJI,2013,1036911.94
Fiji,FJI,2014,1179808
Fiji,FJI,2015,1461936
Fiji,FJI,2016,1344688
Fiji,FJI,2017,1454608
Fiji,FJI,2018,1480256
Fiji,FJI,2019,1509456
Fiji,FJI,2020,1370240
Fiji,FJI,2021,1088327
Fiji,FJI,2022,1388656
Fiji,FJI,2023,1382096
Fiji,FJI,2024,1445316
Finland,FIN,2010,64092004
Finland,FIN,2011,56646000
Finland,FIN,2012,51154000
Finland,FIN,2013,51719000
Finland,FIN,2014,47622000
Finland,FIN,2015,44192000
Finland,FIN,2016,47252000
Finland,FIN,2017,44657000
Finland,FIN,2018,45736000
Finland,FIN,2019,42444000
Finland,FIN,2020,37720000
Finland,FIN,2021,37820000
Finland,FIN,2022,36337000
Finland,FIN,2023,31799000
Finland,FIN,2024,29775000
France,FRA,2010,377079400
France,FRA,2011,355126820
France,FRA,2012,358100260
France,FRA,2013,360013340
France,FRA,2014,327808770
France,FRA,2015,332131000
France,FRA,2016,335496400
France,FRA,2017,338368030
France,FRA,2018,323101730
France,FRA,2019,316320800
France,FRA,2020,281515500
France,FRA,2021,307271840
France,FRA,2022,295303800
France,FRA,2023,270262660
France,FRA,2024,264155620
French Polynesia,PYF,2010,923328
French Polynesia,PYF,2011,883024
French Polynesia,PYF,2012,875696
French Polynesia,PYF,2013,883024
French Polynesia,PYF,2014,850048
French Polynesia,PYF,2015,846384
French Polynesia,PYF,2016,868368
French Polynesia,PYF,2017,875696
French Polynesia,PYF,2018,879360
French Polynesia,PYF,2019,890352
French Polynesia,PYF,2020,831728
French Polynesia,PYF,2021,868368
French Polynesia,PYF,2022,886688
French Polynesia,PYF,2023,882500
French Polynesia,PYF,2024,922867
Gabon,GAB,2010,5528293
Gabon,GAB,2011,5446851
Gabon,GAB,2012,5016169
Gabon,GAB,2013,5190347
Gabon,GAB,2014,5663490
Gabon,GAB,2015,5772070
Gabon,GAB,2016,5613028
Gabon,GAB,2017,5500517
Gabon,GAB,2018,5563362
Gabon,GAB,2019,5607272
Gabon,GAB,2020,5636101
Gabon,GAB,2021,5545125
Gabon,GAB,2022,5783253
Gabon,GAB,2023,5320944
Gabon,GAB,2024,5398794
Gambia,GMB,2010,432352
Gambia,GMB,2011,443344
Gambia,GMB,2012,450672
Gambia,GMB,2013,428688
Gambia,GMB,2014,505631.97
Gambia,GMB,2015,582576
Gambia,GMB,2016,589904
Gambia,GMB,2017,597232
Gambia,GMB,2018,648528
Gambia,GMB,2019,710816
Gambia,GMB,2020,699824
Gambia,GMB,2021,725472
Gambia,GMB,2022,807998
Gambia,GMB,2023,772635
Gambia,GMB,2024,802774
Georgia,GEO,2010,6289892
Georgia,GEO,2011,7814204
Georgia,GEO,2012,8293624
Georgia,GEO,2013,8028035
Georgia,GEO,2014,9058119
Georgia,GEO,2015,9790616
Georgia,GEO,2016,10042935
Georgia,GEO,2017,10059788
Georgia,GEO,2018,9888335
Georgia,GEO,2019,10517087
Georgia,GEO,2020,10377979
Georgia,GEO,2021,10749759
Georgia,GEO,2022,11999864
Georgia,GEO,2023,11922203
Georgia,GEO,2024,11784258
Germany,DEU,2010,826704700
Germany,DEU,2011,804541600
Germany,DEU,2012,814093000
Germany,DEU,2013,831745540
Germany,DEU,2014,792583600
Germany,DEU,2015,800822500
Germany,DEU,2016,797988300
Germany,DEU,2017,784595140
Germany,DEU,2018,758771400
Germany,DEU,2019,708648960
Germany,DEU,2020,647176800
Germany,DEU,2021,677997700
Germany,DEU,2022,667843000
Germany,DEU,2023,593766000
Germany,DEU,2024,572319170
Ghana,GHA,2010,8942513
Ghana,GHA,2011,10328553
Ghana,GHA,2012,12640586
Ghana,GHA,2013,12609988
Ghana,GHA,2014,13256576
Ghana,GHA,2015,14568119
Ghana,GHA,2016,13913649
Ghana,GHA,2017,12437270
Ghana,GHA,2018,15189658
Ghana,GHA,2019,16415195
Ghana,GHA,2020,19164054
Ghana,GHA,2021,20556058
Ghana,GHA,2022,20745210
Ghana,GHA,2023,20135648
Ghana,GHA,2024,21021874
Greece,GRC,2010,97354140
Greece,GRC,2011,94505224
Greece,GRC,2012,91392590
Greece,GRC,2013,81713256
Greece,GRC,2014,78635700
Greece,GRC,2015,74926664
Greece,GRC,2016,71359610
Greece,GRC,2017,74841750
Greece,GRC,2018,71778090
Greece,GRC,2019,65736330
Greece,GRC,2020,55576930
Greece,GRC,2021,57527910
Greece,GRC,2022,57609050
Greece,GRC,2023,51988224
Greece,GRC,2024,53360840
Greenland,GRL,2010,660705
Greenland,GRL,2011,705100
Greenland,GRL,2012,547020
Greenland,GRL,2013,562200
Greenland,GRL,2014,502506.97
Greenland,GRL,2015,547600
Greenland,GRL,2016,509199.97
Greenland,GRL,2017,535903
Greenland,GRL,2018,523740
Greenland,GRL,2019,526130
Greenland,GRL,2020,549509
Greenland,GRL,2021,546354
Greenland,GRL,2022,587201
Greenland,GRL,2023,608955
Greenland,GRL,2024,618963
Grenada,GRD,2010,256480.02
Grenada,GRD,2011,249152
Grenada,GRD,2012,267472
Grenada,GRD,2013,300448
Grenada,GRD,2014,241824
Grenada,GRD,2015,260144
Grenada,GRD,2016,274800
Grenada,GRD,2017,293120
Grenada,GRD,2018,307776
Grenada,GRD,2019,333424
Grenada,GRD,2020,289456
Grenada,GRD,2021,311440
Grenada,GRD,2022,342393
Grenada,GRD,2023,362973
Grenada,GRD,2024,376971
Guatemala,GTM,2010,10817142
Guatemala,GTM,2011,10979266
Guatemala,GTM,2012,11346780
Guatemala,GTM,2013,12493455
Guatemala,GTM,2014,13424808
Guatemala,GTM,2015,15449177
Guatemala,GTM,2016,16523710
Guatemala,GTM,2017,16992724
Guatemala,GTM,2018,18338418
Guatemala,GTM,2019,19258856
Guatemala,GTM,2020,17156898
Guatemala,GTM,2021,19984124
Guatemala,GTM,2022,18913354
Guatemala,GTM,2023,19736068
Guatemala,GTM,2024,19880430
Guinea,GIN,2010,2458544
Guinea,GIN,2011,2557472
Guinea,GIN,2012,2392592
Guinea,GIN,2013,2077488
Guinea,GIN,2014,2370608
Guinea,GIN,2015,2454399
Guinea,GIN,2016,2699814
Guinea,GIN,2017,4847472
Guinea,GIN,2018,3770256
Guinea,GIN,2019,4104165
Guinea,GIN,2020,4430248
Guinea,GIN,2021,4067529.2
Guinea,GIN,2022,4052384
Guinea,GIN,2023,3875027
Guinea,GIN,2024,4026185
Guinea-Bissau,GNB,2010,102592
Guinea-Bissau,GNB,2011,109920
Guinea-Bissau,GNB,2012,113584
Guinea-Bissau,GNB,2013,142896
Guinea-Bissau,GNB,2014,142896
Guinea-Bissau,GNB,2015,153888
Guinea-Bissau,GNB,2016,168544
Guinea-Bissau,GNB,2017,183200
Guinea-Bissau,GNB,2018,197856
Guinea-Bissau,GNB,2019,256480.02
Guinea-Bissau,GNB,2020,311440
Guinea-Bissau,GNB,2021,340752
Guinea-Bissau,GNB,2022,344416
Guinea-Bissau,GNB,2023,329342
Guinea-Bissau,GNB,2024,342189
Guyana,GUY,2010,1883296
Guyana,GUY,2011,1956576
Guyana,GUY,2012,1956576
Guyana,GUY,2013,1901616
Guyana,GUY,2014,1974896
Guyana,GUY,2015,1963904
Guyana,GUY,2016,2209158
Guyana,GUY,2017,2158096
Guyana,GUY,2018,2319312
Guyana,GUY,2019,2645206
Guyana,GUY,2020,3100269
Guyana,GUY,2021,2932778
Guyana,GUY,2022,4396635
Guyana,GUY,2023,4378933
Guyana,GUY,2024,4510330
Haiti,HTI,2010,2129435
Haiti,HTI,2011,2271659
Haiti,HTI,2012,2262254
Haiti,HTI,2013,2703215
Haiti,HTI,2014,2698433
Haiti,HTI,2015,2654465
Haiti,HTI,2016,2976897
Haiti,HTI,2017,3133482
Haiti,HTI,2018,3400954
Haiti,HTI,2019,3118826
Haiti,HTI,2020,3265386
Haiti,HTI,2021,3507210
Haiti,HTI,2022,2870341
Haiti,HTI,2023,2864751
Haiti,HTI,2024,2970693
High-income countries,OWID_HIC,2010,15713740000
High-income countries,OWID_HIC,2011,15608247000
High-income countries,OWID_HIC,2012,15520974000
High-income countries,OWID_HIC,2013,15485766000
High-income countries,OWID_HIC,2014,15294128000
High-income countries,OWID_HIC,2015,15215525000
High-income countries,OWID_HIC,2016,15070386000
High-income countries,OWID_HIC,2017,15069183000
High-income countries,OWID_HIC,2018,15204227000
High-income countries,OWID_HIC,2019,14916665000
High-income countries,OWID_HIC,2020,13694959000
High-income countries,OWID_HIC,2021,14370719000
High-income countries,OWID_HIC,2022,14274797000
High-income countries,OWID_HIC,2023,13890804000
High-income countries,OWID_HIC,2024,13867993000
Honduras,HND,2010,8106538
Honduras,HND,2011,8856650
Honduras,HND,2012,9108358
Honduras,HND,2013,9328258
Honduras,HND,2014,9503222
Honduras,HND,2015,10897808
Honduras,HND,2016,9938747
Honduras,HND,2017,10197924
Honduras,HND,2018,9876190
Honduras,HND,2019,10962543
Honduras,HND,2020,9976783
Honduras,HND,2021,11059747
Honduras,HND,2022,11742019
Honduras,HND,2023,12404354
Honduras,HND,2024,12854842
Hong Kong,HKG,2010,40062904
Hong Kong,HKG,2011,43149716
Hong Kong,HKG,2012,42738400
Hong Kong,HKG,2013,44310496
Hong Kong,HKG,2014,45491750
Hong Kong,HKG,2015,42403520
Hong Kong,HKG,2016,43365844
Hong Kong,HKG,2017,42431172
Hong Kong,HKG,2018,42597024
Hong Kong,HKG,2019,41896590
Hong Kong,HKG,2020,33512996
Hong Kong,HKG,2021,33636996
Hong Kong,HKG,2022,30763800
Hong Kong,HKG,2023,32957054
Hong Kong,HKG,2024,33323918
Hungary,HUN,2010,51992716
Hungary,HUN,2011,50156010
Hungary,HUN,2012,46720180
Hungary,HUN,2013,43486532
Hungary,HUN,2014,43638876
Hungary,HUN,2015,46566910
Hungary,HUN,2016,47039120
Hungary,HUN,2017,49423524
Hungary,HUN,2018,49366230
Hungary,HUN,2019,49158950
Hungary,HUN,2020,47105320
Hungary,HUN,2021,48326284
Hungary,HUN,2022,45267340
Hungary,HUN,2023,40343864
Hungary,HUN,2024,40017292
Iceland,ISL,2010,3626637
Iceland,ISL,2011,3503479
Iceland,ISL,2012,3499153
Iceland,ISL,2013,3488797
Iceland,ISL,2014,3445281
Iceland,ISL,2015,3541014
Iceland,ISL,2016,3493663
Iceland,ISL,2017,3610949
Iceland,ISL,2018,3665355
Iceland,ISL,2019,3552640
Iceland,ISL,2020,3338906
Iceland,ISL,2021,3490635
Iceland,ISL,2022,3597685
Iceland,ISL,2023,3508235
Iceland,ISL,2024,3803011
India,IND,2010,1678529500
India,IND,2011,1765694800
India,IND,2012,1926986400
India,IND,2013,1995337200
India,IND,2014,2148052000
India,IND,2015,2231817500
India,IND,2016,2352540200
India,IND,2017,2425721900
India,IND,2018,2595227100
India,IND,2019,2611174700
India,IND,2020,2422732000
India,IND,2021,2675778000
India,IND,2022,2831131600
India,IND,2023,3062756400
India,IND,2024,3193478100
Indonesia,IDN,2010,445370080
Indonesia,IDN,2011,500457660
Indonesia,IDN,2012,515769600
Indonesia,IDN,2013,493435140
Indonesia,IDN,2014,498028800
Indonesia,IDN,2015,551160060
Indonesia,IDN,2016,547968900
Indonesia,IDN,2017,570928200
Indonesia,IDN,2018,607378370
Indonesia,IDN,2019,665049340
Indonesia,IDN,2020,623304000
Indonesia,IDN,2021,632946050
Indonesia,IDN,2022,758020500
Indonesia,IDN,2023,762357570
Indonesia,IDN,2024,812220200
International aviation,,2010,448827100
International aviation,,2011,466315550
International aviation,,2012,480940130
International aviation,,2013,494791970
International aviation,,2014,494140770
International aviation,,2015,514843680
International aviation,,2016,536873700
International aviation,,2017,555844740
International aviation,,2018,593353150
International aviation,,2019,597521500
International aviation,,2020,258859520
International aviation,,2021,281428900
International aviation,,2022,407078460
International aviation,,2023,501515680
International aviation,,2024,569039300
International shipping,,2010,623204740
International shipping,,2011,639740500
International shipping,,2012,613153000
International shipping,,2013,615403650
International shipping,,2014,621706050
International shipping,,2015,637774850
International shipping,,2016,632205440
International shipping,,2017,645270700
International shipping,,2018,643022460
International shipping,,2019,642052540
International shipping,,2020,580691200
International shipping,,2021,597654400
International shipping,,2022,558590600
International shipping,,2023,581238100
International shipping,,2024,623424500
Iran,IRN,2010,561496060
Iran,IRN,2011,576365700
Iran,IRN,2012,599278340
Iran,IRN,2013,609996540
Iran,IRN,2014,644227600
Iran,IRN,2015,641958700
Iran,IRN,2016,644680500
Iran,IRN,2017,696407500
Iran,IRN,2018,664523260
Iran,IRN,2019,727268540
Iran,IRN,2020,745595800
Iran,IRN,2021,779525250
Iran,IRN,2022,767178500
Iran,IRN,2023,789675840
Iran,IRN,2024,792631200
Iraq,IRQ,2010,113983430
Iraq,IRQ,2011,123525610
Iraq,IRQ,2012,134039550
Iraq,IRQ,2013,141704380
Iraq,IRQ,2014,137512700
Iraq,IRQ,2015,142530000
Iraq,IRQ,2016,153132140
Iraq,IRQ,2017,167472350
Iraq,IRQ,2018,186156450
Iraq,IRQ,2019,191777620
Iraq,IRQ,2020,172098030
Iraq,IRQ,2021,193115150
Iraq,IRQ,2022,217643900
Iraq,IRQ,2023,227909700
Iraq,IRQ,2024,233635500
Ireland,IRL,2010,41790900
Ireland,IRL,2011,38054388
Ireland,IRL,2012,38223920
Ireland,IRL,2013,37278704
Ireland,IRL,2014,36849876
Ireland,IRL,2015,38715396
Ireland,IRL,2016,40369024
Ireland,IRL,2017,39040450
Ireland,IRL,2018,38922364
Ireland,IRL,2019,37199836
Ireland,IRL,2020,35052570
Ireland,IRL,2021,37473684
Ireland,IRL,2022,36675670
Ireland,IRL,2023,33567940
Ireland,IRL,2024,33310624
Israel,ISR,2010,68286904
Israel,ISR,2011,68594740
Israel,ISR,2012,74781190
Israel,ISR,2013,63095308
Israel,ISR,2014,60278816
Israel,ISR,2015,62935624
Israel,ISR,2016,61164350
Israel,ISR,2017,58849100
Israel,ISR,2018,59985932
Israel,ISR,2019,58950148
Israel,ISR,2020,59285372
Israel,ISR,2021,58950084
Israel,ISR,2022,62267304
Israel,ISR,2023,55381996
Israel,ISR,2024,52637136
Italy,ITA,2010,435672030
Italy,ITA,2011,423897120
Italy,ITA,2012,403443520
Italy,ITA,2013,369460540
Italy,ITA,2014,349388960
Italy,ITA,2015,361243700
Italy,ITA,2016,358133150
Italy,ITA,2017,352666240
Italy,ITA,2018,349048350
Italy,ITA,2019,339637950
Italy,ITA,2020,302600100
Italy,ITA,2021,335930430
Italy,ITA,2022,340114720
Italy,ITA,2023,312290660
Italy,ITA,2024,301929760
Jamaica,JAM,2010,7677295
Jamaica,JAM,2011,8226292.5
Jamaica,JAM,2012,7887181
Jamaica,JAM,2013,8466728
Jamaica,JAM,2014,7675470
Jamaica,JAM,2015,7966219
Jamaica,JAM,2016,8134120
Jamaica,JAM,2017,7768234
Jamaica,JAM,2018,8060650
Jamaica,JAM,2019,9439483
Jamaica,JAM,2020,6865834
Jamaica,JAM,2021,7312535
Jamaica,JAM,2022,7907611
Jamaica,JAM,2023,8068915.5
Jamaica,JAM,2024,8401763
Japan,JPN,2010,1211090300
Japan,JPN,2011,1261180500
Japan,JPN,2012,1302112500
Japan,JPN,2013,1311875600
Japan,JPN,2014,1260272400
Japan,JPN,2015,1219982500
Japan,JPN,2016,1199932900
Japan,JPN,2017,1184391700
Japan,JPN,2018,1138549800
Japan,JPN,2019,1102063000
Japan,JPN,2020,1037284700
Japan,JPN,2021,1058501800
Japan,JPN,2022,1029644900
Japan,JPN,2023,986910140
Japan,JPN,2024,961867300
Jordan,JOR,2010,20838342
Jordan,JOR,2011,21409422
Jordan,JOR,2012,24069098
Jordan,JOR,2013,24060996
Jordan,JOR,2014,26164846
Jordan,JOR,2015,25799390
Jordan,JOR,2016,24949460
Jordan,JOR,2017,26079932
Jordan,JOR,2018,25419166
Jordan,JOR,2019,24569784
Jordan,JOR,2020,20621556
Jordan,JOR,2021,21190126
Jordan,JOR,2022,22427682
Jordan,JOR,2023,23119264
Jordan,JOR,2024,23219138
Kazakhstan,KAZ,2010,248092770
Kazakhstan,KAZ,2011,238156960
Kazakhstan,KAZ,2012,245262910
Kazakhstan,KAZ,2013,253532740
Kazakhstan,KAZ,2014,299137340
Kazakhstan,KAZ,2015,303052300
Kazakhstan,KAZ,2016,301738800
Kazakhstan,KAZ,2017,317720420
Kazakhstan,KAZ,2018,329572130
Kazakhstan,KAZ,2019,296039600
Kazakhstan,KAZ,2020,281789200
Kazakhstan,KAZ,2021,244903710
Kazakhstan,KAZ,2022,274345570
Kazakhstan,KAZ,2023,286174900
Kazakhstan,KAZ,2024,287005950
Kenya,KEN,2010,11856819
Kenya,KEN,2011,12217645
Kenya,KEN,2012,11245819
Kenya,KEN,2013,12162930
Kenya,KEN,2014,13214406
Kenya,KEN,2015,15212208
Kenya,KEN,2016,16288698
Kenya,KEN,2017,16181103
Kenya,KEN,2018,17002858
Kenya,KEN,2019,18158882
Kenya,KEN,2020,19989572
Kenya,KEN,2021,20589818
Kenya,KEN,2022,20544366
Kenya,KEN,2023,21185722
Kenya,KEN,2024,21225434
Kiribati,KIR,2010,58624
Kiribati,KIR,2011,54960
Kiribati,KIR,2012,54960
Kiribati,KIR,2013,54960
Kiribati,KIR,2014,54960
Kiribati,KIR,2015,58624
Kiribati,KIR,2016,54960
Kiribati,KIR,2017,69616
Kiribati,KIR,2018,69616
Kiribati,KIR,2019,69616
Kiribati,KIR,2020,69616
Kiribati,KIR,2021,69616
Kiribati,KIR,2022,69616
Kiribati,KIR,2023,69287
Kiribati,KIR,2024,72456
Kosovo,OWID_KOS,2010,8354617
Kosovo,OWID_KOS,2011,8294393.5
Kosovo,OWID_KOS,2012,7847680
Kosovo,OWID_KOS,2013,7965702
Kosovo,OWID_KOS,2014,7129107
Kosovo,OWID_KOS,2015,8290589.5
Kosovo,OWID_KOS,2016,8793503
Kosovo,OWID_KOS,2017,8022662
Kosovo,OWID_KOS,2018,8044655
Kosovo,OWID_KOS,2019,8385858.5
Kosovo,OWID_KOS,2020,8451526
Kosovo,OWID_KOS,2021,8815831
Kosovo,OWID_KOS,2022,8569356
Kosovo,OWID_KOS,2023,8220213
Kosovo,OWID_KOS,2024,8049940
Kuwait,KWT,2010,89721000
Kuwait,KWT,2011,87150870
Kuwait,KWT,2012,101200580
Kuwait,KWT,2013,83046690
Kuwait,KWT,2014,74993736
Kuwait,KWT,2015,93317470
Kuwait,KWT,2016,104018830
Kuwait,KWT,2017,100010360
Kuwait,KWT,2018,102453010
Kuwait,KWT,2019,104654216
Kuwait,KWT,2020,90102610
Kuwait,KWT,2021,87868850
Kuwait,KWT,2022,115848890
Kuwait,KWT,2023,123168720
Kuwait,KWT,2024,129518650
Kuwaiti Oil Fires (GCP),,2010,0
Kuwaiti Oil Fires (GCP),,2011,0
Kuwaiti Oil Fires (GCP),,2012,0
Kuwaiti Oil Fires (GCP),,2013,0
Kuwaiti Oil Fires (GCP),,2014,0
Kuwaiti Oil Fires (GCP),,2015,0
Kuwaiti Oil Fires (GCP),,2016,0
Kuwaiti Oil Fires (GCP),,2017,0
Kuwaiti Oil Fires (GCP),,2018,0
Kuwaiti Oil Fires (GCP),,2019,0
Kuwaiti Oil Fires (GCP),,2020,0
Kuwaiti Oil Fires (GCP),,2021,0
Kuwaiti Oil Fires (GCP),,2022,0
Kuwaiti Oil Fires (GCP),,2023,0
Kuwaiti Oil Fires (GCP),,2024,0
Kyrgyzstan,KGZ,2010,6355656
Kyrgyzstan,KGZ,2011,7620172
Kyrgyzstan,KGZ,2012,10086689
Kyrgyzstan,KGZ,2013,9733813
Kyrgyzstan,KGZ,2014,10236388
Kyrgyzstan,KGZ,2015,10264781
Kyrgyzstan,KGZ,2016,9621676
Kyrgyzstan,KGZ,2017,9364119
Kyrgyzstan,KGZ,2018,11174909
Kyrgyzstan,KGZ,2019,9046661
Kyrgyzstan,KGZ,2020,8348490.5
Kyrgyzstan,KGZ,2021,10338292
Kyrgyzstan,KGZ,2022,11512894
Kyrgyzstan,KGZ,2023,11144427
Kyrgyzstan,KGZ,2024,11770158
Laos,LAO,2010,3000849
Laos,LAO,2011,3096824
Laos,LAO,2012,3328366
Laos,LAO,2013,4198311
Laos,LAO,2014,4383017
Laos,LAO,2015,9184793
Laos,LAO,2016,16406527
Laos,LAO,2017,19624934
Laos,LAO,2018,20481498
Laos,LAO,2019,18339868
Laos,LAO,2020,18293558
Laos,LAO,2021,21836638
Laos,LAO,2022,22548782
Laos,LAO,2023,24157068
Laos,LAO,2024,24399926
Latvia,LVA,2010,8554521
Latvia,LVA,2011,7808430
Latvia,LVA,2012,7519718
Latvia,LVA,2013,7368746
Latvia,LVA,2014,7172200
Latvia,LVA,2015,7262421
Latvia,LVA,2016,7210682
Latvia,LVA,2017,7215320
Latvia,LVA,2018,7843189
Latvia,LVA,2019,7633452
Latvia,LVA,2020,6999268
Latvia,LVA,2021,7218349
Latvia,LVA,2022,6607997
Latvia,LVA,2023,6589883
Latvia,LVA,2024,6461889
Lebanon,LBN,2010,19996596
Lebanon,LBN,2011,20264128
Lebanon,LBN,2012,22332032
Lebanon,LBN,2013,22163742
Lebanon,LBN,2014,23992028
Lebanon,LBN,2015,25731236
Lebanon,LBN,2016,26437870
Lebanon,LBN,2017,27820720
Lebanon,LBN,2018,25812102
Lebanon,LBN,2019,25141072
Lebanon,LBN,2020,23693950
Lebanon,LBN,2021,19474380
Lebanon,LBN,2022,15360705
Lebanon,LBN,2023,15558805
Lebanon,LBN,2024,15649973
Lesotho,LSO,2010,2275344
Lesotho,LSO,2011,2758992
Lesotho,LSO,2012,2791968
Lesotho,LSO,2013,2125120
Lesotho,LSO,2014,2242368
Lesotho,LSO,2015,2044512
Lesotho,LSO,2016,2026192
Lesotho,LSO,2017,2286336
Lesotho,LSO,2018,2165424
Lesotho,LSO,2019,2187408
Lesotho,LSO,2020,1985888
Lesotho,LSO,2021,3096080
Lesotho,LSO,2022,2551344
Lesotho,LSO,2023,2493633
Lesotho,LSO,2024,2571767
Liberia,LBR,2010,709268
Liberia,LBR,2011,822404
Liberia,LBR,2012,915015
Liberia,LBR,2013,874265
Liberia,LBR,2014,733526
Liberia,LBR,2015,698691
Liberia,LBR,2016,646650
Liberia,LBR,2017,667364
Liberia,LBR,2018,608632
Liberia,LBR,2019,931662
Liberia,LBR,2020,776749
Liberia,LBR,2021,782557
Liberia,LBR,2022,863766
Liberia,LBR,2023,834001
Liberia,LBR,2024,859369
Libya,LBY,2010,59147924
Libya,LBY,2011,53542210
Libya,LBY,2012,61606492
Libya,LBY,2013,51343916
Libya,LBY,2014,68348400
Libya,LBY,2015,60866180
Libya,LBY,2016,57378880
Libya,LBY,2017,67092250
Libya,LBY,2018,62644524
Libya,LBY,2019,73778310
Libya,LBY,2020,36110628
Libya,LBY,2021,56312464
Libya,LBY,2022,58974004
Libya,LBY,2023,64219084
Libya,LBY,2024,65260070
Liechtenstein,LIE,2010,190783
Liechtenstein,LIE,2011,176727
Liechtenstein,LIE,2012,185263
Liechtenstein,LIE,2013,192493
Liechtenstein,LIE,2014,161186
Liechtenstein,LIE,2015,159668
Liechtenstein,LIE,2016,149653
Liechtenstein,LIE,2017,155476
Liechtenstein,LIE,2018,142573
Liechtenstein,LIE,2019,148655
Liechtenstein,LIE,2020,141605
Liechtenstein,LIE,2021,145595
Liechtenstein,LIE,2022,128336
Liechtenstein,LIE,2023,131221
Liechtenstein,LIE,2024,131624
Lithuania,LTU,2010,13801892
Lithuania,LTU,2011,13959649
Lithuania,LTU,2012,14054137
Lithuania,LTU,2013,13148174
Lithuania,LTU,2014,12845803
Lithuania,LTU,2015,13045220
Lithuania,LTU,2016,13101518
Lithuania,LTU,2017,13277398
Lithuania,LTU,2018,13414424
Lithuania,LTU,2019,13647340
Lithuania,LTU,2020,13499604
Lithuania,LTU,2021,13778095
Lithuania,LTU,2022,12895064
Lithuania,LTU,2023,12507402
Lithuania,LTU,2024,12541509
Low-income countries,OWID_LIC,2010,206652670
Low-income countries,OWID_LIC,2011,189330540
Low-income countries,OWID_LIC,2012,175241600
Low-income countries,OWID_LIC,2013,165524880
Low-income countries,OWID_LIC,2014,173109600
Low-income countries,OWID_LIC,2015,150537730
Low-income countries,OWID_LIC,2016,156837140
Low-income countries,OWID_LIC,2017,199331540
Low-income countries,OWID_LIC,2018,197054480
Low-income countries,OWID_LIC,2019,212130430
Low-income countries,OWID_LIC,2020,204479200
Low-income countries,OWID_LIC,2021,196969970
Low-income countries,OWID_LIC,2022,199960980
Low-income countries,OWID_LIC,2023,206501470
Low-income countries,OWID_LIC,2024,208199410
Lower-middle-income countries,OWID_LMC,2010,2775721000
Lower-middle-income countries,OWID_LMC,2011,2900200700
Lower-middle-income countries,OWID_LMC,2012,3066869500
Lower-middle-income countries,OWID_LMC,2013,3175028000
Lower-middle-income countries,OWID_LMC,2014,3341492700
Lower-middle-income countries,OWID_LMC,2015,3430742000
Lower-middle-income countries,OWID_LMC,2016,3621248800
Lower-middle-income countries,OWID_LMC,2017,3740908500
Lower-middle-income countries,OWID_LMC,2018,3874261000
Lower-middle-income countries,OWID_LMC,2019,3909786600
Lower-middle-income countries,OWID_LMC,2020,3722722000
Lower-middle-income countries,OWID_LMC,2021,4101157600
Lower-middle-income countries,OWID_LMC,2022,4222639400
Lower-middle-income countries,OWID_LMC,2023,4451222000
Lower-middle-income countries,OWID_LMC,2024,4617956000
Luxembourg,LUX,2010,11190507
Luxembourg,LUX,2011,11089509
Luxembourg,LUX,2012,10857971
Luxembourg,LUX,2013,10323408
Luxembourg,LUX,2014,9806854
Luxembourg,LUX,2015,9333977
Luxembourg,LUX,2016,9077205
Luxembourg,LUX,2017,9251006
Luxembourg,LUX,2018,9556162
Luxembourg,LUX,2019,9749969
Luxembourg,LUX,2020,8069083
Luxembourg,LUX,2021,8409505
Luxembourg,LUX,2022,7274379
Luxembourg,LUX,2023,6840733
Luxembourg,LUX,2024,7039783
Macao,MAC,2010,1234768
Macao,MAC,2011,1293392
Macao,MAC,2012,1132176
Macao,MAC,2013,989280
Macao,MAC,2014,1293392
Macao,MAC,2015,1773376
Macao,MAC,2016,1780704
Macao,MAC,2017,1927264
Macao,MAC,2018,1242096
Macao,MAC,2019,1212784
Macao,MAC,2020,1033247.94
Macao,MAC,2021,1029584.06
Macao,MAC,2022,1048775
Macao,MAC,2023,1042865.06
Macao,MAC,2024,1056328
Madagascar,MDG,2010,1871714
Madagascar,MDG,2011,2329853
Madagascar,MDG,2012,2660200
Madagascar,MDG,2013,3060920
Madagascar,MDG,2014,2971004
Madagascar,MDG,2015,3121228
Madagascar,MDG,2016,3256796
Madagascar,MDG,2017,3803787
Madagascar,MDG,2018,3604454
Madagascar,MDG,2019,4146515
Madagascar,MDG,2020,3788076
Madagascar,MDG,2021,4246076
Madagascar,MDG,2022,4209640
Madagascar,MDG,2023,4446771
Madagascar,MDG,2024,4528381
Malawi,MWI,2010,972162
Malawi,MWI,2011,1033844
Malawi,MWI,2012,1040751
Malawi,MWI,2013,1120229
Malawi,MWI,2014,1015111
Malawi,MWI,2015,1049909
Malawi,MWI,2016,1172440
Malawi,MWI,2017,1193033
Malawi,MWI,2018,1690049
Malawi,MWI,2019,1695354
Malawi,MWI,2020,1868050
Malawi,MWI,2021,1682495
Malawi,MWI,2022,1801388
Malawi,MWI,2023,1852568
Malawi,MWI,2024,1881479
Malaysia,MYS,2010,199346400
Malaysia,MYS,2011,203452770
Malaysia,MYS,2012,212993630
Malaysia,MYS,2013,241671090
Malaysia,MYS,2014,245053380
Malaysia,MYS,2015,235941760
Malaysia,MYS,2016,237293890
Malaysia,MYS,2017,244457090
Malaysia,MYS,2018,262647070
Malaysia,MYS,2019,277672900
Malaysia,MYS,2020,262158820
Malaysia,MYS,2021,273332160
Malaysia,MYS,2022,281883800
Malaysia,MYS,2023,276296770
Malaysia,MYS,2024,290223840
Maldives,MDV,2010,930656
Maldives,MDV,2011,985616
Maldives,MDV,2012,1110192
Maldives,MDV,2013,1095536
Maldives,MDV,2014,1319040
Maldives,MDV,2015,1282400
Maldives,MDV,2016,1432624
Maldives,MDV,2017,1513232
Maldives,MDV,2018,1736736
Maldives,MDV,2019,1993216
Maldives,MDV,2020,1678112
Maldives,MDV,2021,1996880
Maldives,MDV,2022,2215800
Maldives,MDV,2023,2205334
Maldives,MDV,2024,2306210
Mali,MLI,2010,2088480
Mali,MLI,2011,2279008
Mali,MLI,2012,2436560
Mali,MLI,2013,2743394
Mali,MLI,2014,3139313
Mali,MLI,2015,3399103
Mali,MLI,2016,4286165
Mali,MLI,2017,4766551
Mali,MLI,2018,5198325
Mali,MLI,2019,5594037
Mali,MLI,2020,6330056
Mali,MLI,2021,7393170
Mali,MLI,2022,7019715
Mali,MLI,2023,6743016
Mali,MLI,2024,6978840
Malta,MLT,2010,2619259
Malta,MLT,2011,2608196
Malta,MLT,2012,2749059
Malta,MLT,2013,2429647
Malta,MLT,2014,2417320
Malta,MLT,2015,1697468
Malta,MLT,2016,1375879
Malta,MLT,2017,1537206
Malta,MLT,2018,1547703
Malta,MLT,2019,1649196
Malta,MLT,2020,1600889
Malta,MLT,2021,1611409
Malta,MLT,2022,1774245
Malta,MLT,2023,1768002
Malta,MLT,2024,1728766
Marshall Islands,MHL,2010,135568
Marshall Islands,MHL,2011,135568
Marshall Islands,MHL,2012,135568
Marshall Islands,MHL,2013,139232
Marshall Islands,MHL,2014,139232
Marshall Islands,MHL,2015,142896
Marshall Islands,MHL,2016,142896
Marshall Islands,MHL,2017,146560
Marshall Islands,MHL,2018,146560
Marshall Islands,MHL,2019,146560
Marshall Islands,MHL,2020,146560
Marshall Islands,MHL,2021,146560
Marshall Islands,MHL,2022,148424
Marshall Islands,MHL,2023,147722
Marshall Islands,MHL,2024,154480
Mauritania,MRT,2010,2093519.9
Mauritania,MRT,2011,2226577
Mauritania,MRT,2012,2447571
Mauritania,MRT,2013,2168855
Mauritania,MRT,2014,2562746
Mauritania,MRT,2015,3002486
Mauritania,MRT,2016,2623861
Mauritania,MRT,2017,3581137
Mauritania,MRT,2018,4444432
Mauritania,MRT,2019,4613280
Mauritania,MRT,2020,4781520
Mauritania,MRT,2021,4499685
Mauritania,MRT,2022,5267432
Mauritania,MRT,2023,5036898
Mauritania,MRT,2024,5238679
Mauritius,MUS,2010,3913152
Mauritius,MUS,2011,3916816
Mauritius,MUS,2012,3964448
Mauritius,MUS,2013,4067040
Mauritius,MUS,2014,4206272
Mauritius,MUS,2015,4209936
Mauritius,MUS,2016,4341840
Mauritius,MUS,2017,4539696
Mauritius,MUS,2018,4455424
Mauritius,MUS,2019,4525040
Mauritius,MUS,2020,3799568
Mauritius,MUS,2021,3968112
Mauritius,MUS,2022,4316741
Mauritius,MUS,2023,4587621
Mauritius,MUS,2024,4673616
Mexico,MEX,2010,456408960
Mexico,MEX,2011,483301600
Mexico,MEX,2012,501492300
Mexico,MEX,2013,495411550
Mexico,MEX,2014,484044500
Mexico,MEX,2015,479433730
Mexico,MEX,2016,478827740
Mexico,MEX,2017,464406620
Mexico,MEX,2018,468420600
Mexico,MEX,2019,468235840
Mexico,MEX,2020,428936830
Mexico,MEX,2021,446837570
Mexico,MEX,2022,453799100
Mexico,MEX,2023,458253860
Mexico,MEX,2024,460987650
Micronesia (country),FSM,2010,102592
Micronesia (country),FSM,2011,117248
Micronesia (country),FSM,2012,128240.01
Micronesia (country),FSM,2013,135568
Micronesia (country),FSM,2014,139232
Micronesia (country),FSM,2015,142896
Micronesia (country),FSM,2016,142896
Micronesia (country),FSM,2017,142896
Micronesia (country),FSM,2018,142896
Micronesia (country),FSM,2019,142896
Micronesia (country),FSM,2020,142896
Micronesia (country),FSM,2021,142896
Micronesia (country),FSM,2022,144721
Micronesia (country),FSM,2023,144037
Micronesia (country),FSM,2024,150626
Middle East (GCP),,2010,2178652200
Middle East (GCP),,2011,2231887000
Middle East (GCP),,2012,2381427500
Middle East (GCP),,2013,2344290000
Middle East (GCP),,2014,2387180800
Middle East (GCP),,2015,2471521500
Middle East (GCP),,2016,2520702000
Middle East (GCP),,2017,2600109800
Middle East (GCP),,2018,2596707000
Middle East (GCP),,2019,2710946600
Middle East (GCP),,2020,2653588200
Middle East (GCP),,2021,2787511800
Middle East (GCP),,2022,2790370800
Middle East (GCP),,2023,2894337800
Middle East (GCP),,2024,2968607000
Moldova,MDA,2010,4830905
Moldova,MDA,2011,4944974
Moldova,MDA,2012,4765682
Moldova,MDA,2013,4899358
Moldova,MDA,2014,4755152
Moldova,MDA,2015,4785084
Moldova,MDA,2016,4907333
Moldova,MDA,2017,5090404
Moldova,MDA,2018,5351240
Moldova,MDA,2019,5378353
Moldova,MDA,2020,5113134
Moldova,MDA,2021,5760043
Moldova,MDA,2022,5173479
Moldova,MDA,2023,5329303
Moldova,MDA,2024,5326843
Mongolia,MNG,2010,13772353
Mongolia,MNG,2011,21367836
Mongolia,MNG,2012,34996204
Mongolia,MNG,2013,43478044
Mongolia,MNG,2014,29629786
Mongolia,MNG,2015,23278636
Mongolia,MNG,2016,25629114
Mongolia,MNG,2017,34138988
Mongolia,MNG,2018,45319308
Mongolia,MNG,2019,47118988
Mongolia,MNG,2020,42477500
Mongolia,MNG,2021,35971700
Mongolia,MNG,2022,40443170
Mongolia,MNG,2023,44183664
Mongolia,MNG,2024,44693890
Montenegro,MNE,2010,2421904
Montenegro,MNE,2011,2407248
Montenegro,MNE,2012,2213056
Montenegro,MNE,2013,2150768
Montenegro,MNE,2014,2106800
Montenegro,MNE,2015,2238704
Montenegro,MNE,2016,2015199.9
Montenegro,MNE,2017,2103136
Montenegro,MNE,2018,2403584
Montenegro,MNE,2019,2476864
Montenegro,MNE,2020,2403584
Montenegro,MNE,2021,2410912
Montenegro,MNE,2022,2495184
Montenegro,MNE,2023,2406849
Montenegro,MNE,2024,2376258
Montserrat,MSR,2010,58624
Montserrat,MSR,2011,36640
Montserrat,MSR,2012,40304
Montserrat,MSR,2013,51296
Montserrat,MSR,2014,43968
Montserrat,MSR,2015,51296
Montserrat,MSR,2016,29312
Montserrat,MSR,2017,25648
Montserrat,MSR,2018,29312
Montserrat,MSR,2019,25648
Montserrat,MSR,2020,21984
Montserrat,MSR,2021,21984
Montserrat,MSR,2022,25648
Montserrat,MSR,2023,25596
Montserrat,MSR,2024,26579
Morocco,MAR,2010,54365200
Morocco,MAR,2011,54867636
Morocco,MAR,2012,56953540
Morocco,MAR,2013,56606420
Morocco,MAR,2014,57174916
Morocco,MAR,2015,58498840
Morocco,MAR,2016,58457476
Morocco,MAR,2017,61103764
Morocco,MAR,2018,62314932
Morocco,MAR,2019,68743490
Morocco,MAR,2020,64541824
Morocco,MAR,2021,70275310
Morocco,MAR,2022,69779460
Morocco,MAR,2023,68961176
Morocco,MAR,2024,69062344
Mozambique,MOZ,2010,2637635
Mozambique,MOZ,2011,3106628
Mozambique,MOZ,2012,3051742
Mozambique,MOZ,2013,3578664
Mozambique,MOZ,2014,8118426.5
Mozambique,MOZ,2015,6730549
Mozambique,MOZ,2016,8547749
Mozambique,MOZ,2017,6905362
Mozambique,MOZ,2018,7010116
Mozambique,MOZ,2019,7097435
Mozambique,MOZ,2020,6340353
Mozambique,MOZ,2021,7722039
Mozambique,MOZ,2022,9295686
Mozambique,MOZ,2023,9093456
Mozambique,MOZ,2024,8612630
Myanmar,MMR,2010,13125187
Myanmar,MMR,2011,15122017
Myanmar,MMR,2012,11825691
Myanmar,MMR,2013,12714823
Myanmar,MMR,2014,15849346
Myanmar,MMR,2015,21879816
Myanmar,MMR,2016,21144082
Myanmar,MMR,2017,23633410
Myanmar,MMR,2018,34016840
Myanmar,MMR,2019,33616924
Myanmar,MMR,2020,34587800
Myanmar,MMR,2021,29284832
Myanmar,MMR,2022,31638664
Myanmar,MMR,2023,31792970
Myanmar,MMR,2024,31603438
Namibia,NAM,2010,2788304
Namibia,NAM,2011,2785549
Namibia,NAM,2012,3194064
Namibia,NAM,2013,3003744
Namibia,NAM,2014,3099139
Namibia,NAM,2015,3393660
Namibia,NAM,2016,3582204
Namibia,NAM,2017,3589609
Namibia,NAM,2018,3635037
Namibia,NAM,2019,3730077
Namibia,NAM,2020,3440421
Namibia,NAM,2021,3607799
Namibia,NAM,2022,3413848
Namibia,NAM,2023,3442664
Namibia,NAM,2024,3469112
Nauru,NRU,2010,43968
Nauru,NRU,2011,40304
Nauru,NRU,2012,40304
Nauru,NRU,2013,47632
Nauru,NRU,2014,51296
Nauru,NRU,2015,54960
Nauru,NRU,2016,51296
Nauru,NRU,2017,54960
Nauru,NRU,2018,54960
Nauru,NRU,2019,51296
Nauru,NRU,2020,54960
Nauru,NRU,2021,54960
Nauru,NRU,2022,58984
Nauru,NRU,2023,58705
Nauru,NRU,2024,61390
Nepal,NPL,2010,4827968
Nepal,NPL,2011,5216765
Nepal,NPL,2012,5470253
Nepal,NPL,2013,6217840
Nepal,NPL,2014,7587670
Nepal,NPL,2015,6904651
Nepal,NPL,2016,10088048
Nepal,NPL,2017,12421580
Nepal,NPL,2018,14038992
Nepal,NPL,2019,12750490
Nepal,NPL,2020,15630800
Nepal,NPL,2021,15486231
Nepal,NPL,2022,17608968
Nepal,NPL,2023,18347820
Nepal,NPL,2024,18776082
Netherlands,NLD,2010,182478750
Netherlands,NLD,2011,169346110
Netherlands,NLD,2012,165751870
Netherlands,NLD,2013,164925380
Netherlands,NLD,2014,157502820
Netherlands,NLD,2015,163958100
Netherlands,NLD,2016,164811760
Netherlands,NLD,2017,162295740
Netherlands,NLD,2018,158264260
Netherlands,NLD,2019,152727100
Netherlands,NLD,2020,136974140
Netherlands,NLD,2021,139885680
Netherlands,NLD,2022,127503144
Netherlands,NLD,2023,117016380
Netherlands,NLD,2024,114784730
New Caledonia,NCL,2010,3657625
New Caledonia,NCL,2011,3694428
New Caledonia,NCL,2012,3705562
New Caledonia,NCL,2013,3970129
New Caledonia,NCL,2014,5009068
New Caledonia,NCL,2015,4876909
New Caledonia,NCL,2016,5481737
New Caledonia,NCL,2017,5583765
New Caledonia,NCL,2018,5913008
New Caledonia,NCL,2019,5672867
New Caledonia,NCL,2020,5109173
New Caledonia,NCL,2021,4536780
New Caledonia,NCL,2022,5115597
New Caledonia,NCL,2023,5068005
New Caledonia,NCL,2024,5286637
New Zealand,NZL,2010,34786920
New Zealand,NZL,2011,34241144
New Zealand,NZL,2012,35918250
New Zealand,NZL,2013,35219212
New Zealand,NZL,2014,35399336
New Zealand,NZL,2015,35805096
New Zealand,NZL,2016,34134956
New Zealand,NZL,2017,35661264
New Zealand,NZL,2018,35686796
New Zealand,NZL,2019,36710612
New Zealand,NZL,2020,34108960
New Zealand,NZL,2021,34596516
New Zealand,NZL,2022,31965866
New Zealand,NZL,2023,31559814
New Zealand,NZL,2024,32479432
Nicaragua,NIC,2010,4453063
Nicaragua,NIC,2011,4788554
Nicaragua,NIC,2012,4533836
Nicaragua,NIC,2013,4585682
Nicaragua,NIC,2014,4719788
Nicaragua,NIC,2015,5408233
Nicaragua,NIC,2016,5378534
Nicaragua,NIC,2017,5440822
Nicaragua,NIC,2018,5177981
Nicaragua,NIC,2019,5208109
Nicaragua,NIC,2020,4641018
Nicaragua,NIC,2021,5132574
Nicaragua,NIC,2022,5131236
Nicaragua,NIC,2023,5428299
Nicaragua,NIC,2024,5630346
Niger,NER,2010,1159981
Niger,NER,2011,1313027
Niger,NER,2012,1851814
Niger,NER,2013,2078361
Niger,NER,2014,2256260
Niger,NER,2015,2198770
Niger,NER,2016,2141519
Niger,NER,2017,2242503
Niger,NER,2018,1803409
Niger,NER,2019,2513365
Niger,NER,2020,3040036
Niger,NER,2021,2588205
Niger,NER,2022,3200732
Niger,NER,2023,3133399
Niger,NER,2024,3169958
Nigeria,NGA,2010,112049800
Nigeria,NGA,2011,126115480
Nigeria,NGA,2012,110124550
Nigeria,NGA,2013,117400790
Nigeria,NGA,2014,123971240
Nigeria,NGA,2015,110524590
Nigeria,NGA,2016,116396000
Nigeria,NGA,2017,112540370
Nigeria,NGA,2018,106785730
Nigeria,NGA,2019,127859300
Nigeria,NGA,2020,124899300
Nigeria,NGA,2021,147776620
Nigeria,NGA,2022,131440936
Nigeria,NGA,2023,129376100
Nigeria,NGA,2024,135824000
Niue,NIU,2010,3664
Niue,NIU,2011,3664
Niue,NIU,2012,3664
Niue,NIU,2013,7328
Niue,NIU,2014,7328
Niue,NIU,2015,7328
Niue,NIU,2016,7328
Niue,NIU,2017,7328
Niue,NIU,2018,7328
Niue,NIU,2019,7328
Niue,NIU,2020,7328
Niue,NIU,2021,7328
Niue,NIU,2022,7328
Niue,NIU,2023,7293
Niue,NIU,2024,7627
Non-OECD (GCP),,2010,19017867000
Non-OECD (GCP),,2011,20287478000
Non-OECD (GCP),,2012,20934554000
Non-OECD (GCP),,2013,21177151000
Non-OECD (GCP),,2014,21552882000
Non-OECD (GCP),,2015,21584740000
Non-OECD (GCP),,2016,21700915000
Non-OECD (GCP),,2017,22268627000
Non-OECD (GCP),,2018,22922353000
Non-OECD (GCP),,2019,23620557000
Non-OECD (GCP),,2020,23176333000
Non-OECD (GCP),,2021,24228293000
Non-OECD (GCP),,2022,24901667000
Non-OECD (GCP),,2023,25758966000
Non-OECD (GCP),,2024,26233051000
North America,OWID_NAM,2010,6851848700
North America,OWID_NAM,2011,6757270500
North America,OWID_NAM,2012,6565685000
North America,OWID_NAM,2013,6708860000
North America,OWID_NAM,2014,6754714000
North America,OWID_NAM,2015,6592755700
North America,OWID_NAM,2016,6453526000
North America,OWID_NAM,2017,6397038600
North America,OWID_NAM,2018,6576287000
North America,OWID_NAM,2019,6463362000
North America,OWID_NAM,2020,5798350000
North America,OWID_NAM,2021,6176851500
North America,OWID_NAM,2022,6236024000
North America,OWID_NAM,2023,6104680400
North America,OWID_NAM,2024,6084276000
North America (GCP),,2010,6680689700
North America (GCP),,2011,6585878000
North America (GCP),,2012,6395342000
North America (GCP),,2013,6538066000
North America (GCP),,2014,6580936000
North America (GCP),,2015,6411546600
North America (GCP),,2016,6278471700
North America (GCP),,2017,6227086300
North America (GCP),,2018,6405330000
North America (GCP),,2019,6283747000
North America (GCP),,2020,5643710500
North America (GCP),,2021,6005028400
North America (GCP),,2022,6057500000
North America (GCP),,2023,5922801700
North America (GCP),,2024,5899121700
North America (excl. USA),,2010,1182598700
North America (excl. USA),,2011,1218297600
North America (excl. USA),,2012,1234218200
North America (excl. USA),,2013,1235423700
North America (excl. USA),,2014,1223328900
North America (excl. USA),,2015,1224259300
North America (excl. USA),,2016,1208164500
North America (excl. USA),,2017,1201621200
North America (excl. USA),,2018,1215050900
North America (excl. USA),,2019,1227450100
North America (excl. USA),,2020,1108396000
North America (excl. USA),,2021,1156740700
North America (excl. USA),,2022,1180621000
North America (excl. USA),,2023,1186273900
North America (excl. USA),,2024,1180156500
North Korea,PRK,2010,65355172
North Korea,PRK,2011,47866716
North Korea,PRK,2012,46754656
North Korea,PRK,2013,36144310
North Korea,PRK,2014,39824550
North Korea,PRK,2015,31277754
North Korea,PRK,2016,34236420
North Korea,PRK,2017,69707920
North Korea,PRK,2018,62608284
North Korea,PRK,2019,69512190
North Korea,PRK,2020,65576750
North Korea,PRK,2021,53969788
North Korea,PRK,2022,56289484
North Korea,PRK,2023,62024996
North Korea,PRK,2024,62550270
North Macedonia,MKD,2010,8181847.5
North Macedonia,MKD,2011,8822912
North Macedonia,MKD,2012,8456512
North Macedonia,MKD,2013,7452442
North Macedonia,MKD,2014,7166784
North Macedonia,MKD,2015,6719776
North Macedonia,MKD,2016,6606192
North Macedonia,MKD,2017,7090023
North Macedonia,MKD,2018,6653824
North Macedonia,MKD,2019,7624613
North Macedonia,MKD,2020,6979920
North Macedonia,MKD,2021,6518256
North Macedonia,MKD,2022,7352171
North Macedonia,MKD,2023,7338385
North Macedonia,MKD,2024,6619636
Norway,NOR,2010,45659000
Norway,NOR,2011,44775000
Norway,NOR,2012,44258000
Norway,NOR,2013,44539000
Norway,NOR,2014,44975000
Norway,NOR,2015,45523000
Norway,NOR,2016,44708000
Norway,NOR,2017,44197000
Norway,NOR,2018,44472000
Norway,NOR,2019,42866000
Norway,NOR,2020,41275000
Norway,NOR,2021,41058000
Norway,NOR,2022,40833000
Norway,NOR,2023,38869000
Norway,NOR,2024,37183000
OECD (GCP),,2010,13227774000
OECD (GCP),,2011,13086457000
OECD (GCP),,2012,12926088000
OECD (GCP),,2013,12988471000
OECD (GCP),,2014,12796966000
OECD (GCP),,2015,12666168000
OECD (GCP),,2016,12522836000
OECD (GCP),,2017,12504867000
OECD (GCP),,2018,12575275000
OECD (GCP),,2019,12226434000
OECD (GCP),,2020,11142346000
OECD (GCP),,2021,11759488000
OECD (GCP),,2022,11660434000
OECD (GCP),,2023,11252323000
OECD (GCP),,2024,11173063000
Oceania,OWID_OCE,2010,451559740
Oceania,OWID_OCE,2011,450376670
Oceania,OWID_OCE,2012,452247680
Oceania,OWID_OCE,2013,445004350
Oceania,OWID_OCE,2014,442693300
Oceania,OWID_OCE,2015,451376030
Oceania,OWID_OCE,2016,460059040
Oceania,OWID_OCE,2017,465086850
Oceania,OWID_OCE,2018,467918750
Oceania,OWID_OCE,2019,468925470
Oceania,OWID_OCE,2020,449486300
Oceania,OWID_OCE,2021,439095170
Oceania,OWID_OCE,2022,433489800
Oceania,OWID_OCE,2023,433177120
Oceania,OWID_OCE,2024,436896640
Oceania (GCP),,2010,446845020
Oceania (GCP),,2011,445078240
Oceania (GCP),,2012,447875260
Oceania (GCP),,2013,440472400
Oceania (GCP),,2014,436568420
Oceania (GCP),,2015,445059740
Oceania (GCP),,2016,453034980
Oceania (GCP),,2017,458536700
Oceania (GCP),,2018,460322850
Oceania (GCP),,2019,461342750
Oceania (GCP),,2020,441575520
Oceania (GCP),,2021,431222080
Oceania (GCP),,2022,425053730
Oceania (GCP),,2023,424819360
Oceania (GCP),,2024,428551200
Oman,OMN,2010,51429150
Oman,OMN,2011,57305132
Oman,OMN,2012,63104910
Oman,OMN,2013,65586984
Oman,OMN,2014,66190040
Oman,OMN,2015,67883224
Oman,OMN,2016,66239816
Oman,OMN,2017,66343720
Oman,OMN,2018,70677940
Oman,OMN,2019,72034904
Oman,OMN,2020,71845150
Oman,OMN,2021,75041400
Oman,OMN,2022,77993790
Oman,OMN,2023,79810640
Oman,OMN,2024,82661976
Pakistan,PAK,2010,147503980
Pakistan,PAK,2011,149488300
Pakistan,PAK,2012,150555070
Pakistan,PAK,2013,148183040
Pakistan,PAK,2014,150809500
Pakistan,PAK,2015,144895550
Pakistan,PAK,2016,176740980
Pakistan,PAK,2017,211980740
Pakistan,PAK,2018,203499680
Pakistan,PAK,2019,190825870
Pakistan,PAK,2020,215509550
Pakistan,PAK,2021,243552350
Pakistan,PAK,2022,211969710
Pakistan,PAK,2023,186860880
Pakistan,PAK,2024,179800380
Palau,PLW,2010,208848
Palau,PLW,2011,212512
Palau,PLW,2012,223504
Palau,PLW,2013,227168
Palau,PLW,2014,219840
Palau,PLW,2015,201520
Palau,PLW,2016,208848
Palau,PLW,2017,216176
Palau,PLW,2018,212512
Palau,PLW,2019,216176
Palau,PLW,2020,208848
Palau,PLW,2021,212512
Palau,PLW,2022,217235
Palau,PLW,2023,216209
Palau,PLW,2024,226099
Palestine,PSE,2010,2033520
Palestine,PSE,2011,2246032
Palestine,PSE,2012,2194736
Palestine,PSE,2013,2436560
Palestine,PSE,2014,2835936
Palestine,PSE,2015,3000816
Palestine,PSE,2016,3235312
Palestine,PSE,2017,3264624
Palestine,PSE,2018,2956848
Palestine,PSE,2019,3264624
Palestine,PSE,2020,3326912
Palestine,PSE,2021,3634688
Palestine,PSE,2022,4702034
Palestine,PSE,2023,4755358
Palestine,PSE,2024,4780046
Panama,PAN,2010,9059720
Panama,PAN,2011,9899392
Panama,PAN,2012,9540322
Panama,PAN,2013,10273632
Panama,PAN,2014,10688621
Panama,PAN,2015,10652060
Panama,PAN,2016,10333790
Panama,PAN,2017,9567928
Panama,PAN,2018,9121047
Panama,PAN,2019,12448774
Panama,PAN,2020,6557340
Panama,PAN,2021,10144616
Panama,PAN,2022,11707350
Panama,PAN,2023,13002121
Panama,PAN,2024,12664428
Papua New Guinea,PNG,2010,4714717
Papua New Guinea,PNG,2011,5298421
Papua New Guinea,PNG,2012,4372445
Papua New Guinea,PNG,2013,4531958
Papua New Guinea,PNG,2014,6124890
Papua New Guinea,PNG,2015,6316259
Papua New Guinea,PNG,2016,7024071
Papua New Guinea,PNG,2017,6550140
Papua New Guinea,PNG,2018,7595904
Papua New Guinea,PNG,2019,7582732
Papua New Guinea,PNG,2020,7910788
Papua New Guinea,PNG,2021,7873085
Papua New Guinea,PNG,2022,8436025
Papua New Guinea,PNG,2023,8357750
Papua New Guinea,PNG,2024,8345442
Paraguay,PRY,2010,5010840
Paraguay,PRY,2011,5191523
Paraguay,PRY,2012,5159120
Paraguay,PRY,2013,5169061
Paraguay,PRY,2014,5451217
Paraguay,PRY,2015,6045473
Paraguay,PRY,2016,7186516
Paraguay,PRY,2017,7939465
Paraguay,PRY,2018,8503592
Paraguay,PRY,2019,8268412.5
Paraguay,PRY,2020,7443761
Paraguay,PRY,2021,8186967
Paraguay,PRY,2022,7533381
Paraguay,PRY,2023,7645687
Paraguay,PRY,2024,7936718
Peru,PER,2010,42505100
Peru,PER,2011,42326790
Peru,PER,2012,45508680
Peru,PER,2013,42717744
Peru,PER,2014,49388020
Peru,PER,2015,49204056
Peru,PER,2016,52697668
Peru,PER,2017,54726350
Peru,PER,2018,56013570
Peru,PER,2019,58668280
Peru,PER,2020,47236736
Peru,PER,2021,59961856
Peru,PER,2022,64784804
Peru,PER,2023,66064750
Peru,PER,2024,70246650
Philippines,PHL,2010,82245890
Philippines,PHL,2011,82980290
Philippines,PHL,2012,87476270
Philippines,PHL,2013,94825430
Philippines,PHL,2014,100073816
Philippines,PHL,2015,111046296
Philippines,PHL,2016,120215624
Philippines,PHL,2017,133575610
Philippines,PHL,2018,139856770
Philippines,PHL,2019,142601220
Philippines,PHL,2020,131457416
Philippines,PHL,2021,140269500
Philippines,PHL,2022,150963020
Philippines,PHL,2023,160980460
Philippines,PHL,2024,174878000
Poland,POL,2010,334027520
Poland,POL,2011,333406080
Poland,POL,2012,325777700
Poland,POL,2013,321757150
Poland,POL,2014,309415360
Poland,POL,2015,312548860
Poland,POL,2016,323300480
Poland,POL,2017,336505100
Poland,POL,2018,335718620
Poland,POL,2019,317444060
Poland,POL,2020,302102430
Poland,POL,2021,330693730
Poland,POL,2022,314891970
Poland,POL,2023,283243460
Poland,POL,2024,272861820
Portugal,PRT,2010,52889936
Portugal,PRT,2011,51783668
Portugal,PRT,2012,49931980
Portugal,PRT,2013,48146200
Portugal,PRT,2014,47942332
Portugal,PRT,2015,52233050
Portugal,PRT,2016,50310916
Portugal,PRT,2017,55165156
Portugal,PRT,2018,51340276
Portugal,PRT,2019,47583050
Portugal,PRT,2020,41738144
Portugal,PRT,2021,40299850
Portugal,PRT,2022,40722496
Portugal,PRT,2023,37622040
Portugal,PRT,2024,35538852
Qatar,QAT,2010,73651180
Qatar,QAT,2011,81809440
Qatar,QAT,2012,93738040
Qatar,QAT,2013,91433490
Qatar,QAT,2014,91641640
Qatar,QAT,2015,93310370
Qatar,QAT,2016,91378344
Qatar,QAT,2017,105656584
Qatar,QAT,2018,102621410
Qatar,QAT,2019,101429576
Qatar,QAT,2020,101329230
Qatar,QAT,2021,104385690
Qatar,QAT,2022,109594410
Qatar,QAT,2023,119544360
Qatar,QAT,2024,125812260
Romania,ROU,2010,84487900
Romania,ROU,2011,92390700
Romania,ROU,2012,89847710
Romania,ROU,2013,78795464
Romania,ROU,2014,79335350
Romania,ROU,2015,78045990
Romania,ROU,2016,76586910
Romania,ROU,2017,79432344
Romania,ROU,2018,79874424
Romania,ROU,2019,76690350
Romania,ROU,2020,73946380
Romania,ROU,2021,77501260
Romania,ROU,2022,73186024
Romania,ROU,2023,67866024
Romania,ROU,2024,68551400
Russia,RUS,2010,1633147500
Russia,RUS,2011,1684989000
Russia,RUS,2012,1700104100
Russia,RUS,2013,1637547000
Russia,RUS,2014,1637311200
Russia,RUS,2015,1635243500
Russia,RUS,2016,1629328400
Russia,RUS,2017,1661012200
Russia,RUS,2018,1709909600
Russia,RUS,2019,1704458600
Russia,RUS,2020,1631901600
Russia,RUS,2021,1674524300
Russia,RUS,2022,1675460900
Russia,RUS,2023,1733134600
Russia,RUS,2024,1780524400
Rwanda,RWA,2010,580977
Rwanda,RWA,2011,643356
Rwanda,RWA,2012,718466
Rwanda,RWA,2013,778846
Rwanda,RWA,2014,829804
Rwanda,RWA,2015,966782
Rwanda,RWA,2016,1051997
Rwanda,RWA,2017,1169724
Rwanda,RWA,2018,1313075
Rwanda,RWA,2019,1413492
Rwanda,RWA,2020,1394311
Rwanda,RWA,2021,1699049
Rwanda,RWA,2022,1957226
Rwanda,RWA,2023,2016015
Rwanda,RWA,2024,2033550
Ryukyu Islands (GCP),,2010,0
Ryukyu Islands (GCP),,2011,0
Ryukyu Islands (GCP),,2012,0
Ryukyu Islands (GCP),,2013,0
Ryukyu Islands (GCP),,2014,0
Ryukyu Islands (GCP),,2015,0
Ryukyu Islands (GCP),,2016,0
Ryukyu Islands (GCP),,2017,0
Ryukyu Islands (GCP),,2018,0
Ryukyu Islands (GCP),,2019,0
Ryukyu Islands (GCP),,2020,0
Ryukyu Islands (GCP),,2021,0
Ryukyu Islands (GCP),,2022,0
Ryukyu Islands (GCP),,2023,0
Ryukyu Islands (GCP),,2024,0
Saint Helena,SHN,2010,10992
Saint Helena,SHN,2011,10992
Saint Helena,SHN,2012,10992
Saint Helena,SHN,2013,10992
Saint Helena,SHN,2014,10992
Saint Helena,SHN,2015,10992
Saint Helena,SHN,2016,14656
Saint Helena,SHN,2017,10992
Saint Helena,SHN,2018,10992
Saint Helena,SHN,2019,14656
Saint Helena,SHN,2020,10992
Saint Helena,SHN,2021,7328
Saint Helena,SHN,2022,10992
Saint Helena,SHN,2023,10970
Saint Helena,SHN,2024,11391
Saint Kitts and Nevis,KNA,2010,219840
Saint Kitts and Nevis,KNA,2011,227168
Saint Kitts and Nevis,KNA,2012,223504
Saint Kitts and Nevis,KNA,2013,223504
Saint Kitts and Nevis,KNA,2014,227168
Saint Kitts and Nevis,KNA,2015,230832
Saint Kitts and Nevis,KNA,2016,238160
Saint Kitts and Nevis,KNA,2017,241824
Saint Kitts and Nevis,KNA,2018,249152
Saint Kitts and Nevis,KNA,2019,260144
Saint Kitts and Nevis,KNA,2020,241824
Saint Kitts and Nevis,KNA,2021,234496
Saint Kitts and Nevis,KNA,2022,250654.02
Saint Kitts and Nevis,KNA,2023,250147.02
Saint Kitts and Nevis,KNA,2024,259757.02
Saint Lucia,LCA,2010,483648
Saint Lucia,LCA,2011,483648
Saint Lucia,LCA,2012,487312
Saint Lucia,LCA,2013,487312
Saint Lucia,LCA,2014,487312
Saint Lucia,LCA,2015,479984
Saint Lucia,LCA,2016,472656
Saint Lucia,LCA,2017,494640
Saint Lucia,LCA,2018,509296
Saint Lucia,LCA,2019,501968.03
Saint Lucia,LCA,2020,487312
Saint Lucia,LCA,2021,505631.97
Saint Lucia,LCA,2022,518094
Saint Lucia,LCA,2023,517045.97
Saint Lucia,LCA,2024,536909
Saint Pierre and Miquelon,SPM,2010,62288
Saint Pierre and Miquelon,SPM,2011,65952
Saint Pierre and Miquelon,SPM,2012,65952
Saint Pierre and Miquelon,SPM,2013,65952
Saint Pierre and Miquelon,SPM,2014,65952
Saint Pierre and Miquelon,SPM,2015,65952
Saint Pierre and Miquelon,SPM,2016,65952
Saint Pierre and Miquelon,SPM,2017,65952
Saint Pierre and Miquelon,SPM,2018,58624
Saint Pierre and Miquelon,SPM,2019,65952
Saint Pierre and Miquelon,SPM,2020,62288
Saint Pierre and Miquelon,SPM,2021,54960
Saint Pierre and Miquelon,SPM,2022,53383
Saint Pierre and Miquelon,SPM,2023,53275
Saint Pierre and Miquelon,SPM,2024,55322
Saint Vincent and the Grenadines,VCT,2010,223504
Saint Vincent and the Grenadines,VCT,2011,216176
Saint Vincent and the Grenadines,VCT,2012,230832
Saint Vincent and the Grenadines,VCT,2013,216176
Saint Vincent and the Grenadines,VCT,2014,256480.02
Saint Vincent and the Grenadines,VCT,2015,234496
Saint Vincent and the Grenadines,VCT,2016,241824
Saint Vincent and the Grenadines,VCT,2017,212512
Saint Vincent and the Grenadines,VCT,2018,241824
Saint Vincent and the Grenadines,VCT,2019,219840
Saint Vincent and the Grenadines,VCT,2020,238160
Saint Vincent and the Grenadines,VCT,2021,234496
Saint Vincent and the Grenadines,VCT,2022,246698
Saint Vincent and the Grenadines,VCT,2023,246199
Saint Vincent and the Grenadines,VCT,2024,255656.98
Samoa,WSM,2010,186864
Samoa,WSM,2011,190528
Samoa,WSM,2012,190528
Samoa,WSM,2013,190528
Samoa,WSM,2014,201520
Samoa,WSM,2015,227168
Samoa,WSM,2016,238160
Samoa,WSM,2017,234496
Samoa,WSM,2018,234496
Samoa,WSM,2019,260144
Samoa,WSM,2020,234496
Samoa,WSM,2021,267472
Samoa,WSM,2022,235959
Samoa,WSM,2023,234845
Samoa,WSM,2024,245587
Sao Tome and Principe,STP,2010,106256
Sao Tome and Principe,STP,2011,98928
Sao Tome and Principe,STP,2012,109920
Sao Tome and Principe,STP,2013,109920
Sao Tome and Principe,STP,2014,128240.01
Sao Tome and Principe,STP,2015,135568
Sao Tome and Principe,STP,2016,146560
Sao Tome and Principe,STP,2017,139232
Sao Tome and Principe,STP,2018,139232
Sao Tome and Principe,STP,2019,146560
Sao Tome and Principe,STP,2020,142896
Sao Tome and Principe,STP,2021,142896
Sao Tome and Principe,STP,2022,135568
Sao Tome and Principe,STP,2023,139838
Sao Tome and Principe,STP,2024,141779
Saudi Arabia,SAU,2010,555639740
Saudi Arabia,SAU,2011,540235840
Saudi Arabia,SAU,2012,605712260
Saudi Arabia,SAU,2013,583177900
Saudi Arabia,SAU,2014,585109100
Saudi Arabia,SAU,2015,624547000
Saudi Arabia,SAU,2016,641174200
Saudi Arabia,SAU,2017,644486500
Saudi Arabia,SAU,2018,652204160
Saudi Arabia,SAU,2019,708334700
Saudi Arabia,SAU,2020,653564700
Saudi Arabia,SAU,2021,695394500
Saudi Arabia,SAU,2022,666993540
Saudi Arabia,SAU,2023,677441900
Saudi Arabia,SAU,2024,692133500
Senegal,SEN,2010,6862391
Senegal,SEN,2011,7818837
Senegal,SEN,2012,7362129
Senegal,SEN,2013,7852669
Senegal,SEN,2014,8724360
Senegal,SEN,2015,9845416
Senegal,SEN,2016,10012805
Senegal,SEN,2017,10757183
Senegal,SEN,2018,11330392
Senegal,SEN,2019,12711456
Senegal,SEN,2020,10819990
Senegal,SEN,2021,12319014
Senegal,SEN,2022,14132717
Senegal,SEN,2023,14081857
Senegal,SEN,2024,14091846
Serbia,SRB,2010,45694396
Serbia,SRB,2011,48956180
Serbia,SRB,2012,43763544
Serbia,SRB,2013,44576068
Serbia,SRB,2014,37331040
Serbia,SRB,2015,43896996
Serbia,SRB,2016,45192630
Serbia,SRB,2017,45672508
Serbia,SRB,2018,44478060
Serbia,SRB,2019,44444510
Serbia,SRB,2020,45356156
Serbia,SRB,2021,43886132
Serbia,SRB,2022,44462404
Serbia,SRB,2023,42907320
Serbia,SRB,2024,42019440
Seychelles,SYC,2010,439680
Seychelles,SYC,2011,403040
Seychelles,SYC,2012,417696
Seychelles,SYC,2013,414032
Seychelles,SYC,2014,458000
Seychelles,SYC,2015,498304
Seychelles,SYC,2016,553264
Seychelles,SYC,2017,575248
Seychelles,SYC,2018,597232
Seychelles,SYC,2019,589904
Seychelles,SYC,2020,597232
Seychelles,SYC,2021,611888
Seychelles,SYC,2022,628936
Seychelles,SYC,2023,641309
Seychelles,SYC,2024,652571
Sierra Leone,SLE,2010,545936
Sierra Leone,SLE,2011,714480
Sierra Leone,SLE,2012,831728
Sierra Leone,SLE,2013,1051568
Sierra Leone,SLE,2014,1128512
Sierra Leone,SLE,2015,1084145
Sierra Leone,SLE,2016,1139504
Sierra Leone,SLE,2017,1095536
Sierra Leone,SLE,2018,1036911.94
Sierra Leone,SLE,2019,1117520
Sierra Leone,SLE,2020,1187136
Sierra Leone,SLE,2021,1483613
Sierra Leone,SLE,2022,1443616
Sierra Leone,SLE,2023,1380435
Sierra Leone,SLE,2024,1434283
Singapore,SGP,2010,44400000
Singapore,SGP,2011,47000000
Singapore,SGP,2012,46100000
Singapore,SGP,2013,47000000
Singapore,SGP,2014,47600000
Singapore,SGP,2015,49400000
Singapore,SGP,2016,49100000
Singapore,SGP,2017,50100000
Singapore,SGP,2018,50300000
Singapore,SGP,2019,49000000
Singapore,SGP,2020,46700000
Singapore,SGP,2021,50100000
Singapore,SGP,2022,48933884
Singapore,SGP,2023,51067616
Singapore,SGP,2024,53919460
Sint Maarten (Dutch part),SXM,2010,448985
Sint Maarten (Dutch part),SXM,2011,572780
Sint Maarten (Dutch part),SXM,2012,699824
Sint Maarten (Dutch part),SXM,2013,714480
Sint Maarten (Dutch part),SXM,2014,725472
Sint Maarten (Dutch part),SXM,2015,743792
Sint Maarten (Dutch part),SXM,2016,747456
Sint Maarten (Dutch part),SXM,2017,703488
Sint Maarten (Dutch part),SXM,2018,685168
Sint Maarten (Dutch part),SXM,2019,688832
Sint Maarten (Dutch part),SXM,2020,652192
Sint Maarten (Dutch part),SXM,2021,681504
Sint Maarten (Dutch part),SXM,2022,692496
Sint Maarten (Dutch part),SXM,2023,691095
Sint Maarten (Dutch part),SXM,2024,717645
Slovakia,SVK,2010,38464356
Slovakia,SVK,2011,38045108
Slovakia,SVK,2012,35961410
Slovakia,SVK,2013,35621708
Slovakia,SVK,2014,33708172
Slovakia,SVK,2015,34527856
Slovakia,SVK,2016,34977550
Slovakia,SVK,2017,36183944
Slovakia,SVK,2018,36184068
Slovakia,SVK,2019,33853190
Slovakia,SVK,2020,31176160
Slovakia,SVK,2021,35251324
Slovakia,SVK,2022,31589464
Slovakia,SVK,2023,30766244
Slovakia,SVK,2024,29090958
Slovenia,SVN,2010,16465506
Slovenia,SVN,2011,16364208
Slovenia,SVN,2012,15765101
Slovenia,SVN,2013,15136785
Slovenia,SVN,2014,13568340
Slovenia,SVN,2015,13658673
Slovenia,SVN,2016,14468012
Slovenia,SVN,2017,14637193
Slovenia,SVN,2018,14563352
Slovenia,SVN,2019,14053007
Slovenia,SVN,2020,12872991
Slovenia,SVN,2021,13076158
Slovenia,SVN,2022,12727840
Slovenia,SVN,2023,12012164
Slovenia,SVN,2024,12751194
Solomon Islands,SLB,2010,333424
Solomon Islands,SLB,2011,348080
Solomon Islands,SLB,2012,344416
Solomon Islands,SLB,2013,377392
Solomon Islands,SLB,2014,329760
Solomon Islands,SLB,2015,296784
Solomon Islands,SLB,2016,293120
Solomon Islands,SLB,2017,289456
Solomon Islands,SLB,2018,293120
Solomon Islands,SLB,2019,296784
Solomon Islands,SLB,2020,293120
Solomon Islands,SLB,2021,289456
Solomon Islands,SLB,2022,283097
Solomon Islands,SLB,2023,281760
Solomon Islands,SLB,2024,294648
Somalia,SOM,2010,776768
Somalia,SOM,2011,809744
Somalia,SOM,2012,831728
Somalia,SOM,2013,857376
Somalia,SOM,2014,886688
Somalia,SOM,2015,923328
Somalia,SOM,2016,956304
Somalia,SOM,2017,992944
Somalia,SOM,2018,1033247.94
Somalia,SOM,2019,1069888
Somalia,SOM,2020,1139504
Somalia,SOM,2021,1154160
Somalia,SOM,2022,1271408
Somalia,SOM,2023,1296419
Somalia,SOM,2024,1319185
South Africa,ZAF,2010,467352500
South Africa,ZAF,2011,474272770
South Africa,ZAF,2012,461438400
South Africa,ZAF,2013,456188000
South Africa,ZAF,2014,481637860
South Africa,ZAF,2015,457473250
South Africa,ZAF,2016,457049760
South Africa,ZAF,2017,440010270
South Africa,ZAF,2018,453765980
South Africa,ZAF,2019,470727420
South Africa,ZAF,2020,435297660
South Africa,ZAF,2021,439464400
South Africa,ZAF,2022,428782180
South Africa,ZAF,2023,436604200
South Africa,ZAF,2024,439830500
South America,OWID_SAM,2010,1072125250
South America,OWID_SAM,2011,1088221400
South America,OWID_SAM,2012,1142113800
South America,OWID_SAM,2013,1205617700
South America,OWID_SAM,2014,1221043200
South America,OWID_SAM,2015,1186978400
South America,OWID_SAM,2016,1142483500
South America,OWID_SAM,2017,1125791900
South America,OWID_SAM,2018,1082037000
South America,OWID_SAM,2019,1094835500
South America,OWID_SAM,2020,983969540
South America,OWID_SAM,2021,1110534700
South America,OWID_SAM,2022,1100027800
South America,OWID_SAM,2023,1107388300
South America,OWID_SAM,2024,1109841200
South America (GCP),,2010,1072125250
South America (GCP),,2011,1088221400
South America (GCP),,2012,1142113800
South America (GCP),,2013,1205617700
South America (GCP),,2014,1221043200
South America (GCP),,2015,1186978400
South America (GCP),,2016,1142483600
South America (GCP),,2017,1125791900
South America (GCP),,2018,1082037000
South America (GCP),,2019,1094835500
South America (GCP),,2020,983969500
South America (GCP),,2021,1110534700
South America (GCP),,2022,1100027800
South America (GCP),,2023,1107388300
South America (GCP),,2024,1109841200
South Korea,KOR,2010,594339140
South Korea,KOR,2011,623442800
South Korea,KOR,2012,627943040
South Korea,KOR,2013,634580700
South Korea,KOR,2014,629366460
South Korea,KOR,2015,634177300
South Korea,KOR,2016,637914050
South Korea,KOR,2017,654537300
South Korea,KOR,2018,670168700
South Korea,KOR,2019,646102200
South Korea,KOR,2020,597634300
South Korea,KOR,2021,616075000
South Korea,KOR,2022,606877250
South Korea,KOR,2023,589178500
South Korea,KOR,2024,583679170
South Sudan,SSD,2010,1269563
South Sudan,SSD,2011,1238590
South Sudan,SSD,2012,1330032
South Sudan,SSD,2013,1443616
South Sudan,SSD,2014,1498576
South Sudan,SSD,2015,1912608
South Sudan,SSD,2016,1703760
South Sudan,SSD,2017,1454608
South Sudan,SSD,2018,1736736
South Sudan,SSD,2019,1769712
South Sudan,SSD,2020,1707424
South Sudan,SSD,2021,1740400
South Sudan,SSD,2022,1634144
South Sudan,SSD,2023,1666291
South Sudan,SSD,2024,1695552
Spain,ESP,2010,282585100
Spain,ESP,2011,283275040
Spain,ESP,2012,277432160
Spain,ESP,2013,252109170
Spain,ESP,2014,253657840
Spain,ESP,2015,270248030
Spain,ESP,2016,259554690
Spain,ESP,2017,273483870
Spain,ESP,2018,268520600
Spain,ESP,2019,250673650
Spain,ESP,2020,211764740
Spain,ESP,2021,228805710
Spain,ESP,2022,234223470
Spain,ESP,2023,215460750
Spain,ESP,2024,220341280
Sri Lanka,LKA,2010,12696774
Sri Lanka,LKA,2011,14476176
Sri Lanka,LKA,2012,15389400
Sri Lanka,LKA,2013,14143107
Sri Lanka,LKA,2014,17076016
Sri Lanka,LKA,2015,19178976
Sri Lanka,LKA,2016,22339186
Sri Lanka,LKA,2017,22167978
Sri Lanka,LKA,2018,20136762
Sri Lanka,LKA,2019,21105576
Sri Lanka,LKA,2020,20412408
Sri Lanka,LKA,2021,20823088
Sri Lanka,LKA,2022,18376960
Sri Lanka,LKA,2023,19166020
Sri Lanka,LKA,2024,20825544
Sudan,SDN,2010,15070048
Sudan,SDN,2011,14711459
Sudan,SDN,2012,15763022
Sudan,SDN,2013,17374260
Sudan,SDN,2014,13094856
Sudan,SDN,2015,14246501
Sudan,SDN,2016,19737254
Sudan,SDN,2017,20306166
Sudan,SDN,2018,20515954
Sudan,SDN,2019,22007006
Sudan,SDN,2020,19799938
Sudan,SDN,2021,19208158
Sudan,SDN,2022,17528614
Sudan,SDN,2023,17715522
Sudan,SDN,2024,17794800
Suriname,SUR,2010,2375395
Suriname,SUR,2011,2757942
Suriname,SUR,2012,2493797
Suriname,SUR,2013,3151425
Suriname,SUR,2014,3200926
Suriname,SUR,2015,2713620
Suriname,SUR,2016,2913528
Suriname,SUR,2017,2430184
Suriname,SUR,2018,2093096
Suriname,SUR,2019,2632313
Suriname,SUR,2020,2921822
Suriname,SUR,2021,2646994
Suriname,SUR,2022,2827580
Suriname,SUR,2023,2868587
Suriname,SUR,2024,2987768
Sweden,SWE,2010,53028584
Sweden,SWE,2011,49113770
Sweden,SWE,2012,46606916
Sweden,SWE,2013,45105884
Sweden,SWE,2014,43384748
Sweden,SWE,2015,43310144
Sweden,SWE,2016,43308376
Sweden,SWE,2017,42355424
Sweden,SWE,2018,41856004
Sweden,SWE,2019,40772480
Sweden,SWE,2020,36622220
Sweden,SWE,2021,38567984
Sweden,SWE,2022,36342156
Sweden,SWE,2023,36708596
Sweden,SWE,2024,38096652
Switzerland,CHE,2010,45033684
Switzerland,CHE,2011,40973228
Switzerland,CHE,2012,42242188
Switzerland,CHE,2013,43182930
Switzerland,CHE,2014,39244148
Switzerland,CHE,2015,38756060
Switzerland,CHE,2016,39224776
Switzerland,CHE,2017,38234000
Switzerland,CHE,2018,36945068
Switzerland,CHE,2019,36822244
Switzerland,CHE,2020,34343256
Switzerland,CHE,2021,35902450
Switzerland,CHE,2022,32950562
Switzerland,CHE,2023,31977486
Switzerland,CHE,2024,32071708
Syria,SYR,2010,62057320
Syria,SYR,2011,59078228
Syria,SYR,2012,46338510
Syria,SYR,2013,34256524
Syria,SYR,2014,34869310
Syria,SYR,2015,31115404
Syria,SYR,2016,29162014
Syria,SYR,2017,34473470
Syria,SYR,2018,31771348
Syria,SYR,2019,33491608
Syria,SYR,2020,32344418
Syria,SYR,2021,32508500
Syria,SYR,2022,31423332
Syria,SYR,2023,31673644
Syria,SYR,2024,31778448
Taiwan,TWN,2010,270717980
Taiwan,TWN,2011,276771000
Taiwan,TWN,2012,273282020
Taiwan,TWN,2013,274576000
Taiwan,TWN,2014,276959000
Taiwan,TWN,2015,276264000
Taiwan,TWN,2016,280197000
Taiwan,TWN,2017,285736000
Taiwan,TWN,2018,284151000
Taiwan,TWN,2019,274704000
Taiwan,TWN,2020,272464200
Taiwan,TWN,2021,283820930
Taiwan,TWN,2022,273988830
Taiwan,TWN,2023,267126800
Taiwan,TWN,2024,262344820
Tajikistan,TJK,2010,2534786
Tajikistan,TJK,2011,2342442
Tajikistan,TJK,2012,2934480
Tajikistan,TJK,2013,2908285
Tajikistan,TJK,2014,4606222
Tajikistan,TJK,2015,5306567
Tajikistan,TJK,2016,6015884
Tajikistan,TJK,2017,6879488
Tajikistan,TJK,2018,8080877.5
Tajikistan,TJK,2019,8714168
Tajikistan,TJK,2020,9423311
Tajikistan,TJK,2021,9384338
Tajikistan,TJK,2022,10520923
Tajikistan,TJK,2023,10264285
Tajikistan,TJK,2024,10739768
Tanzania,TZA,2010,7194109
Tanzania,TZA,2011,8440309
Tanzania,TZA,2012,10367499
Tanzania,TZA,2013,11251474
Tanzania,TZA,2014,10997434
Tanzania,TZA,2015,12782672
Tanzania,TZA,2016,13529452
Tanzania,TZA,2017,13513487
Tanzania,TZA,2018,14233063
Tanzania,TZA,2019,16190849
Tanzania,TZA,2020,15952437
Tanzania,TZA,2021,17677692
Tanzania,TZA,2022,19702384
Tanzania,TZA,2023,20309608
Tanzania,TZA,2024,20018364
Thailand,THA,2010,241018980
Thailand,THA,2011,244878160
Thailand,THA,2012,262347660
Thailand,THA,2013,263753500
Thailand,THA,2014,272487650
Thailand,THA,2015,277098720
Thailand,THA,2016,284045470
Thailand,THA,2017,283347620
Thailand,THA,2018,288304900
Thailand,THA,2019,281877440
Thailand,THA,2020,271923300
Thailand,THA,2021,267141810
Thailand,THA,2022,272573380
Thailand,THA,2023,264733680
Thailand,THA,2024,267760200
Togo,TGO,2010,2595698
Togo,TGO,2011,2503920
Togo,TGO,2012,2215629
Togo,TGO,2013,1635224
Togo,TGO,2014,1490602
Togo,TGO,2015,1798361
Togo,TGO,2016,2292640
Togo,TGO,2017,1911982
Togo,TGO,2018,2033828
Togo,TGO,2019,2363701
Togo,TGO,2020,2751282
Togo,TGO,2021,2620181
Togo,TGO,2022,2738667
Togo,TGO,2023,2671013
Togo,TGO,2024,2753585
Tonga,TON,2010,117248
Tonga,TON,2011,106256
Tonga,TON,2012,106256
Tonga,TON,2013,109920
Tonga,TON,2014,106256
Tonga,TON,2015,106256
Tonga,TON,2016,139232
Tonga,TON,2017,142896
Tonga,TON,2018,131904
Tonga,TON,2019,161216
Tonga,TON,2020,139232
Tonga,TON,2021,139232
Tonga,TON,2022,146560
Tonga,TON,2023,145868
Tonga,TON,2024,152540
Trinidad and Tobago,TTO,2010,47092348
Trinidad and Tobago,TTO,2011,47043404
Trinidad and Tobago,TTO,2012,46159084
Trinidad and Tobago,TTO,2013,45799308
Trinidad and Tobago,TTO,2014,46865816
Trinidad and Tobago,TTO,2015,45533676
Trinidad and Tobago,TTO,2016,39867356
Trinidad and Tobago,TTO,2017,40296896
Trinidad and Tobago,TTO,2018,40307356
Trinidad and Tobago,TTO,2019,40754536
Trinidad and Tobago,TTO,2020,35043070
Trinidad and Tobago,TTO,2021,36388812
Trinidad and Tobago,TTO,2022,37492890
Trinidad and Tobago,TTO,2023,35535900
Trinidad and Tobago,TTO,2024,34576280
Tunisia,TUN,2010,27899698
Tunisia,TUN,2011,26429208
Tunisia,TUN,2012,28194274
Tunisia,TUN,2013,28773252
Tunisia,TUN,2014,29874574
Tunisia,TUN,2015,31380538
Tunisia,TUN,2016,30971484
Tunisia,TUN,2017,31676916
Tunisia,TUN,2018,31121710
Tunisia,TUN,2019,30578564
Tunisia,TUN,2020,28844812
Tunisia,TUN,2021,31526714
Tunisia,TUN,2022,30784934
Tunisia,TUN,2023,31737824
Tunisia,TUN,2024,32663696
Turkey,TUR,2010,318710340
Turkey,TUR,2011,344214820
Turkey,TUR,2012,358644600
Turkey,TUR,2013,350633570
Turkey,TUR,2014,367271650
Turkey,TUR,2015,387703900
Turkey,TUR,2016,405552260
Turkey,TUR,2017,430621660
Turkey,TUR,2018,423818300
Turkey,TUR,2019,406567740
Turkey,TUR,2020,416328060
Turkey,TUR,2021,457377280
Turkey,TUR,2022,443602700
Turkey,TUR,2023,486944580
Turkey,TUR,2024,513034600
Turkmenistan,TKM,2010,59184068
Turkmenistan,TKM,2011,65155076
Turkmenistan,TKM,2012,66938636
Turkmenistan,TKM,2013,64339644
Turkmenistan,TKM,2014,62799344
Turkmenistan,TKM,2015,63091676
Turkmenistan,TKM,2016,62090924
Turkmenistan,TKM,2017,62956572
Turkmenistan,TKM,2018,61301660
Turkmenistan,TKM,2019,62254216
Turkmenistan,TKM,2020,62904970
Turkmenistan,TKM,2021,91693640
Turkmenistan,TKM,2022,102062830
Turkmenistan,TKM,2023,95420770
Turkmenistan,TKM,2024,81005550
Turks and Caicos Islands,TCA,2010,282128
Turks and Caicos Islands,TCA,2011,282128
Turks and Caicos Islands,TCA,2012,282128
Turks and Caicos Islands,TCA,2013,285792
Turks and Caicos Islands,TCA,2014,307776
Turks and Caicos Islands,TCA,2015,315104
Turks and Caicos Islands,TCA,2016,326096
Turks and Caicos Islands,TCA,2017,351744
Turks and Caicos Islands,TCA,2018,359072
Turks and Caicos Islands,TCA,2019,362736
Turks and Caicos Islands,TCA,2020,359072
Turks and Caicos Islands,TCA,2021,366400
Turks and Caicos Islands,TCA,2022,365566
Turks and Caicos Islands,TCA,2023,364827
Turks and Caicos Islands,TCA,2024,378842
Tuvalu,TUV,2010,10992
Tuvalu,TUV,2011,10992
Tuvalu,TUV,2012,10992
Tuvalu,TUV,2013,7328
Tuvalu,TUV,2014,7328
Tuvalu,TUV,2015,7328
Tuvalu,TUV,2016,7328
Tuvalu,TUV,2017,7328
Tuvalu,TUV,2018,10992
Tuvalu,TUV,2019,10992
Tuvalu,TUV,2020,10992
Tuvalu,TUV,2021,10992
Tuvalu,TUV,2022,10992
Tuvalu,TUV,2023,10940
Tuvalu,TUV,2024,11440
Uganda,UGA,2010,3569619
Uganda,UGA,2011,3827733
Uganda,UGA,2012,3626987
Uganda,UGA,2013,3754530
Uganda,UGA,2014,4089666
Uganda,UGA,2015,4528549
Uganda,UGA,2016,4817419
Uganda,UGA,2017,5406202
Uganda,UGA,2018,5548649
Uganda,UGA,2019,5761237
Uganda,UGA,2020,5571384
Uganda,UGA,2021,6232327
Uganda,UGA,2022,6128251
Uganda,UGA,2023,6235861
Uganda,UGA,2024,6333810
Ukraine,UKR,2010,294365800
Ukraine,UKR,2011,308376420
Ukraine,UKR,2012,304429900
Ukraine,UKR,2013,297540220
Ukraine,UKR,2014,257703060
Ukraine,UKR,2015,223849810
Ukraine,UKR,2016,234105650
Ukraine,UKR,2017,223287760
Ukraine,UKR,2018,231899980
Ukraine,UKR,2019,222187900
Ukraine,UKR,2020,207100640
Ukraine,UKR,2021,210636080
Ukraine,UKR,2022,143039870
Ukraine,UKR,2023,139325380
Ukraine,UKR,2024,142497860
United Arab Emirates,ARE,2010,185848400
United Arab Emirates,ARE,2011,198518190
United Arab Emirates,ARE,2012,208323570
United Arab Emirates,ARE,2013,214188060
United Arab Emirates,ARE,2014,214530340
United Arab Emirates,ARE,2015,225044830
United Arab Emirates,ARE,2016,227897730
United Arab Emirates,ARE,2017,196492830
United Arab Emirates,ARE,2018,204104800
United Arab Emirates,ARE,2019,204058080
United Arab Emirates,ARE,2020,215266180
United Arab Emirates,ARE,2021,212172960
United Arab Emirates,ARE,2022,207103410
United Arab Emirates,ARE,2023,210425100
United Arab Emirates,ARE,2024,221988080
United Kingdom,GBR,2010,511904580
United Kingdom,GBR,2011,469713300
United Kingdom,GBR,2012,487476770
United Kingdom,GBR,2013,477611260
United Kingdom,GBR,2014,438807070
United Kingdom,GBR,2015,422460800
United Kingdom,GBR,2016,399430140
United Kingdom,GBR,2017,387367140
United Kingdom,GBR,2018,379729760
United Kingdom,GBR,2019,364753280
United Kingdom,GBR,2020,326263200
United Kingdom,GBR,2021,342365570
United Kingdom,GBR,2022,311118000
United Kingdom,GBR,2023,307826140
United Kingdom,GBR,2024,312905540
United States,USA,2010,5669250000
United States,USA,2011,5538973000
United States,USA,2012,5331467300
United States,USA,2013,5473436000
United States,USA,2014,5531385300
United States,USA,2015,5368496600
United States,USA,2016,5245361700
United States,USA,2017,5195417600
United States,USA,2018,5361236500
United States,USA,2019,5235912000
United States,USA,2020,4689954000
United States,USA,2021,5020111000
United States,USA,2022,5055403000
United States,USA,2023,4918406700
United States,USA,2024,4904120000
Upper-middle-income countries,OWID_UMC,2010,13549095000
Upper-middle-income countries,OWID_UMC,2011,14675714000
Upper-middle-income countries,OWID_UMC,2012,15097091000
Upper-middle-income countries,OWID_UMC,2013,15338837000
Upper-middle-income countries,OWID_UMC,2014,15540644000
Upper-middle-income countries,OWID_UMC,2015,15453602000
Upper-middle-income countries,OWID_UMC,2016,15374789000
Upper-middle-income countries,OWID_UMC,2017,15763591000
Upper-middle-income countries,OWID_UMC,2018,16221612000
Upper-middle-income countries,OWID_UMC,2019,16807908000
Upper-middle-income countries,OWID_UMC,2020,16696054000
Upper-middle-income countries,OWID_UMC,2021,17318461000
Upper-middle-income countries,OWID_UMC,2022,17864212000
Upper-middle-income countries,OWID_UMC,2023,18462271000
Upper-middle-income countries,OWID_UMC,2024,18711454000
Uruguay,URY,2010,6321844
Uruguay,URY,2011,7686493
Uruguay,URY,2012,8604564
Uruguay,URY,2013,7490970
Uruguay,URY,2014,6683819
Uruguay,URY,2015,6738132
Uruguay,URY,2016,6520387
Uruguay,URY,2017,6151027
Uruguay,URY,2018,6570397
Uruguay,URY,2019,6408476
Uruguay,URY,2020,6476821
Uruguay,URY,2021,7829208
Uruguay,URY,2022,7500855
Uruguay,URY,2023,7626940
Uruguay,URY,2024,7973270
Uzbekistan,UZB,2010,107668240
Uzbekistan,UZB,2011,116754600
Uzbekistan,UZB,2012,118860370
Uzbekistan,UZB,2013,112394720
Uzbekistan,UZB,2014,107495624
Uzbekistan,UZB,2015,103373576
Uzbekistan,UZB,2016,109837336
Uzbekistan,UZB,2017,108882870
Uzbekistan,UZB,2018,102330270
Uzbekistan,UZB,2019,107947210
Uzbekistan,UZB,2020,108138824
Uzbekistan,UZB,2021,123161640
Uzbekistan,UZB,2022,119105480
Uzbekistan,UZB,2023,122872020
Uzbekistan,UZB,2024,139234180
Vanuatu,VUT,2010,124576
Vanuatu,VUT,2011,131904
Vanuatu,VUT,2012,117248
Vanuatu,VUT,2013,109920
Vanuatu,VUT,2014,157552
Vanuatu,VUT,2015,131904
Vanuatu,VUT,2016,150224
Vanuatu,VUT,2017,139232
Vanuatu,VUT,2018,175872
Vanuatu,VUT,2019,164880
Vanuatu,VUT,2020,205184
Vanuatu,VUT,2021,216176
Vanuatu,VUT,2022,189353
Vanuatu,VUT,2023,188458
Vanuatu,VUT,2024,197079
Venezuela,VEN,2010,189581660
Venezuela,VEN,2011,168712510
Venezuela,VEN,2012,175845070
Venezuela,VEN,2013,198452160
Venezuela,VEN,2014,175991600
Venezuela,VEN,2015,166328370
Venezuela,VEN,2016,152733440
Venezuela,VEN,2017,139093300
Venezuela,VEN,2018,111239580
Venezuela,VEN,2019,105430480
Venezuela,VEN,2020,80901150
Venezuela,VEN,2021,94902500
Venezuela,VEN,2022,108423500
Venezuela,VEN,2023,119587760
Venezuela,VEN,2024,116042424
Vietnam,VNM,2010,139563840
Vietnam,VNM,2011,152563940
Vietnam,VNM,2012,144287540
Vietnam,VNM,2013,151459360
Vietnam,VNM,2014,180047520
Vietnam,VNM,2015,213391310
Vietnam,VNM,2016,221027000
Vietnam,VNM,2017,227694370
Vietnam,VNM,2018,255468420
Vietnam,VNM,2019,339312350
Vietnam,VNM,2020,362598880
Vietnam,VNM,2021,314196600
Vietnam,VNM,2022,322653150
Vietnam,VNM,2023,347398800
Vietnam,VNM,2024,370931330
Wallis and Futuna,WLF,2010,25648
Wallis and Futuna,WLF,2011,25648
Wallis and Futuna,WLF,2012,25648
Wallis and Futuna,WLF,2013,25648
Wallis and Futuna,WLF,2014,25648
Wallis and Futuna,WLF,2015,25648
Wallis and Futuna,WLF,2016,25648
Wallis and Futuna,WLF,2017,25648
Wallis and Futuna,WLF,2018,25648
Wallis and Futuna,WLF,2019,25648
Wallis and Futuna,WLF,2020,29312
Wallis and Futuna,WLF,2021,29312
Wallis and Futuna,WLF,2022,29312
Wallis and Futuna,WLF,2023,29174
Wallis and Futuna,WLF,2024,30508
World,OWID_WRL,2010,33317670000
World,OWID_WRL,2011,34479990000
World,OWID_WRL,2012,34954736000
World,OWID_WRL,2013,35275820000
World,OWID_WRL,2014,35465695000
World,OWID_WRL,2015,35403526000
World,OWID_WRL,2016,35392830000
World,OWID_WRL,2017,35974610000
World,OWID_WRL,2018,36734005000
World,OWID_WRL,2019,37086570000
World,OWID_WRL,2020,35158230000
World,OWID_WRL,2021,36866863000
World,OWID_WRL,2022,37527773000
World,OWID_WRL,2023,38094040000
World,OWID_WRL,2024,38598580000
Yemen,YEM,2010,25817588
Yemen,YEM,2011,22625090
Yemen,YEM,2012,20467492
Yemen,YEM,2013,27281024
Yemen,YEM,2014,26592206
Yemen,YEM,2015,14122821
Yemen,YEM,2016,10043701
Yemen,YEM,2017,9213895
Yemen,YEM,2018,11503876
Yemen,YEM,2019,11787783
Yemen,YEM,2020,10757014
Yemen,YEM,2021,10607956
Yemen,YEM,2022,10403769
Yemen,YEM,2023,10141169
Yemen,YEM,2024,10123090
Zambia,ZMB,2010,3120844
Zambia,ZMB,2011,3379164
Zambia,ZMB,2012,4176835
Zambia,ZMB,2013,4426548
Zambia,ZMB,2014,5283261
Zambia,ZMB,2015,5522488
Zambia,ZMB,2016,5977866
Zambia,ZMB,2017,7458888
Zambia,ZMB,2018,8657801
Zambia,ZMB,2019,8846335
Zambia,ZMB,2020,9990585
Zambia,ZMB,2021,9349845
Zambia,ZMB,2022,10938910
Zambia,ZMB,2023,11830727
Zambia,ZMB,2024,12043299
Zimbabwe,ZWE,2010,8754012
Zimbabwe,ZWE,2011,10363199
Zimbabwe,ZWE,2012,11257433
Zimbabwe,ZWE,2013,11671374
Zimbabwe,ZWE,2014,11946148
Zimbabwe,ZWE,2015,12016794
Zimbabwe,ZWE,2016,10588242
Zimbabwe,ZWE,2017,9830570
Zimbabwe,ZWE,2018,11209238
Zimbabwe,ZWE,2019,10266795
Zimbabwe,ZWE,2020,8490839
Zimbabwe,ZWE,2021,10222778
Zimbabwe,ZWE,2022,12231845
Zimbabwe,ZWE,2023,13443295
Zimbabwe,ZWE,2024,13701154