DATASET_ID,DATASET_NAME,COUNTRY,Country/Region,RDD_SECTOR,Sector,RDD_TYPE,Type,RDD_TECH,Technology,UNIT,Unit,TIME_PERIOD,Time Period,FREQUENCY,Frequency,OBS_VALUE,Observation value,UNIT_MULT,Unit multiplier,QUALIFIER,Qualifier,CONF_STATUS,Confidential Status,DECIMALS,Decimals
OECD.IEA:RDDPRIVATE(1.1),Private sector energy technology RD&D expenditures,AUSTRIA,Austria,PRIVATE,Private sector,RDD,"Research, development and demonstration",TOTAL,Total budget,EUR_R,Euro (constant prices and exchange rates),2015,2015,A,Annual,650.655,650.655,6,Millions,I,Imputed Value,F,Non-confidential,3,3
OECD.IEA:RDDPRIVATE(1.1),Private sector energy technology RD&D expenditures,AUSTRIA,Austria,PRIVATE,Private sector,RDD,"Research, development and demonstration",TOTAL,Total budget,EUR_R,Euro (constant prices and exchange rates),2017,2017,A,Annual,889.052,889.052,6,Millions,I,Imputed Value,F,Non-confidential,3,3
OECD.IEA:RDDPRIVATE(1.1),Private sector energy technology RD&D expenditures,AUSTRIA,Austria,PRIVATE,Private sector,RDD,"Research, development and demonstration",TOTAL,Total budget,EUR_R,Euro (constant prices and exchange rates),2019,2019,A,Annual,826.943,826.943,6,Millions,I,Imputed Value,F,Non-confidential,3,3
OECD.IEA:RDDPRIVATE(1.1),Private sector energy technology RD&D expenditures,AUSTRIA,Austria,PRIVATE,Private sector,RDD,"Research, development and demonstration",TOTAL,Total budget,EUR_R,Euro (constant prices and exchange rates),2021,2021,A,Annual,918.37,918.37,6,Millions,I,Imputed Value,F,Non-confidential,3,3
OECD.IEA:RDDPRIVATE(1.1),Private sector energy technology RD&D expenditures,AUSTRIA,Austria,PRIVATE,Private sector,RDD,"Research, development and demonstration",TOTAL,Total budget,EUR_R,Euro (constant prices and exchange rates),2023,2023,A,Annual,982.181,982.181,6,Millions,I,Imputed Value,F,Non-confidential,3,3
OECD.IEA:RDDPRIVATE(1.1),Private sector energy technology RD&D expenditures,AUSTRIA,Austria,PRIVATE,Private sector,RDD,"Research, development and demonstration",TOTAL,Total budget,NC_N,National currency (nominal),2015,2015,A,Annual,485.0,485.0,6,Millions,A,Normal Value,F,Non-confidential,3,3
OECD.IEA:RDDPRIVATE(1.1),Private sector energy technology RD&D expenditures,AUSTRIA,Austria,PRIVATE,Private sector,RDD,"Research, development and demonstration",TOTAL,Total budget,NC_N,National currency (nominal),2017,2017,A,Annual,681.0,681.0,6,Millions,A,Normal Value,F,Non-confidential,3,3
OECD.IEA:RDDPRIVATE(1.1),Private sector energy technology RD&D expenditures,AUSTRIA,Austria,PRIVATE,Private sector,RDD,"Research, development and demonstration",TOTAL,Total budget,NC_N,National currency (nominal),2019,2019,A,Annual,654.7,654.7,6,Millions,A,Normal Value,F,Non-confidential,3,3
OECD.IEA:RDDPRIVATE(1.1),Private sector energy technology RD&D expenditures,AUSTRIA,Austria,PRIVATE,Private sector,RDD,"Research, development and demonstration",TOTAL,Total budget,NC_N,National currency (nominal),2021,2021,A,Annual,759.8,759.8,6,Millions,A,Normal Value,F,Non-confidential,3,3
OECD.IEA:RDDPRIVATE(1.1),Private sector energy technology RD&D expenditures,AUSTRIA,Austria,PRIVATE,Private sector,RDD,"Research, development and demonstration",TOTAL,Total budget,NC_N,National currency (nominal),2023,2023,A,Annual,914.3,914.3,6,Millions,A,Normal Value,F,Non-confidential,3,3
OECD.IEA:RDDPRIVATE(1.1),Private sector energy technology RD&D expenditures,AUSTRIA,Austria,PRIVATE,Private sector,RDD,"Research, development and demonstration",TOTAL,Total budget,NC_R,National currency (constant prices),2015,2015,A,Annual,650.655,650.655,6,Millions,I,Imputed Value,F,Non-confidential,3,3
OECD.IEA:RDDPRIVATE(1.1),Private sector energy technology RD&D expenditures,AUSTRIA,Austria,PRIVATE,Private sector,RDD,"Research, development and demonstration",TOTAL,Total budget,NC_R,National currency (constant prices),2017,2017,A,Annual,889.052,889.052,6,Millions,I,Imputed Value,F,Non-confidential,3,3
OECD.IEA:RDDPRIVATE(1.1),Private sector energy technology RD&D expenditures,AUSTRIA,Austria,PRIVATE,Private sector,RDD,"Research, development and demonstration",TOTAL,Total budget,NC_R,National currency (constant prices),2019,2019,A,Annual,826.943,826.943,6,Millions,I,Imputed Value,F,Non-confidential,3,3
OECD.IEA:RDDPRIVATE(1.1),Private sector energy technology RD&D expenditures,AUSTRIA,Austria,PRIVATE,Private sector,RDD,"Research, development and demonstration",TOTAL,Total budget,NC_R,National currency (constant prices),2021,2021,A,Annual,918.37,918.37,6,Millions,I,Imputed Value,F,Non-confidential,3,3
OECD.IEA:RDDPRIVATE(1.1),Private sector energy technology RD&D expenditures,AUSTRIA,Austria,PRIVATE,Private sector,RDD,"Research, development and demonstration",TOTAL,Total budget,NC_R,National currency (constant prices),2023,2023,A,Annual,982.181,982.181,6,Millions,I,Imputed Value,F,Non-confidential,3,3
OECD.IEA:RDDPRIVATE(1.1),Private sector energy technology RD&D expenditures,AUSTRIA,Austria,PRIVATE,Private sector,RDD,"Research, development and demonstration",TOTAL,Total budget,USD_R,USD (constant prices and exchange rates),2015,2015,A,Annual,735.229,735.229,6,Millions,I,Imputed Value,F,Non-confidential,3,3
OECD.IEA:RDDPRIVATE(1.1),Private sector energy technology RD&D expenditures,AUSTRIA,Austria,PRIVATE,Private sector,RDD,"Research, development and demonstration",TOTAL,Total budget,USD_R,USD (constant prices and exchange rates),2017,2017,A,Annual,1004.613,1004.613,6,Millions,I,Imputed Value,F,Non-confidential,3,3
OECD.IEA:RDDPRIVATE(1.1),Private sector energy technology RD&D expenditures,AUSTRIA,Austria,PRIVATE,Private sector,RDD,"Research, development and demonstration",TOTAL,Total budget,USD_R,USD (constant prices and exchange rates),2019,2019,A,Annual,934.431,934.431,6,Millions,I,Imputed Value,F,Non-confidential,3,3
OECD.IEA:RDDPRIVATE(1.1),Private sector energy technology RD&D expenditures,AUSTRIA,Austria,PRIVATE,Private sector,RDD,"Research, development and demonstration",TOTAL,Total budget,USD_R,USD (constant prices and exchange rates),2021,2021,A,Annual,1037.742,1037.742,6,Millions,I,Imputed Value,F,Non-confidential,3,3
OECD.IEA:RDDPRIVATE(1.1),Private sector energy technology RD&D expenditures,AUSTRIA,Austria,PRIVATE,Private sector,RDD,"Research, development and demonstration",TOTAL,Total budget,USD_R,USD (constant prices and exchange rates),2023,2023,A,Annual,1109.848,1109.848,6,Millions,I,Imputed Value,F,Non-confidential,3,3
OECD.IEA:RDDPRIVATE(1.1),Private sector energy technology RD&D expenditures,AUSTRIA,Austria,PRIVATE,Private sector,RDD,"Research, development and demonstration",TOTAL,Total budget,USD_R_PPP,USD (constant prices and PPP),2015,2015,A,Annual,882.143,882.143,6,Millions,I,Imputed Value,F,Non-confidential,3,3
OECD.IEA:RDDPRIVATE(1.1),Private sector energy technology RD&D expenditures,AUSTRIA,Austria,PRIVATE,Private sector,RDD,"Research, development and demonstration",TOTAL,Total budget,USD_R_PPP,USD (constant prices and PPP),2017,2017,A,Annual,1205.356,1205.356,6,Millions,I,Imputed Value,F,Non-confidential,3,3
OECD.IEA:RDDPRIVATE(1.1),Private sector energy technology RD&D expenditures,AUSTRIA,Austria,PRIVATE,Private sector,RDD,"Research, development and demonstration",TOTAL,Total budget,USD_R_PPP,USD (constant prices and PPP),2019,2019,A,Annual,1121.15,1121.15,6,Millions,I,Imputed Value,F,Non-confidential,3,3
OECD.IEA:RDDPRIVATE(1.1),Private sector energy technology RD&D expenditures,AUSTRIA,Austria,PRIVATE,Private sector,RDD,"Research, development and demonstration",TOTAL,Total budget,USD_R_PPP,USD (constant prices and PPP),2021,2021,A,Annual,1245.105,1245.105,6,Millions,I,Imputed Value,F,Non-confidential,3,3
OECD.IEA:RDDPRIVATE(1.1),Private sector energy technology RD&D expenditures,AUSTRIA,Austria,PRIVATE,Private sector,RDD,"Research, development and demonstration",TOTAL,Total budget,USD_R_PPP,USD (constant prices and PPP),2023,2023,A,Annual,1331.619,1331.619,6,Millions,I,Imputed Value,F,Non-confidential,3,3
OECD.IEA:RDDPRIVATE(1.1),Private sector energy technology RD&D expenditures,AUSTRIA,Austria,PRIVATE,Private sector,RDD,"Research, development and demonstration",UN,Unallocated,EUR_R,Euro (constant prices and exchange rates),2015,2015,A,Annual,650.655,650.655,6,Millions,I,Imputed Value,F,Non-confidential,3,3
OECD.IEA:RDDPRIVATE(1.1),Private sector energy technology RD&D expenditures,AUSTRIA,Austria,PRIVATE,Private sector,RDD,"Research, development and demonstration",UN,Unallocated,EUR_R,Euro (constant prices and exchange rates),2017,2017,A,Annual,889.052,889.052,6,Millions,I,Imputed Value,F,Non-confidential,3,3
OECD.IEA:RDDPRIVATE(1.1),Private sector energy technology RD&D expenditures,AUSTRIA,Austria,PRIVATE,Private sector,RDD,"Research, development and demonstration",UN,Unallocated,EUR_R,Euro (constant prices and exchange rates),2019,2019,A,Annual,826.943,826.943,6,Millions,I,Imputed Value,F,Non-confidential,3,3
OECD.IEA:RDDPRIVATE(1.1),Private sector energy technology RD&D expenditures,AUSTRIA,Austria,PRIVATE,Private sector,RDD,"Research, development and demonstration",UN,Unallocated,EUR_R,Euro (constant prices and exchange rates),2021,2021,A,Annual,918.37,918.37,6,Millions,I,Imputed Value,F,Non-confidential,3,3
OECD.IEA:RDDPRIVATE(1.1),Private sector energy technology RD&D expenditures,AUSTRIA,Austria,PRIVATE,Private sector,RDD,"Research, development and demonstration",UN,Unallocated,EUR_R,Euro (constant prices and exchange rates),2023,2023,A,Annual,982.181,982.181,6,Millions,I,Imputed Value,F,Non-confidential,3,3
OECD.IEA:RDDPRIVATE(1.1),Private sector energy technology RD&D expenditures,AUSTRIA,Austria,PRIVATE,Private sector,RDD,"Research, development and demonstration",UN,Unallocated,NC_N,National currency (nominal),2015,2015,A,Annual,485.0,485.0,6,Millions,A,Normal Value,F,Non-confidential,3,3
OECD.IEA:RDDPRIVATE(1.1),Private sector energy technology RD&D expenditures,AUSTRIA,Austria,PRIVATE,Private sector,RDD,"Research, development and demonstration",UN,Unallocated,NC_N,National currency (nominal),2017,2017,A,Annual,681.0,681.0,6,Millions,A,Normal Value,F,Non-confidential,3,3
OECD.IEA:RDDPRIVATE(1.1),Private sector energy technology RD&D expenditures,AUSTRIA,Austria,PRIVATE,Private sector,RDD,"Research, development and demonstration",UN,Unallocated,NC_N,National currency (nominal),2019,2019,A,Annual,654.7,654.7,6,Millions,A,Normal Value,F,Non-confidential,3,3
OECD.IEA:RDDPRIVATE(1.1),Private sector energy technology RD&D expenditures,AUSTRIA,Austria,PRIVATE,Private sector,RDD,"Research, development and demonstration",UN,Unallocated,NC_N,National currency (nominal),2021,2021,A,Annual,759.8,759.8,6,Millions,A,Normal Value,F,Non-confidential,3,3
OECD.IEA:RDDPRIVATE(1.1),Private sector energy technology RD&D expenditures,AUSTRIA,Austria,PRIVATE,Private sector,RDD,"Research, development and demonstration",UN,Unallocated,NC_N,National currency (nominal),2023,2023,A,Annual,914.3,914.3,6,Millions,A,Normal Value,F,Non-confidential,3,3
OECD.IEA:RDDPRIVATE(1.1),Private sector energy technology RD&D expenditures,AUSTRIA,Austria,PRIVATE,Private sector,RDD,"Research, development and demonstration",UN,Unallocated,NC_R,National currency (constant prices),2015,2015,A,Annual,650.655,650.655,6,Millions,I,Imputed Value,F,Non-confidential,3,3
OECD.IEA:RDDPRIVATE(1.1),Private sector energy technology RD&D expenditures,AUSTRIA,Austria,PRIVATE,Private sector,RDD,"Research, development and demonstration",UN,Unallocated,NC_R,National currency (constant prices),2017,2017,A,Annual,889.052,889.052,6,Millions,I,Imputed Value,F,Non-confidential,3,3
OECD.IEA:RDDPRIVATE(1.1),Private sector energy technology RD&D expenditures,AUSTRIA,Austria,PRIVATE,Private sector,RDD,"Research, development and demonstration",UN,Unallocated,NC_R,National currency (constant prices),2019,2019,A,Annual,826.943,826.943,6,Millions,I,Imputed Value,F,Non-confidential,3,3
OECD.IEA:RDDPRIVATE(1.1),Private sector energy technology RD&D expenditures,AUSTRIA,Austria,PRIVATE,Private sector,RDD,"Research, development and demonstration",UN,Unallocated,NC_R,National currency (constant prices),2021,2021,A,Annual,918.37,918.37,6,Millions,I,Imputed Value,F,Non-confidential,3,3
OECD.IEA:RDDPRIVATE(1.1),Private sector energy technology RD&D expenditures,AUSTRIA,Austria,PRIVATE,Private sector,RDD,"Research, development and demonstration",UN,Unallocated,NC_R,National currency (constant prices),2023,2023,A,Annual,982.181,982.181,6,Millions,I,Imputed Value,F,Non-confidential,3,3
OECD.IEA:RDDPRIVATE(1.1),Private sector energy technology RD&D expenditures,AUSTRIA,Austria,PRIVATE,Private sector,RDD,"Research, development and demonstration",UN,Unallocated,USD_R,USD (constant prices and exchange rates),2015,2015,A,Annual,735.229,735.229,6,Millions,I,Imputed Value,F,Non-confidential,3,3
OECD.IEA:RDDPRIVATE(1.1),Private sector energy technology RD&D expenditures,AUSTRIA,Austria,PRIVATE,Private sector,RDD,"Research, development and demonstration",UN,Unallocated,USD_R,USD (constant prices and exchange rates),2017,2017,A,Annual,1004.613,1004.613,6,Millions,I,Imputed Value,F,Non-confidential,3,3
OECD.IEA:RDDPRIVATE(1.1),Private sector energy technology RD&D expenditures,AUSTRIA,Austria,PRIVATE,Private sector,RDD,"Research, development and demonstration",UN,Unallocated,USD_R,USD (constant prices and exchange rates),2019,2019,A,Annual,934.431,934.431,6,Millions,I,Imputed Value,F,Non-confidential,3,3
OECD.IEA:RDDPRIVATE(1.1),Private sector energy technology RD&D expenditures,AUSTRIA,Austria,PRIVATE,Private sector,RDD,"Research, development and demonstration",UN,Unallocated,USD_R,USD (constant prices and exchange rates),2021,2021,A,Annual,1037.742,1037.742,6,Millions,I,Imputed Value,F,Non-confidential,3,3
OECD.IEA:RDDPRIVATE(1.1),Private sector energy technology RD&D expenditures,AUSTRIA,Austria,PRIVATE,Private sector,RDD,"Research, development and demonstration",UN,Unallocated,USD_R,USD (constant prices and exchange rates),2023,2023,A,Annual,1109.848,1109.848,6,Millions,I,Imputed Value,F,Non-confidential,3,3
OECD.IEA:RDDPRIVATE(1.1),Private sector energy technology RD&D expenditures,AUSTRIA,Austria,PRIVATE,Private sector,RDD,"Research, development and demonstration",UN,Unallocated,USD_R_PPP,USD (constant prices and PPP),2015,2015,A,Annual,882.143,882.143,6,Millions,I,Imputed Value,F,Non-confidential,3,3
OECD.IEA:RDDPRIVATE(1.1),Private sector energy technology RD&D expenditures,AUSTRIA,Austria,PRIVATE,Private sector,RDD,"Research, development and demonstration",UN,Unallocated,USD_R_PPP,USD (constant prices and PPP),2017,2017,A,Annual,1205.356,1205.356,6,Millions,I,Imputed Value,F,Non-confidential,3,3
OECD.IEA:RDDPRIVATE(1.1),Private sector energy technology RD&D expenditures,AUSTRIA,Austria,PRIVATE,Private sector,RDD,"Research, development and demonstration",UN,Unallocated,USD_R_PPP,USD (constant prices and PPP),2019,2019,A,Annual,1121.15,1121.15,6,Millions,I,Imputed Value,F,Non-confidential,3,3
OECD.IEA:RDDPRIVATE(1.1),Private sector energy technology RD&D expenditures,AUSTRIA,Austria,PRIVATE,Private sector,RDD,"Research, development and demonstration",UN,Unallocated,USD_R_PPP,USD (constant prices and PPP),2021,2021,A,Annual,1245.105,1245.105,6,Millions,I,Imputed Value,F,Non-confidential,3,3
OECD.IEA:RDDPRIVATE(1.1),Private sector energy technology RD&D expenditures,AUSTRIA,Austria,PRIVATE,Private sector,RDD,"Research, development and demonstration",UN,Unallocated,USD_R_PPP,USD (constant prices and PPP),2023,2023,A,Annual,1331.619,1331.619,6,Millions,I,Imputed Value,F,Non-confidential,3,3
OECD.IEA:RDDPRIVATE(1.1),Private sector energy technology RD&D expenditures,CZECH,Czech Republic,PRIVATE,Private sector,RDD,"Research, development and demonstration",A,Energy end uses,EUR_R,Euro (constant prices and exchange rates),2015,2015,A,Annual,6.854,6.854,6,Millions,I,Imputed Value,F,Non-confidential,3,3
OECD.IEA:RDDPRIVATE(1.1),Private sector energy technology RD&D expenditures,CZECH,Czech Republic,PRIVATE,Private sector,RDD,"Research, development and demonstration",A,Energy end uses,EUR_R,Euro (constant prices and exchange rates),2016,2016,A,Annual,4.769,4.769,6,Millions,I,Imputed Value,F,Non-confidential,3,3
OECD.IEA:RDDPRIVATE(1.1),Private sector energy technology RD&D expenditures,CZECH,Czech Republic,PRIVATE,Private sector,RDD,"Research, development and demonstration",A,Energy end uses,EUR_R,Euro (constant prices and exchange rates),2017,2017,A,Annual,8.215,8.215,6,Millions,I,Imputed Value,F,Non-confidential,3,3
OECD.IEA:RDDPRIVATE(1.1),Private sector energy technology RD&D expenditures,CZECH,Czech Republic,PRIVATE,Private sector,RDD,"Research, development and demonstration",A,Energy end uses,EUR_R,Euro (constant prices and exchange rates),2018,2018,A,Annual,10.26,10.26,6,Millions,I,Imputed Value,F,Non-confidential,3,3
OECD.IEA:RDDPRIVATE(1.1),Private sector energy technology RD&D expenditures,CZECH,Czech Republic,PRIVATE,Private sector,RDD,"Research, development and demonstration",A,Energy end uses,EUR_R,Euro (constant prices and exchange rates),2019,2019,A,Annual,13.229,13.229,6,Millions,I,Imputed Value,F,Non-confidential,3,3
OECD.IEA:RDDPRIVATE(1.1),Private sector energy technology RD&D expenditures,CZECH,Czech Republic,PRIVATE,Private sector,RDD,"Research, development and demonstration",A,Energy end uses,EUR_R,Euro (constant prices and exchange rates),2020,2020,A,Annual,14.379,14.379,6,Millions,I,Imputed Value,F,Non-confidential,3,3
OECD.IEA:RDDPRIVATE(1.1),Private sector energy technology RD&D expenditures,CZECH,Czech Republic,PRIVATE,Private sector,RDD,"Research, development and demonstration",A,Energy end uses,EUR_R,Euro (constant prices and exchange rates),2021,2021,A,Annual,15.936,15.936,6,Millions,I,Imputed Value,F,Non-confidential,3,3
OECD.IEA:RDDPRIVATE(1.1),Private sector energy technology RD&D expenditures,CZECH,Czech Republic,PRIVATE,Private sector,RDD,"Research, development and demonstration",A,Energy end uses,EUR_R,Euro (constant prices and exchange rates),2022,2022,A,Annual,10.304,10.304,6,Millions,I,Imputed Value,F,Non-confidential,3,3
OECD.IEA:RDDPRIVATE(1.1),Private sector energy technology RD&D expenditures,CZECH,Czech Republic,PRIVATE,Private sector,RDD,"Research, development and demonstration",A,Energy end uses,EUR_R,Euro (constant prices and exchange rates),2023,2023,A,Annual,19.537,19.537,6,Millions,I,Imputed Value,F,Non-confidential,3,3
OECD.IEA:RDDPRIVATE(1.1),Private sector energy technology RD&D expenditures,CZECH,Czech Republic,PRIVATE,Private sector,RDD,"Research, development and demonstration",A,Energy end uses,EUR_R,Euro (constant prices and exchange rates),2024,2024,A,Annual,4.341,4.341,6,Millions,I,Imputed Value,F,Non-confidential,3,3
OECD.IEA:RDDPRIVATE(1.1),Private sector energy technology RD&D expenditures,CZECH,Czech Republic,PRIVATE,Private sector,RDD,"Research, development and demonstration",A,Energy end uses,EUR_R,Euro (constant prices and exchange rates),2025,2025,A,Annual,4.382,4.382,6,Millions,P,Provisional Value,F,Non-confidential,3,3
OECD.IEA:RDDPRIVATE(1.1),Private sector energy technology RD&D expenditures,CZECH,Czech Republic,PRIVATE,Private sector,RDD,"Research, development and demonstration",A,Energy end uses,NC_N,National currency (nominal),2015,2015,A,Annual,111.987,111.987,6,Millions,A,Normal Value,F,Non-confidential,3,3
OECD.IEA:RDDPRIVATE(1.1),Private sector energy technology RD&D expenditures,CZECH,Czech Republic,PRIVATE,Private sector,RDD,"Research, development and demonstration",A,Energy end uses,NC_N,National currency (nominal),2016,2016,A,Annual,79.087,79.087,6,Millions,A,Normal Value,F,Non-confidential,3,3
OECD.IEA:RDDPRIVATE(1.1),Private sector energy technology RD&D expenditures,CZECH,Czech Republic,PRIVATE,Private sector,RDD,"Research, development and demonstration",A,Energy end uses,NC_N,National currency (nominal),2017,2017,A,Annual,138.533,138.533,6,Millions,A,Normal Value,F,Non-confidential,3,3
OECD.IEA:RDDPRIVATE(1.1),Private sector energy technology RD&D expenditures,CZECH,Czech Republic,PRIVATE,Private sector,RDD,"Research, development and demonstration",A,Energy end uses,NC_N,National currency (nominal),2018,2018,A,Annual,177.882,177.882,6,Millions,A,Normal Value,F,Non-confidential,3,3
OECD.IEA:RDDPRIVATE(1.1),Private sector energy technology RD&D expenditures,CZECH,Czech Republic,PRIVATE,Private sector,RDD,"Research, development and demonstration",A,Energy end uses,NC_N,National currency (nominal),2019,2019,A,Annual,238.159,238.159,6,Millions,A,Normal Value,F,Non-confidential,3,3
OECD.IEA:RDDPRIVATE(1.1),Private sector energy technology RD&D expenditures,CZECH,Czech Republic,PRIVATE,Private sector,RDD,"Research, development and demonstration",A,Energy end uses,NC_N,National currency (nominal),2020,2020,A,Annual,270.556,270.556,6,Millions,A,Normal Value,F,Non-confidential,3,3
OECD.IEA:RDDPRIVATE(1.1),Private sector energy technology RD&D expenditures,CZECH,Czech Republic,PRIVATE,Private sector,RDD,"Research, development and demonstration",A,Energy end uses,NC_N,National currency (nominal),2021,2021,A,Annual,311.957,311.957,6,Millions,A,Normal Value,F,Non-confidential,3,3
OECD.IEA:RDDPRIVATE(1.1),Private sector energy technology RD&D expenditures,CZECH,Czech Republic,PRIVATE,Private sector,RDD,"Research, development and demonstration",A,Energy end uses,NC_N,National currency (nominal),2022,2022,A,Annual,219.197,219.197,6,Millions,A,Normal Value,F,Non-confidential,3,3
OECD.IEA:RDDPRIVATE(1.1),Private sector energy technology RD&D expenditures,CZECH,Czech Republic,PRIVATE,Private sector,RDD,"Research, development and demonstration",A,Energy end uses,NC_N,National currency (nominal),2023,2023,A,Annual,451.324,451.324,6,Millions,A,Normal Value,F,Non-confidential,3,3
OECD.IEA:RDDPRIVATE(1.1),Private sector energy technology RD&D expenditures,CZECH,Czech Republic,PRIVATE,Private sector,RDD,"Research, development and demonstration",A,Energy end uses,NC_N,National currency (nominal),2024,2024,A,Annual,104.189,104.189,6,Millions,A,Normal Value,F,Non-confidential,3,3
OECD.IEA:RDDPRIVATE(1.1),Private sector energy technology RD&D expenditures,CZECH,Czech Republic,PRIVATE,Private sector,RDD,"Research, development and demonstration",A,Energy end uses,NC_N,National currency (nominal),2025,2025,A,Annual,108.343,108.343,6,Millions,P,Provisional Value,F,Non-confidential,3,3
OECD.IEA:RDDPRIVATE(1.1),Private sector energy technology RD&D expenditures,CZECH,Czech Republic,PRIVATE,Private sector,RDD,"Research, development and demonstration",A,Energy end uses,NC_R,National currency (constant prices),2015,2015,A,Annual,169.467,169.467,6,Millions,I,Imputed Value,F,Non-confidential,3,3
OECD.IEA:RDDPRIVATE(1.1),Private sector energy technology RD&D expenditures,CZECH,Czech Republic,PRIVATE,Private sector,RDD,"Research, development and demonstration",A,Energy end uses,NC_R,National currency (constant prices),2016,2016,A,Annual,117.922,117.922,6,Millions,I,Imputed Value,F,Non-confidential,3,3
OECD.IEA:RDDPRIVATE(1.1),Private sector energy technology RD&D expenditures,CZECH,Czech Republic,PRIVATE,Private sector,RDD,"Research, development and demonstration",A,Energy end uses,NC_R,National currency (constant prices),2017,2017,A,Annual,203.138,203.138,6,Millions,I,Imputed Value,F,Non-confidential,3,3
OECD.IEA:RDDPRIVATE(1.1),Private sector energy technology RD&D expenditures,CZECH,Czech Republic,PRIVATE,Private sector,RDD,"Research, development and demonstration",A,Energy end uses,NC_R,National currency (constant prices),2018,2018,A,Annual,253.699,253.699,6,Millions,I,Imputed Value,F,Non-confidential,3,3
OECD.IEA:RDDPRIVATE(1.1),Private sector energy technology RD&D expenditures,CZECH,Czech Republic,PRIVATE,Private sector,RDD,"Research, development and demonstration",A,Energy end uses,NC_R,National currency (constant prices),2019,2019,A,Annual,327.103,327.103,6,Millions,I,Imputed Value,F,Non-confidential,3,3
OECD.IEA:RDDPRIVATE(1.1),Private sector energy technology RD&D expenditures,CZECH,Czech Republic,PRIVATE,Private sector,RDD,"Research, development and demonstration",A,Energy end uses,NC_R,National currency (constant prices),2020,2020,A,Annual,355.542,355.542,6,Millions,I,Imputed Value,F,Non-confidential,3,3
OECD.IEA:RDDPRIVATE(1.1),Private sector energy technology RD&D expenditures,CZECH,Czech Republic,PRIVATE,Private sector,RDD,"Research, development and demonstration",A,Energy end uses,NC_R,National currency (constant prices),2021,2021,A,Annual,394.05,394.05,6,Millions,I,Imputed Value,F,Non-confidential,3,3
OECD.IEA:RDDPRIVATE(1.1),Private sector energy technology RD&D expenditures,CZECH,Czech Republic,PRIVATE,Private sector,RDD,"Research, development and demonstration",A,Energy end uses,NC_R,National currency (constant prices),2022,2022,A,Annual,254.787,254.787,6,Millions,I,Imputed Value,F,Non-confidential,3,3
OECD.IEA:RDDPRIVATE(1.1),Private sector energy technology RD&D expenditures,CZECH,Czech Republic,PRIVATE,Private sector,RDD,"Research, development and demonstration",A,Energy end uses,NC_R,National currency (constant prices),2023,2023,A,Annual,483.069,483.069,6,Millions,I,Imputed Value,F,Non-confidential,3,3
OECD.IEA:RDDPRIVATE(1.1),Private sector energy technology RD&D expenditures,CZECH,Czech Republic,PRIVATE,Private sector,RDD,"Research, development and demonstration",A,Energy end uses,NC_R,National currency (constant prices),2024,2024,A,Annual,107.329,107.329,6,Millions,I,Imputed Value,F,Non-confidential,3,3
OECD.IEA:RDDPRIVATE(1.1),Private sector energy technology RD&D expenditures,CZECH,Czech Republic,PRIVATE,Private sector,RDD,"Research, development and demonstration",A,Energy end uses,NC_R,National currency (constant prices),2025,2025,A,Annual,108.343,108.343,6,Millions,P,Provisional Value,F,Non-confidential,3,3
OECD.IEA:RDDPRIVATE(1.1),Private sector energy technology RD&D expenditures,CZECH,Czech Republic,PRIVATE,Private sector,RDD,"Research, development and demonstration",A,Energy end uses,USD_R,USD (constant prices and exchange rates),2015,2015,A,Annual,7.745,7.745,6,Millions,I,Imputed Value,F,Non-confidential,3,3
OECD.IEA:RDDPRIVATE(1.1),Private sector energy technology RD&D expenditures,CZECH,Czech Republic,PRIVATE,Private sector,RDD,"Research, development and demonstration",A,Energy end uses,USD_R,USD (constant prices and exchange rates),2016,2016,A,Annual,5.389,5.389,6,Millions,I,Imputed Value,F,Non-confidential,3,3
OECD.IEA:RDDPRIVATE(1.1),Private sector energy technology RD&D expenditures,CZECH,Czech Republic,PRIVATE,Private sector,RDD,"Research, development and demonstration",A,Energy end uses,USD_R,USD (constant prices and exchange rates),2017,2017,A,Annual,9.283,9.283,6,Millions,I,Imputed Value,F,Non-confidential,3,3
OECD.IEA:RDDPRIVATE(1.1),Private sector energy technology RD&D expenditures,CZECH,Czech Republic,PRIVATE,Private sector,RDD,"Research, development and demonstration",A,Energy end uses,USD_R,USD (constant prices and exchange rates),2018,2018,A,Annual,11.594,11.594,6,Millions,I,Imputed Value,F,Non-confidential,3,3
OECD.IEA:RDDPRIVATE(1.1),Private sector energy technology RD&D expenditures,CZECH,Czech Republic,PRIVATE,Private sector,RDD,"Research, development and demonstration",A,Energy end uses,USD_R,USD (constant prices and exchange rates),2019,2019,A,Annual,14.948,14.948,6,Millions,I,Imputed Value,F,Non-confidential,3,3
OECD.IEA:RDDPRIVATE(1.1),Private sector energy technology RD&D expenditures,CZECH,Czech Republic,PRIVATE,Private sector,RDD,"Research, development and demonstration",A,Energy end uses,USD_R,USD (constant prices and exchange rates),2020,2020,A,Annual,16.248,16.248,6,Millions,I,Imputed Value,F,Non-confidential,3,3
OECD.IEA:RDDPRIVATE(1.1),Private sector energy technology RD&D expenditures,CZECH,Czech Republic,PRIVATE,Private sector,RDD,"Research, development and demonstration",A,Energy end uses,USD_R,USD (constant prices and exchange rates),2021,2021,A,Annual,18.008,18.008,6,Millions,I,Imputed Value,F,Non-confidential,3,3
OECD.IEA:RDDPRIVATE(1.1),Private sector energy technology RD&D expenditures,CZECH,Czech Republic,PRIVATE,Private sector,RDD,"Research, development and demonstration",A,Energy end uses,USD_R,USD (constant prices and exchange rates),2022,2022,A,Annual,11.644,11.644,6,Millions,I,Imputed Value,F,Non-confidential,3,3
OECD.IEA:RDDPRIVATE(1.1),Private sector energy technology RD&D expenditures,CZECH,Czech Republic,PRIVATE,Private sector,RDD,"Research, development and demonstration",A,Energy end uses,USD_R,USD (constant prices and exchange rates),2023,2023,A,Annual,22.076,22.076,6,Millions,I,Imputed Value,F,Non-confidential,3,3
OECD.IEA:RDDPRIVATE(1.1),Private sector energy technology RD&D expenditures,CZECH,Czech Republic,PRIVATE,Private sector,RDD,"Research, development and demonstration",A,Energy end uses,USD_R,USD (constant prices and exchange rates),2024,2024,A,Annual,4.905,4.905,6,Millions,I,Imputed Value,F,Non-confidential,3,3
OECD.IEA:RDDPRIVATE(1.1),Private sector energy technology RD&D expenditures,CZECH,Czech Republic,PRIVATE,Private sector,RDD,"Research, development and demonstration",A,Energy end uses,USD_R,USD (constant prices and exchange rates),2025,2025,A,Annual,4.951,4.951,6,Millions,P,Provisional Value,F,Non-confidential,3,3
OECD.IEA:RDDPRIVATE(1.1),Private sector energy technology RD&D expenditures,CZECH,Czech Republic,PRIVATE,Private sector,RDD,"Research, development and demonstration",A,Energy end uses,USD_R_PPP,USD (constant prices and PPP),2015,2015,A,Annual,13.078,13.078,6,Millions,I,Imputed Value,F,Non-confidential,3,3
OECD.IEA:RDDPRIVATE(1.1),Private sector energy technology RD&D expenditures,CZECH,Czech Republic,PRIVATE,Private sector,RDD,"Research, development and demonstration",A,Energy end uses,USD_R_PPP,USD (constant prices and PPP),2016,2016,A,Annual,9.1,9.1,6,Millions,I,Imputed Value,F,Non-confidential,3,3
OECD.IEA:RDDPRIVATE(1.1),Private sector energy technology RD&D expenditures,CZECH,Czech Republic,PRIVATE,Private sector,RDD,"Research, development and demonstration",A,Energy end uses,USD_R_PPP,USD (constant prices and PPP),2017,2017,A,Annual,15.676,15.676,6,Millions,I,Imputed Value,F,Non-confidential,3,3
OECD.IEA:RDDPRIVATE(1.1),Private sector energy technology RD&D expenditures,CZECH,Czech Republic,PRIVATE,Private sector,RDD,"Research, development and demonstration",A,Energy end uses,USD_R_PPP,USD (constant prices and PPP),2018,2018,A,Annual,19.578,19.578,6,Millions,I,Imputed Value,F,Non-confidential,3,3
OECD.IEA:RDDPRIVATE(1.1),Private sector energy technology RD&D expenditures,CZECH,Czech Republic,PRIVATE,Private sector,RDD,"Research, development and demonstration",A,Energy end uses,USD_R_PPP,USD (constant prices and PPP),2019,2019,A,Annual,25.242,25.242,6,Millions,I,Imputed Value,F,Non-confidential,3,3
OECD.IEA:RDDPRIVATE(1.1),Private sector energy technology RD&D expenditures,CZECH,Czech Republic,PRIVATE,Private sector,RDD,"Research, development and demonstration",A,Energy end uses,USD_R_PPP,USD (constant prices and PPP),2020,2020,A,Annual,27.437,27.437,6,Millions,I,Imputed Value,F,Non-confidential,3,3
OECD.IEA:RDDPRIVATE(1.1),Private sector energy technology RD&D expenditures,CZECH,Czech Republic,PRIVATE,Private sector,RDD,"Research, development and demonstration",A,Energy end uses,USD_R_PPP,USD (constant prices and PPP),2021,2021,A,Annual,30.409,30.409,6,Millions,I,Imputed Value,F,Non-confidential,3,3
OECD.IEA:RDDPRIVATE(1.1),Private sector energy technology RD&D expenditures,CZECH,Czech Republic,PRIVATE,Private sector,RDD,"Research, development and demonstration",A,Energy end uses,USD_R_PPP,USD (constant prices and PPP),2022,2022,A,Annual,19.662,19.662,6,Millions,I,Imputed Value,F,Non-confidential,3,3
OECD.IEA:RDDPRIVATE(1.1),Private sector energy technology RD&D expenditures,CZECH,Czech Republic,PRIVATE,Private sector,RDD,"Research, development and demonstration",A,Energy end uses,USD_R_PPP,USD (constant prices and PPP),2023,2023,A,Annual,37.278,37.278,6,Millions,I,Imputed Value,F,Non-confidential,3,3
OECD.IEA:RDDPRIVATE(1.1),Private sector energy technology RD&D expenditures,CZECH,Czech Republic,PRIVATE,Private sector,RDD,"Research, development and demonstration",A,Energy end uses,USD_R_PPP,USD (constant prices and PPP),2024,2024,A,Annual,8.283,8.283,6,Millions,I,Imputed Value,F,Non-confidential,3,3
OECD.IEA:RDDPRIVATE(1.1),Private sector energy technology RD&D expenditures,CZECH,Czech Republic,PRIVATE,Private sector,RDD,"Research, development and demonstration",A,Energy end uses,USD_R_PPP,USD (constant prices and PPP),2025,2025,A,Annual,8.361,8.361,6,Millions,P,Provisional Value,F,Non-confidential,3,3
OECD.IEA:RDDPRIVATE(1.1),Private sector energy technology RD&D expenditures,CZECH,Czech Republic,PRIVATE,Private sector,RDD,"Research, development and demonstration",B,Fossil fuels,EUR_R,Euro (constant prices and exchange rates),2015,2015,A,Annual,4.605,4.605,6,Millions,I,Imputed Value,F,Non-confidential,3,3
OECD.IEA:RDDPRIVATE(1.1),Private sector energy technology RD&D expenditures,CZECH,Czech Republic,PRIVATE,Private sector,RDD,"Research, development and demonstration",B,Fossil fuels,EUR_R,Euro (constant prices and exchange rates),2016,2016,A,Annual,4.333,4.333,6,Millions,I,Imputed Value,F,Non-confidential,3,3
OECD.IEA:RDDPRIVATE(1.1),Private sector energy technology RD&D expenditures,CZECH,Czech Republic,PRIVATE,Private sector,RDD,"Research, development and demonstration",B,Fossil fuels,EUR_R,Euro (constant prices and exchange rates),2017,2017,A,Annual,4.668,4.668,6,Millions,I,Imputed Value,F,Non-confidential,3,3
OECD.IEA:RDDPRIVATE(1.1),Private sector energy technology RD&D expenditures,CZECH,Czech Republic,PRIVATE,Private sector,RDD,"Research, development and demonstration",B,Fossil fuels,EUR_R,Euro (constant prices and exchange rates),2018,2018,A,Annual,4.428,4.428,6,Millions,I,Imputed Value,F,Non-confidential,3,3
OECD.IEA:RDDPRIVATE(1.1),Private sector energy technology RD&D expenditures,CZECH,Czech Republic,PRIVATE,Private sector,RDD,"Research, development and demonstration",B,Fossil fuels,EUR_R,Euro (constant prices and exchange rates),2019,2019,A,Annual,4.057,4.057,6,Millions,I,Imputed Value,F,Non-confidential,3,3
OECD.IEA:RDDPRIVATE(1.1),Private sector energy technology RD&D expenditures,CZECH,Czech Republic,PRIVATE,Private sector,RDD,"Research, development and demonstration",B,Fossil fuels,EUR_R,Euro (constant prices and exchange rates),2020,2020,A,Annual,1.925,1.925,6,Millions,I,Imputed Value,F,Non-confidential,3,3
OECD.IEA:RDDPRIVATE(1.1),Private sector energy technology RD&D expenditures,CZECH,Czech Republic,PRIVATE,Private sector,RDD,"Research, development and demonstration",B,Fossil fuels,EUR_R,Euro (constant prices and exchange rates),2021,2021,A,Annual,0.587,0.587,6,Millions,I,Imputed Value,F,Non-confidential,3,3
OECD.IEA:RDDPRIVATE(1.1),Private sector energy technology RD&D expenditures,CZECH,Czech Republic,PRIVATE,Private sector,RDD,"Research, development and demonstration",B,Fossil fuels,EUR_R,Euro (constant prices and exchange rates),2022,2022,A,Annual,0.865,0.865,6,Millions,I,Imputed Value,F,Non-confidential,3,3
OECD.IEA:RDDPRIVATE(1.1),Private sector energy technology RD&D expenditures,CZECH,Czech Republic,PRIVATE,Private sector,RDD,"Research, development and demonstration",B,Fossil fuels,EUR_R,Euro (constant prices and exchange rates),2023,2023,A,Annual,0.034,0.034,6,Millions,I,Imputed Value,F,Non-confidential,3,3
OECD.IEA:RDDPRIVATE(1.1),Private sector energy technology RD&D expenditures,CZECH,Czech Republic,PRIVATE,Private sector,RDD,"Research, development and demonstration",B,Fossil fuels,EUR_R,Euro (constant prices and exchange rates),2024,2024,A,Annual,0.0,0.0,6,Millions,I,Imputed Value,F,Non-confidential,3,3
OECD.IEA:RDDPRIVATE(1.1),Private sector energy technology RD&D expenditures,CZECH,Czech Republic,PRIVATE,Private sector,RDD,"Research, development and demonstration",B,Fossil fuels,EUR_R,Euro (constant prices and exchange rates),2025,2025,A,Annual,0.027,0.027,6,Millions,P,Provisional Value,F,Non-confidential,3,3
OECD.IEA:RDDPRIVATE(1.1),Private sector energy technology RD&D expenditures,CZECH,Czech Republic,PRIVATE,Private sector,RDD,"Research, development and demonstration",B,Fossil fuels,NC_N,National currency (nominal),2015,2015,A,Annual,75.246,75.246,6,Millions,A,Normal Value,F,Non-confidential,3,3
OECD.IEA:RDDPRIVATE(1.1),Private sector energy technology RD&D expenditures,CZECH,Czech Republic,PRIVATE,Private sector,RDD,"Research, development and demonstration",B,Fossil fuels,NC_N,National currency (nominal),2016,2016,A,Annual,71.86,71.86,6,Millions,A,Normal Value,F,Non-confidential,3,3
OECD.IEA:RDDPRIVATE(1.1),Private sector energy technology RD&D expenditures,CZECH,Czech Republic,PRIVATE,Private sector,RDD,"Research, development and demonstration",B,Fossil fuels,NC_N,National currency (nominal),2017,2017,A,Annual,78.711,78.711,6,Millions,A,Normal Value,F,Non-confidential,3,3
OECD.IEA:RDDPRIVATE(1.1),Private sector energy technology RD&D expenditures,CZECH,Czech Republic,PRIVATE,Private sector,RDD,"Research, development and demonstration",B,Fossil fuels,NC_N,National currency (nominal),2018,2018,A,Annual,76.776,76.776,6,Millions,A,Normal Value,F,Non-confidential,3,3
OECD.IEA:RDDPRIVATE(1.1),Private sector energy technology RD&D expenditures,CZECH,Czech Republic,PRIVATE,Private sector,RDD,"Research, development and demonstration",B,Fossil fuels,NC_N,National currency (nominal),2019,2019,A,Annual,73.033,73.033,6,Millions,A,Normal Value,F,Non-confidential,3,3
OECD.IEA:RDDPRIVATE(1.1),Private sector energy technology RD&D expenditures,CZECH,Czech Republic,PRIVATE,Private sector,RDD,"Research, development and demonstration",B,Fossil fuels,NC_N,National currency (nominal),2020,2020,A,Annual,36.22,36.22,6,Millions,A,Normal Value,F,Non-confidential,3,3
OECD.IEA:RDDPRIVATE(1.1),Private sector energy technology RD&D expenditures,CZECH,Czech Republic,PRIVATE,Private sector,RDD,"Research, development and demonstration",B,Fossil fuels,NC_N,National currency (nominal),2021,2021,A,Annual,11.485,11.485,6,Millions,A,Normal Value,F,Non-confidential,3,3
OECD.IEA:RDDPRIVATE(1.1),Private sector energy technology RD&D expenditures,CZECH,Czech Republic,PRIVATE,Private sector,RDD,"Research, development and demonstration",B,Fossil fuels,NC_N,National currency (nominal),2022,2022,A,Annual,18.401,18.401,6,Millions,A,Normal Value,F,Non-confidential,3,3
OECD.IEA:RDDPRIVATE(1.1),Private sector energy technology RD&D expenditures,CZECH,Czech Republic,PRIVATE,Private sector,RDD,"Research, development and demonstration",B,Fossil fuels,NC_N,National currency (nominal),2023,2023,A,Annual,0.788,0.788,6,Millions,A,Normal Value,F,Non-confidential,3,3
OECD.IEA:RDDPRIVATE(1.1),Private sector energy technology RD&D expenditures,CZECH,Czech Republic,PRIVATE,Private sector,RDD,"Research, development and demonstration",B,Fossil fuels,NC_N,National currency (nominal),2024,2024,A,Annual,0.0,0.0,6,Millions,A,Normal Value,F,Non-confidential,3,3
OECD.IEA:RDDPRIVATE(1.1),Private sector energy technology RD&D expenditures,CZECH,Czech Republic,PRIVATE,Private sector,RDD,"Research, development and demonstration",B,Fossil fuels,NC_N,National currency (nominal),2025,2025,A,Annual,0.657,0.657,6,Millions,P,Provisional Value,F,Non-confidential,3,3
OECD.IEA:RDDPRIVATE(1.1),Private sector energy technology RD&D expenditures,CZECH,Czech Republic,PRIVATE,Private sector,RDD,"Research, development and demonstration",B,Fossil fuels,NC_R,National currency (constant prices),2015,2015,A,Annual,113.868,113.868,6,Millions,I,Imputed Value,F,Non-confidential,3,3
OECD.IEA:RDDPRIVATE(1.1),Private sector energy technology RD&D expenditures,CZECH,Czech Republic,PRIVATE,Private sector,RDD,"Research, development and demonstration",B,Fossil fuels,NC_R,National currency (constant prices),2016,2016,A,Annual,107.146,107.146,6,Millions,I,Imputed Value,F,Non-confidential,3,3
OECD.IEA:RDDPRIVATE(1.1),Private sector energy technology RD&D expenditures,CZECH,Czech Republic,PRIVATE,Private sector,RDD,"Research, development and demonstration",B,Fossil fuels,NC_R,National currency (constant prices),2017,2017,A,Annual,115.418,115.418,6,Millions,I,Imputed Value,F,Non-confidential,3,3
OECD.IEA:RDDPRIVATE(1.1),Private sector energy technology RD&D expenditures,CZECH,Czech Republic,PRIVATE,Private sector,RDD,"Research, development and demonstration",B,Fossil fuels,NC_R,National currency (constant prices),2018,2018,A,Annual,109.5,109.5,6,Millions,I,Imputed Value,F,Non-confidential,3,3
OECD.IEA:RDDPRIVATE(1.1),Private sector energy technology RD&D expenditures,CZECH,Czech Republic,PRIVATE,Private sector,RDD,"Research, development and demonstration",B,Fossil fuels,NC_R,National currency (constant prices),2019,2019,A,Annual,100.308,100.308,6,Millions,I,Imputed Value,F,Non-confidential,3,3
OECD.IEA:RDDPRIVATE(1.1),Private sector energy technology RD&D expenditures,CZECH,Czech Republic,PRIVATE,Private sector,RDD,"Research, development and demonstration",B,Fossil fuels,NC_R,National currency (constant prices),2020,2020,A,Annual,47.597,47.597,6,Millions,I,Imputed Value,F,Non-confidential,3,3
OECD.IEA:RDDPRIVATE(1.1),Private sector energy technology RD&D expenditures,CZECH,Czech Republic,PRIVATE,Private sector,RDD,"Research, development and demonstration",B,Fossil fuels,NC_R,National currency (constant prices),2021,2021,A,Annual,14.507,14.507,6,Millions,I,Imputed Value,F,Non-confidential,3,3
OECD.IEA:RDDPRIVATE(1.1),Private sector energy technology RD&D expenditures,CZECH,Czech Republic,PRIVATE,Private sector,RDD,"Research, development and demonstration",B,Fossil fuels,NC_R,National currency (constant prices),2022,2022,A,Annual,21.389,21.389,6,Millions,I,Imputed Value,F,Non-confidential,3,3
OECD.IEA:RDDPRIVATE(1.1),Private sector energy technology RD&D expenditures,CZECH,Czech Republic,PRIVATE,Private sector,RDD,"Research, development and demonstration",B,Fossil fuels,NC_R,National currency (constant prices),2023,2023,A,Annual,0.843,0.843,6,Millions,I,Imputed Value,F,Non-confidential,3,3
OECD.IEA:RDDPRIVATE(1.1),Private sector energy technology RD&D expenditures,CZECH,Czech Republic,PRIVATE,Private sector,RDD,"Research, development and demonstration",B,Fossil fuels,NC_R,National currency (constant prices),2024,2024,A,Annual,0.0,0.0,6,Millions,I,Imputed Value,F,Non-confidential,3,3
OECD.IEA:RDDPRIVATE(1.1),Private sector energy technology RD&D expenditures,CZECH,Czech Republic,PRIVATE,Private sector,RDD,"Research, development and demonstration",B,Fossil fuels,NC_R,National currency (constant prices),2025,2025,A,Annual,0.657,0.657,6,Millions,P,Provisional Value,F,Non-confidential,3,3
OECD.IEA:RDDPRIVATE(1.1),Private sector energy technology RD&D expenditures,CZECH,Czech Republic,PRIVATE,Private sector,RDD,"Research, development and demonstration",B,Fossil fuels,USD_R,USD (constant prices and exchange rates),2015,2015,A,Annual,5.204,5.204,6,Millions,I,Imputed Value,F,Non-confidential,3,3
OECD.IEA:RDDPRIVATE(1.1),Private sector energy technology RD&D expenditures,CZECH,Czech Republic,PRIVATE,Private sector,RDD,"Research, development and demonstration",B,Fossil fuels,USD_R,USD (constant prices and exchange rates),2016,2016,A,Annual,4.897,4.897,6,Millions,I,Imputed Value,F,Non-confidential,3,3
OECD.IEA:RDDPRIVATE(1.1),Private sector energy technology RD&D expenditures,CZECH,Czech Republic,PRIVATE,Private sector,RDD,"Research, development and demonstration",B,Fossil fuels,USD_R,USD (constant prices and exchange rates),2017,2017,A,Annual,5.275,5.275,6,Millions,I,Imputed Value,F,Non-confidential,3,3
OECD.IEA:RDDPRIVATE(1.1),Private sector energy technology RD&D expenditures,CZECH,Czech Republic,PRIVATE,Private sector,RDD,"Research, development and demonstration",B,Fossil fuels,USD_R,USD (constant prices and exchange rates),2018,2018,A,Annual,5.004,5.004,6,Millions,I,Imputed Value,F,Non-confidential,3,3
OECD.IEA:RDDPRIVATE(1.1),Private sector energy technology RD&D expenditures,CZECH,Czech Republic,PRIVATE,Private sector,RDD,"Research, development and demonstration",B,Fossil fuels,USD_R,USD (constant prices and exchange rates),2019,2019,A,Annual,4.584,4.584,6,Millions,I,Imputed Value,F,Non-confidential,3,3
OECD.IEA:RDDPRIVATE(1.1),Private sector energy technology RD&D expenditures,CZECH,Czech Republic,PRIVATE,Private sector,RDD,"Research, development and demonstration",B,Fossil fuels,USD_R,USD (constant prices and exchange rates),2020,2020,A,Annual,2.175,2.175,6,Millions,I,Imputed Value,F,Non-confidential,3,3
OECD.IEA:RDDPRIVATE(1.1),Private sector energy technology RD&D expenditures,CZECH,Czech Republic,PRIVATE,Private sector,RDD,"Research, development and demonstration",B,Fossil fuels,USD_R,USD (constant prices and exchange rates),2021,2021,A,Annual,0.663,0.663,6,Millions,I,Imputed Value,F,Non-confidential,3,3
OECD.IEA:RDDPRIVATE(1.1),Private sector energy technology RD&D expenditures,CZECH,Czech Republic,PRIVATE,Private sector,RDD,"Research, development and demonstration",B,Fossil fuels,USD_R,USD (constant prices and exchange rates),2022,2022,A,Annual,0.977,0.977,6,Millions,I,Imputed Value,F,Non-confidential,3,3
OECD.IEA:RDDPRIVATE(1.1),Private sector energy technology RD&D expenditures,CZECH,Czech Republic,PRIVATE,Private sector,RDD,"Research, development and demonstration",B,Fossil fuels,USD_R,USD (constant prices and exchange rates),2023,2023,A,Annual,0.039,0.039,6,Millions,I,Imputed Value,F,Non-confidential,3,3
OECD.IEA:RDDPRIVATE(1.1),Private sector energy technology RD&D expenditures,CZECH,Czech Republic,PRIVATE,Private sector,RDD,"Research, development and demonstration",B,Fossil fuels,USD_R,USD (constant prices and exchange rates),2024,2024,A,Annual,0.0,0.0,6,Millions,I,Imputed Value,F,Non-confidential,3,3
OECD.IEA:RDDPRIVATE(1.1),Private sector energy technology RD&D expenditures,CZECH,Czech Republic,PRIVATE,Private sector,RDD,"Research, development and demonstration",B,Fossil fuels,USD_R,USD (constant prices and exchange rates),2025,2025,A,Annual,0.03,0.03,6,Millions,P,Provisional Value,F,Non-confidential,3,3
OECD.IEA:RDDPRIVATE(1.1),Private sector energy technology RD&D expenditures,CZECH,Czech Republic,PRIVATE,Private sector,RDD,"Research, development and demonstration",B,Fossil fuels,USD_R_PPP,USD (constant prices and PPP),2015,2015,A,Annual,8.787,8.787,6,Millions,I,Imputed Value,F,Non-confidential,3,3
OECD.IEA:RDDPRIVATE(1.1),Private sector energy technology RD&D expenditures,CZECH,Czech Republic,PRIVATE,Private sector,RDD,"Research, development and demonstration",B,Fossil fuels,USD_R_PPP,USD (constant prices and PPP),2016,2016,A,Annual,8.268,8.268,6,Millions,I,Imputed Value,F,Non-confidential,3,3
OECD.IEA:RDDPRIVATE(1.1),Private sector energy technology RD&D expenditures,CZECH,Czech Republic,PRIVATE,Private sector,RDD,"Research, development and demonstration",B,Fossil fuels,USD_R_PPP,USD (constant prices and PPP),2017,2017,A,Annual,8.907,8.907,6,Millions,I,Imputed Value,F,Non-confidential,3,3
OECD.IEA:RDDPRIVATE(1.1),Private sector energy technology RD&D expenditures,CZECH,Czech Republic,PRIVATE,Private sector,RDD,"Research, development and demonstration",B,Fossil fuels,USD_R_PPP,USD (constant prices and PPP),2018,2018,A,Annual,8.45,8.45,6,Millions,I,Imputed Value,F,Non-confidential,3,3
OECD.IEA:RDDPRIVATE(1.1),Private sector energy technology RD&D expenditures,CZECH,Czech Republic,PRIVATE,Private sector,RDD,"Research, development and demonstration",B,Fossil fuels,USD_R_PPP,USD (constant prices and PPP),2019,2019,A,Annual,7.741,7.741,6,Millions,I,Imputed Value,F,Non-confidential,3,3
OECD.IEA:RDDPRIVATE(1.1),Private sector energy technology RD&D expenditures,CZECH,Czech Republic,PRIVATE,Private sector,RDD,"Research, development and demonstration",B,Fossil fuels,USD_R_PPP,USD (constant prices and PPP),2020,2020,A,Annual,3.673,3.673,6,Millions,I,Imputed Value,F,Non-confidential,3,3
OECD.IEA:RDDPRIVATE(1.1),Private sector energy technology RD&D expenditures,CZECH,Czech Republic,PRIVATE,Private sector,RDD,"Research, development and demonstration",B,Fossil fuels,USD_R_PPP,USD (constant prices and PPP),2021,2021,A,Annual,1.12,1.12,6,Millions,I,Imputed Value,F,Non-confidential,3,3
OECD.IEA:RDDPRIVATE(1.1),Private sector energy technology RD&D expenditures,CZECH,Czech Republic,PRIVATE,Private sector,RDD,"Research, development and demonstration",B,Fossil fuels,USD_R_PPP,USD (constant prices and PPP),2022,2022,A,Annual,1.651,1.651,6,Millions,I,Imputed Value,F,Non-confidential,3,3
OECD.IEA:RDDPRIVATE(1.1),Private sector energy technology RD&D expenditures,CZECH,Czech Republic,PRIVATE,Private sector,RDD,"Research, development and demonstration",B,Fossil fuels,USD_R_PPP,USD (constant prices and PPP),2023,2023,A,Annual,0.065,0.065,6,Millions,I,Imputed Value,F,Non-confidential,3,3
OECD.IEA:RDDPRIVATE(1.1),Private sector energy technology RD&D expenditures,CZECH,Czech Republic,PRIVATE,Private sector,RDD,"Research, development and demonstration",B,Fossil fuels,USD_R_PPP,USD (constant prices and PPP),2024,2024,A,Annual,0.0,0.0,6,Millions,I,Imputed Value,F,Non-confidential,3,3
OECD.IEA:RDDPRIVATE(1.1),Private sector energy technology RD&D expenditures,CZECH,Czech Republic,PRIVATE,Private sector,RDD,"Research, development and demonstration",B,Fossil fuels,USD_R_PPP,USD (constant prices and PPP),2025,2025,A,Annual,0.051,0.051,6,Millions,P,Provisional Value,F,Non-confidential,3,3
OECD.IEA:RDDPRIVATE(1.1),Private sector energy technology RD&D expenditures,CZECH,Czech Republic,PRIVATE,Private sector,RDD,"Research, development and demonstration",C,Renewable energy sources,EUR_R,Euro (constant prices and exchange rates),2015,2015,A,Annual,6.449,6.449,6,Millions,I,Imputed Value,F,Non-confidential,3,3
OECD.IEA:RDDPRIVATE(1.1),Private sector energy technology RD&D expenditures,CZECH,Czech Republic,PRIVATE,Private sector,RDD,"Research, development and demonstration",C,Renewable energy sources,EUR_R,Euro (constant prices and exchange rates),2016,2016,A,Annual,5.074,5.074,6,Millions,I,Imputed Value,F,Non-confidential,3,3
OECD.IEA:RDDPRIVATE(1.1),Private sector energy technology RD&D expenditures,CZECH,Czech Republic,PRIVATE,Private sector,RDD,"Research, development and demonstration",C,Renewable energy sources,EUR_R,Euro (constant prices and exchange rates),2017,2017,A,Annual,5.142,5.142,6,Millions,I,Imputed Value,F,Non-confidential,3,3
OECD.IEA:RDDPRIVATE(1.1),Private sector energy technology RD&D expenditures,CZECH,Czech Republic,PRIVATE,Private sector,RDD,"Research, development and demonstration",C,Renewable energy sources,EUR_R,Euro (constant prices and exchange rates),2018,2018,A,Annual,4.853,4.853,6,Millions,I,Imputed Value,F,Non-confidential,3,3
OECD.IEA:RDDPRIVATE(1.1),Private sector energy technology RD&D expenditures,CZECH,Czech Republic,PRIVATE,Private sector,RDD,"Research, development and demonstration",C,Renewable energy sources,EUR_R,Euro (constant prices and exchange rates),2019,2019,A,Annual,5.542,5.542,6,Millions,I,Imputed Value,F,Non-confidential,3,3
OECD.IEA:RDDPRIVATE(1.1),Private sector energy technology RD&D expenditures,CZECH,Czech Republic,PRIVATE,Private sector,RDD,"Research, development and demonstration",C,Renewable energy sources,EUR_R,Euro (constant prices and exchange rates),2020,2020,A,Annual,6.66,6.66,6,Millions,I,Imputed Value,F,Non-confidential,3,3
OECD.IEA:RDDPRIVATE(1.1),Private sector energy technology RD&D expenditures,CZECH,Czech Republic,PRIVATE,Private sector,RDD,"Research, development and demonstration",C,Renewable energy sources,EUR_R,Euro (constant prices and exchange rates),2021,2021,A,Annual,4.873,4.873,6,Millions,I,Imputed Value,F,Non-confidential,3,3
OECD.IEA:RDDPRIVATE(1.1),Private sector energy technology RD&D expenditures,CZECH,Czech Republic,PRIVATE,Private sector,RDD,"Research, development and demonstration",C,Renewable energy sources,EUR_R,Euro (constant prices and exchange rates),2022,2022,A,Annual,2.487,2.487,6,Millions,I,Imputed Value,F,Non-confidential,3,3
OECD.IEA:RDDPRIVATE(1.1),Private sector energy technology RD&D expenditures,CZECH,Czech Republic,PRIVATE,Private sector,RDD,"Research, development and demonstration",C,Renewable energy sources,EUR_R,Euro (constant prices and exchange rates),2023,2023,A,Annual,6.193,6.193,6,Millions,I,Imputed Value,F,Non-confidential,3,3
OECD.IEA:RDDPRIVATE(1.1),Private sector energy technology RD&D expenditures,CZECH,Czech Republic,PRIVATE,Private sector,RDD,"Research, development and demonstration",C,Renewable energy sources,EUR_R,Euro (constant prices and exchange rates),2024,2024,A,Annual,1.249,1.249,6,Millions,I,Imputed Value,F,Non-confidential,3,3
OECD.IEA:RDDPRIVATE(1.1),Private sector energy technology RD&D expenditures,CZECH,Czech Republic,PRIVATE,Private sector,RDD,"Research, development and demonstration",C,Renewable energy sources,EUR_R,Euro (constant prices and exchange rates),2025,2025,A,Annual,2.113,2.113,6,Millions,P,Provisional Value,F,Non-confidential,3,3
OECD.IEA:RDDPRIVATE(1.1),Private sector energy technology RD&D expenditures,CZECH,Czech Republic,PRIVATE,Private sector,RDD,"Research, development and demonstration",C,Renewable energy sources,NC_N,National currency (nominal),2015,2015,A,Annual,105.379,105.379,6,Millions,A,Normal Value,F,Non-confidential,3,3
OECD.IEA:RDDPRIVATE(1.1),Private sector energy technology RD&D expenditures,CZECH,Czech Republic,PRIVATE,Private sector,RDD,"Research, development and demonstration",C,Renewable energy sources,NC_N,National currency (nominal),2016,2016,A,Annual,84.142,84.142,6,Millions,A,Normal Value,F,Non-confidential,3,3
OECD.IEA:RDDPRIVATE(1.1),Private sector energy technology RD&D expenditures,CZECH,Czech Republic,PRIVATE,Private sector,RDD,"Research, development and demonstration",C,Renewable energy sources,NC_N,National currency (nominal),2017,2017,A,Annual,86.715,86.715,6,Millions,A,Normal Value,F,Non-confidential,3,3
OECD.IEA:RDDPRIVATE(1.1),Private sector energy technology RD&D expenditures,CZECH,Czech Republic,PRIVATE,Private sector,RDD,"Research, development and demonstration",C,Renewable energy sources,NC_N,National currency (nominal),2018,2018,A,Annual,84.128,84.128,6,Millions,A,Normal Value,F,Non-confidential,3,3
OECD.IEA:RDDPRIVATE(1.1),Private sector energy technology RD&D expenditures,CZECH,Czech Republic,PRIVATE,Private sector,RDD,"Research, development and demonstration",C,Renewable energy sources,NC_N,National currency (nominal),2019,2019,A,Annual,99.78,99.78,6,Millions,A,Normal Value,F,Non-confidential,3,3
OECD.IEA:RDDPRIVATE(1.1),Private sector energy technology RD&D expenditures,CZECH,Czech Republic,PRIVATE,Private sector,RDD,"Research, development and demonstration",C,Renewable energy sources,NC_N,National currency (nominal),2020,2020,A,Annual,125.306,125.306,6,Millions,A,Normal Value,F,Non-confidential,3,3
OECD.IEA:RDDPRIVATE(1.1),Private sector energy technology RD&D expenditures,CZECH,Czech Republic,PRIVATE,Private sector,RDD,"Research, development and demonstration",C,Renewable energy sources,NC_N,National currency (nominal),2021,2021,A,Annual,95.398,95.398,6,Millions,A,Normal Value,F,Non-confidential,3,3
OECD.IEA:RDDPRIVATE(1.1),Private sector energy technology RD&D expenditures,CZECH,Czech Republic,PRIVATE,Private sector,RDD,"Research, development and demonstration",C,Renewable energy sources,NC_N,National currency (nominal),2022,2022,A,Annual,52.91,52.91,6,Millions,A,Normal Value,F,Non-confidential,3,3
OECD.IEA:RDDPRIVATE(1.1),Private sector energy technology RD&D expenditures,CZECH,Czech Republic,PRIVATE,Private sector,RDD,"Research, development and demonstration",C,Renewable energy sources,NC_N,National currency (nominal),2023,2023,A,Annual,143.073,143.073,6,Millions,A,Normal Value,F,Non-confidential,3,3
OECD.IEA:RDDPRIVATE(1.1),Private sector energy technology RD&D expenditures,CZECH,Czech Republic,PRIVATE,Private sector,RDD,"Research, development and demonstration",C,Renewable energy sources,NC_N,National currency (nominal),2024,2024,A,Annual,29.972,29.972,6,Millions,A,Normal Value,F,Non-confidential,3,3
OECD.IEA:RDDPRIVATE(1.1),Private sector energy technology RD&D expenditures,CZECH,Czech Republic,PRIVATE,Private sector,RDD,"Research, development and demonstration",C,Renewable energy sources,NC_N,National currency (nominal),2025,2025,A,Annual,52.239,52.239,6,Millions,P,Provisional Value,F,Non-confidential,3,3
OECD.IEA:RDDPRIVATE(1.1),Private sector energy technology RD&D expenditures,CZECH,Czech Republic,PRIVATE,Private sector,RDD,"Research, development and demonstration",C,Renewable energy sources,NC_R,National currency (constant prices),2015,2015,A,Annual,159.467,159.467,6,Millions,I,Imputed Value,F,Non-confidential,3,3
OECD.IEA:RDDPRIVATE(1.1),Private sector energy technology RD&D expenditures,CZECH,Czech Republic,PRIVATE,Private sector,RDD,"Research, development and demonstration",C,Renewable energy sources,NC_R,National currency (constant prices),2016,2016,A,Annual,125.459,125.459,6,Millions,I,Imputed Value,F,Non-confidential,3,3
OECD.IEA:RDDPRIVATE(1.1),Private sector energy technology RD&D expenditures,CZECH,Czech Republic,PRIVATE,Private sector,RDD,"Research, development and demonstration",C,Renewable energy sources,NC_R,National currency (constant prices),2017,2017,A,Annual,127.154,127.154,6,Millions,I,Imputed Value,F,Non-confidential,3,3
OECD.IEA:RDDPRIVATE(1.1),Private sector energy technology RD&D expenditures,CZECH,Czech Republic,PRIVATE,Private sector,RDD,"Research, development and demonstration",C,Renewable energy sources,NC_R,National currency (constant prices),2018,2018,A,Annual,119.985,119.985,6,Millions,I,Imputed Value,F,Non-confidential,3,3
OECD.IEA:RDDPRIVATE(1.1),Private sector energy technology RD&D expenditures,CZECH,Czech Republic,PRIVATE,Private sector,RDD,"Research, development and demonstration",C,Renewable energy sources,NC_R,National currency (constant prices),2019,2019,A,Annual,137.044,137.044,6,Millions,I,Imputed Value,F,Non-confidential,3,3
OECD.IEA:RDDPRIVATE(1.1),Private sector energy technology RD&D expenditures,CZECH,Czech Republic,PRIVATE,Private sector,RDD,"Research, development and demonstration",C,Renewable energy sources,NC_R,National currency (constant prices),2020,2020,A,Annual,164.667,164.667,6,Millions,I,Imputed Value,F,Non-confidential,3,3
OECD.IEA:RDDPRIVATE(1.1),Private sector energy technology RD&D expenditures,CZECH,Czech Republic,PRIVATE,Private sector,RDD,"Research, development and demonstration",C,Renewable energy sources,NC_R,National currency (constant prices),2021,2021,A,Annual,120.502,120.502,6,Millions,I,Imputed Value,F,Non-confidential,3,3
OECD.IEA:RDDPRIVATE(1.1),Private sector energy technology RD&D expenditures,CZECH,Czech Republic,PRIVATE,Private sector,RDD,"Research, development and demonstration",C,Renewable energy sources,NC_R,National currency (constant prices),2022,2022,A,Annual,61.501,61.501,6,Millions,I,Imputed Value,F,Non-confidential,3,3
OECD.IEA:RDDPRIVATE(1.1),Private sector energy technology RD&D expenditures,CZECH,Czech Republic,PRIVATE,Private sector,RDD,"Research, development and demonstration",C,Renewable energy sources,NC_R,National currency (constant prices),2023,2023,A,Annual,153.136,153.136,6,Millions,I,Imputed Value,F,Non-confidential,3,3
OECD.IEA:RDDPRIVATE(1.1),Private sector energy technology RD&D expenditures,CZECH,Czech Republic,PRIVATE,Private sector,RDD,"Research, development and demonstration",C,Renewable energy sources,NC_R,National currency (constant prices),2024,2024,A,Annual,30.875,30.875,6,Millions,I,Imputed Value,F,Non-confidential,3,3
OECD.IEA:RDDPRIVATE(1.1),Private sector energy technology RD&D expenditures,CZECH,Czech Republic,PRIVATE,Private sector,RDD,"Research, development and demonstration",C,Renewable energy sources,NC_R,National currency (constant prices),2025,2025,A,Annual,52.239,52.239,6,Millions,P,Provisional Value,F,Non-confidential,3,3
OECD.IEA:RDDPRIVATE(1.1),Private sector energy technology RD&D expenditures,CZECH,Czech Republic,PRIVATE,Private sector,RDD,"Research, development and demonstration",C,Renewable energy sources,USD_R,USD (constant prices and exchange rates),2015,2015,A,Annual,7.288,7.288,6,Millions,I,Imputed Value,F,Non-confidential,3,3
OECD.IEA:RDDPRIVATE(1.1),Private sector energy technology RD&D expenditures,CZECH,Czech Republic,PRIVATE,Private sector,RDD,"Research, development and demonstration",C,Renewable energy sources,USD_R,USD (constant prices and exchange rates),2016,2016,A,Annual,5.733,5.733,6,Millions,I,Imputed Value,F,Non-confidential,3,3
OECD.IEA:RDDPRIVATE(1.1),Private sector energy technology RD&D expenditures,CZECH,Czech Republic,PRIVATE,Private sector,RDD,"Research, development and demonstration",C,Renewable energy sources,USD_R,USD (constant prices and exchange rates),2017,2017,A,Annual,5.811,5.811,6,Millions,I,Imputed Value,F,Non-confidential,3,3
OECD.IEA:RDDPRIVATE(1.1),Private sector energy technology RD&D expenditures,CZECH,Czech Republic,PRIVATE,Private sector,RDD,"Research, development and demonstration",C,Renewable energy sources,USD_R,USD (constant prices and exchange rates),2018,2018,A,Annual,5.483,5.483,6,Millions,I,Imputed Value,F,Non-confidential,3,3
OECD.IEA:RDDPRIVATE(1.1),Private sector energy technology RD&D expenditures,CZECH,Czech Republic,PRIVATE,Private sector,RDD,"Research, development and demonstration",C,Renewable energy sources,USD_R,USD (constant prices and exchange rates),2019,2019,A,Annual,6.263,6.263,6,Millions,I,Imputed Value,F,Non-confidential,3,3
OECD.IEA:RDDPRIVATE(1.1),Private sector energy technology RD&D expenditures,CZECH,Czech Republic,PRIVATE,Private sector,RDD,"Research, development and demonstration",C,Renewable energy sources,USD_R,USD (constant prices and exchange rates),2020,2020,A,Annual,7.525,7.525,6,Millions,I,Imputed Value,F,Non-confidential,3,3
OECD.IEA:RDDPRIVATE(1.1),Private sector energy technology RD&D expenditures,CZECH,Czech Republic,PRIVATE,Private sector,RDD,"Research, development and demonstration",C,Renewable energy sources,USD_R,USD (constant prices and exchange rates),2021,2021,A,Annual,5.507,5.507,6,Millions,I,Imputed Value,F,Non-confidential,3,3
OECD.IEA:RDDPRIVATE(1.1),Private sector energy technology RD&D expenditures,CZECH,Czech Republic,PRIVATE,Private sector,RDD,"Research, development and demonstration",C,Renewable energy sources,USD_R,USD (constant prices and exchange rates),2022,2022,A,Annual,2.811,2.811,6,Millions,I,Imputed Value,F,Non-confidential,3,3
OECD.IEA:RDDPRIVATE(1.1),Private sector energy technology RD&D expenditures,CZECH,Czech Republic,PRIVATE,Private sector,RDD,"Research, development and demonstration",C,Renewable energy sources,USD_R,USD (constant prices and exchange rates),2023,2023,A,Annual,6.998,6.998,6,Millions,I,Imputed Value,F,Non-confidential,3,3
OECD.IEA:RDDPRIVATE(1.1),Private sector energy technology RD&D expenditures,CZECH,Czech Republic,PRIVATE,Private sector,RDD,"Research, development and demonstration",C,Renewable energy sources,USD_R,USD (constant prices and exchange rates),2024,2024,A,Annual,1.411,1.411,6,Millions,I,Imputed Value,F,Non-confidential,3,3
OECD.IEA:RDDPRIVATE(1.1),Private sector energy technology RD&D expenditures,CZECH,Czech Republic,PRIVATE,Private sector,RDD,"Research, development and demonstration",C,Renewable energy sources,USD_R,USD (constant prices and exchange rates),2025,2025,A,Annual,2.387,2.387,6,Millions,P,Provisional Value,F,Non-confidential,3,3
OECD.IEA:RDDPRIVATE(1.1),Private sector energy technology RD&D expenditures,CZECH,Czech Republic,PRIVATE,Private sector,RDD,"Research, development and demonstration",C,Renewable energy sources,USD_R_PPP,USD (constant prices and PPP),2015,2015,A,Annual,12.306,12.306,6,Millions,I,Imputed Value,F,Non-confidential,3,3
OECD.IEA:RDDPRIVATE(1.1),Private sector energy technology RD&D expenditures,CZECH,Czech Republic,PRIVATE,Private sector,RDD,"Research, development and demonstration",C,Renewable energy sources,USD_R_PPP,USD (constant prices and PPP),2016,2016,A,Annual,9.682,9.682,6,Millions,I,Imputed Value,F,Non-confidential,3,3
OECD.IEA:RDDPRIVATE(1.1),Private sector energy technology RD&D expenditures,CZECH,Czech Republic,PRIVATE,Private sector,RDD,"Research, development and demonstration",C,Renewable energy sources,USD_R_PPP,USD (constant prices and PPP),2017,2017,A,Annual,9.812,9.812,6,Millions,I,Imputed Value,F,Non-confidential,3,3
OECD.IEA:RDDPRIVATE(1.1),Private sector energy technology RD&D expenditures,CZECH,Czech Republic,PRIVATE,Private sector,RDD,"Research, development and demonstration",C,Renewable energy sources,USD_R_PPP,USD (constant prices and PPP),2018,2018,A,Annual,9.259,9.259,6,Millions,I,Imputed Value,F,Non-confidential,3,3
OECD.IEA:RDDPRIVATE(1.1),Private sector energy technology RD&D expenditures,CZECH,Czech Republic,PRIVATE,Private sector,RDD,"Research, development and demonstration",C,Renewable energy sources,USD_R_PPP,USD (constant prices and PPP),2019,2019,A,Annual,10.576,10.576,6,Millions,I,Imputed Value,F,Non-confidential,3,3
OECD.IEA:RDDPRIVATE(1.1),Private sector energy technology RD&D expenditures,CZECH,Czech Republic,PRIVATE,Private sector,RDD,"Research, development and demonstration",C,Renewable energy sources,USD_R_PPP,USD (constant prices and PPP),2020,2020,A,Annual,12.707,12.707,6,Millions,I,Imputed Value,F,Non-confidential,3,3
OECD.IEA:RDDPRIVATE(1.1),Private sector energy technology RD&D expenditures,CZECH,Czech Republic,PRIVATE,Private sector,RDD,"Research, development and demonstration",C,Renewable energy sources,USD_R_PPP,USD (constant prices and PPP),2021,2021,A,Annual,9.299,9.299,6,Millions,I,Imputed Value,F,Non-confidential,3,3
OECD.IEA:RDDPRIVATE(1.1),Private sector energy technology RD&D expenditures,CZECH,Czech Republic,PRIVATE,Private sector,RDD,"Research, development and demonstration",C,Renewable energy sources,USD_R_PPP,USD (constant prices and PPP),2022,2022,A,Annual,4.746,4.746,6,Millions,I,Imputed Value,F,Non-confidential,3,3
OECD.IEA:RDDPRIVATE(1.1),Private sector energy technology RD&D expenditures,CZECH,Czech Republic,PRIVATE,Private sector,RDD,"Research, development and demonstration",C,Renewable energy sources,USD_R_PPP,USD (constant prices and PPP),2023,2023,A,Annual,11.817,11.817,6,Millions,I,Imputed Value,F,Non-confidential,3,3
OECD.IEA:RDDPRIVATE(1.1),Private sector energy technology RD&D expenditures,CZECH,Czech Republic,PRIVATE,Private sector,RDD,"Research, development and demonstration",C,Renewable energy sources,USD_R_PPP,USD (constant prices and PPP),2024,2024,A,Annual,2.383,2.383,6,Millions,I,Imputed Value,F,Non-confidential,3,3
OECD.IEA:RDDPRIVATE(1.1),Private sector energy technology RD&D expenditures,CZECH,Czech Republic,PRIVATE,Private sector,RDD,"Research, development and demonstration",C,Renewable energy sources,USD_R_PPP,USD (constant prices and PPP),2025,2025,A,Annual,4.031,4.031,6,Millions,P,Provisional Value,F,Non-confidential,3,3
OECD.IEA:RDDPRIVATE(1.1),Private sector energy technology RD&D expenditures,CZECH,Czech Republic,PRIVATE,Private sector,RDD,"Research, development and demonstration",D,Nuclear fission and fusion,EUR_R,Euro (constant prices and exchange rates),2015,2015,A,Annual,23.623,23.623,6,Millions,I,Imputed Value,F,Non-confidential,3,3
OECD.IEA:RDDPRIVATE(1.1),Private sector energy technology RD&D expenditures,CZECH,Czech Republic,PRIVATE,Private sector,RDD,"Research, development and demonstration",D,Nuclear fission and fusion,EUR_R,Euro (constant prices and exchange rates),2016,2016,A,Annual,7.722,7.722,6,Millions,I,Imputed Value,F,Non-confidential,3,3
OECD.IEA:RDDPRIVATE(1.1),Private sector energy technology RD&D expenditures,CZECH,Czech Republic,PRIVATE,Private sector,RDD,"Research, development and demonstration",D,Nuclear fission and fusion,EUR_R,Euro (constant prices and exchange rates),2017,2017,A,Annual,12.923,12.923,6,Millions,I,Imputed Value,F,Non-confidential,3,3
OECD.IEA:RDDPRIVATE(1.1),Private sector energy technology RD&D expenditures,CZECH,Czech Republic,PRIVATE,Private sector,RDD,"Research, development and demonstration",D,Nuclear fission and fusion,EUR_R,Euro (constant prices and exchange rates),2018,2018,A,Annual,13.006,13.006,6,Millions,I,Imputed Value,F,Non-confidential,3,3
OECD.IEA:RDDPRIVATE(1.1),Private sector energy technology RD&D expenditures,CZECH,Czech Republic,PRIVATE,Private sector,RDD,"Research, development and demonstration",D,Nuclear fission and fusion,EUR_R,Euro (constant prices and exchange rates),2019,2019,A,Annual,13.992,13.992,6,Millions,I,Imputed Value,F,Non-confidential,3,3
OECD.IEA:RDDPRIVATE(1.1),Private sector energy technology RD&D expenditures,CZECH,Czech Republic,PRIVATE,Private sector,RDD,"Research, development and demonstration",D,Nuclear fission and fusion,EUR_R,Euro (constant prices and exchange rates),2020,2020,A,Annual,13.314,13.314,6,Millions,I,Imputed Value,F,Non-confidential,3,3
OECD.IEA:RDDPRIVATE(1.1),Private sector energy technology RD&D expenditures,CZECH,Czech Republic,PRIVATE,Private sector,RDD,"Research, development and demonstration",D,Nuclear fission and fusion,EUR_R,Euro (constant prices and exchange rates),2021,2021,A,Annual,7.756,7.756,6,Millions,I,Imputed Value,F,Non-confidential,3,3
OECD.IEA:RDDPRIVATE(1.1),Private sector energy technology RD&D expenditures,CZECH,Czech Republic,PRIVATE,Private sector,RDD,"Research, development and demonstration",D,Nuclear fission and fusion,EUR_R,Euro (constant prices and exchange rates),2022,2022,A,Annual,4.632,4.632,6,Millions,I,Imputed Value,F,Non-confidential,3,3
OECD.IEA:RDDPRIVATE(1.1),Private sector energy technology RD&D expenditures,CZECH,Czech Republic,PRIVATE,Private sector,RDD,"Research, development and demonstration",D,Nuclear fission and fusion,EUR_R,Euro (constant prices and exchange rates),2023,2023,A,Annual,8.691,8.691,6,Millions,I,Imputed Value,F,Non-confidential,3,3
OECD.IEA:RDDPRIVATE(1.1),Private sector energy technology RD&D expenditures,CZECH,Czech Republic,PRIVATE,Private sector,RDD,"Research, development and demonstration",D,Nuclear fission and fusion,EUR_R,Euro (constant prices and exchange rates),2024,2024,A,Annual,8.194,8.194,6,Millions,I,Imputed Value,F,Non-confidential,3,3
OECD.IEA:RDDPRIVATE(1.1),Private sector energy technology RD&D expenditures,CZECH,Czech Republic,PRIVATE,Private sector,RDD,"Research, development and demonstration",D,Nuclear fission and fusion,EUR_R,Euro (constant prices and exchange rates),2025,2025,A,Annual,5.878,5.878,6,Millions,P,Provisional Value,F,Non-confidential,3,3
OECD.IEA:RDDPRIVATE(1.1),Private sector energy technology RD&D expenditures,CZECH,Czech Republic,PRIVATE,Private sector,RDD,"Research, development and demonstration",D,Nuclear fission and fusion,NC_N,National currency (nominal),2015,2015,A,Annual,385.995,385.995,6,Millions,A,Normal Value,F,Non-confidential,3,3
OECD.IEA:RDDPRIVATE(1.1),Private sector energy technology RD&D expenditures,CZECH,Czech Republic,PRIVATE,Private sector,RDD,"Research, development and demonstration",D,Nuclear fission and fusion,NC_N,National currency (nominal),2016,2016,A,Annual,128.061,128.061,6,Millions,A,Normal Value,F,Non-confidential,3,3
OECD.IEA:RDDPRIVATE(1.1),Private sector energy technology RD&D expenditures,CZECH,Czech Republic,PRIVATE,Private sector,RDD,"Research, development and demonstration",D,Nuclear fission and fusion,NC_N,National currency (nominal),2017,2017,A,Annual,217.913,217.913,6,Millions,A,Normal Value,F,Non-confidential,3,3
OECD.IEA:RDDPRIVATE(1.1),Private sector energy technology RD&D expenditures,CZECH,Czech Republic,PRIVATE,Private sector,RDD,"Research, development and demonstration",D,Nuclear fission and fusion,NC_N,National currency (nominal),2018,2018,A,Annual,225.485,225.485,6,Millions,A,Normal Value,F,Non-confidential,3,3
OECD.IEA:RDDPRIVATE(1.1),Private sector energy technology RD&D expenditures,CZECH,Czech Republic,PRIVATE,Private sector,RDD,"Research, development and demonstration",D,Nuclear fission and fusion,NC_N,National currency (nominal),2019,2019,A,Annual,251.901,251.901,6,Millions,A,Normal Value,F,Non-confidential,3,3
OECD.IEA:RDDPRIVATE(1.1),Private sector energy technology RD&D expenditures,CZECH,Czech Republic,PRIVATE,Private sector,RDD,"Research, development and demonstration",D,Nuclear fission and fusion,NC_N,National currency (nominal),2020,2020,A,Annual,250.512,250.512,6,Millions,A,Normal Value,F,Non-confidential,3,3
OECD.IEA:RDDPRIVATE(1.1),Private sector energy technology RD&D expenditures,CZECH,Czech Republic,PRIVATE,Private sector,RDD,"Research, development and demonstration",D,Nuclear fission and fusion,NC_N,National currency (nominal),2021,2021,A,Annual,151.82,151.82,6,Millions,A,Normal Value,F,Non-confidential,3,3
OECD.IEA:RDDPRIVATE(1.1),Private sector energy technology RD&D expenditures,CZECH,Czech Republic,PRIVATE,Private sector,RDD,"Research, development and demonstration",D,Nuclear fission and fusion,NC_N,National currency (nominal),2022,2022,A,Annual,98.532,98.532,6,Millions,A,Normal Value,F,Non-confidential,3,3
OECD.IEA:RDDPRIVATE(1.1),Private sector energy technology RD&D expenditures,CZECH,Czech Republic,PRIVATE,Private sector,RDD,"Research, development and demonstration",D,Nuclear fission and fusion,NC_N,National currency (nominal),2023,2023,A,Annual,200.771,200.771,6,Millions,A,Normal Value,F,Non-confidential,3,3
OECD.IEA:RDDPRIVATE(1.1),Private sector energy technology RD&D expenditures,CZECH,Czech Republic,PRIVATE,Private sector,RDD,"Research, development and demonstration",D,Nuclear fission and fusion,NC_N,National currency (nominal),2024,2024,A,Annual,196.687,196.687,6,Millions,A,Normal Value,F,Non-confidential,3,3
OECD.IEA:RDDPRIVATE(1.1),Private sector energy technology RD&D expenditures,CZECH,Czech Republic,PRIVATE,Private sector,RDD,"Research, development and demonstration",D,Nuclear fission and fusion,NC_N,National currency (nominal),2025,2025,A,Annual,145.347,145.347,6,Millions,P,Provisional Value,F,Non-confidential,3,3
OECD.IEA:RDDPRIVATE(1.1),Private sector energy technology RD&D expenditures,CZECH,Czech Republic,PRIVATE,Private sector,RDD,"Research, development and demonstration",D,Nuclear fission and fusion,NC_R,National currency (constant prices),2015,2015,A,Annual,584.115,584.115,6,Millions,I,Imputed Value,F,Non-confidential,3,3
OECD.IEA:RDDPRIVATE(1.1),Private sector energy technology RD&D expenditures,CZECH,Czech Republic,PRIVATE,Private sector,RDD,"Research, development and demonstration",D,Nuclear fission and fusion,NC_R,National currency (constant prices),2016,2016,A,Annual,190.944,190.944,6,Millions,I,Imputed Value,F,Non-confidential,3,3
OECD.IEA:RDDPRIVATE(1.1),Private sector energy technology RD&D expenditures,CZECH,Czech Republic,PRIVATE,Private sector,RDD,"Research, development and demonstration",D,Nuclear fission and fusion,NC_R,National currency (constant prices),2017,2017,A,Annual,319.536,319.536,6,Millions,I,Imputed Value,F,Non-confidential,3,3
OECD.IEA:RDDPRIVATE(1.1),Private sector energy technology RD&D expenditures,CZECH,Czech Republic,PRIVATE,Private sector,RDD,"Research, development and demonstration",D,Nuclear fission and fusion,NC_R,National currency (constant prices),2018,2018,A,Annual,321.592,321.592,6,Millions,I,Imputed Value,F,Non-confidential,3,3
OECD.IEA:RDDPRIVATE(1.1),Private sector energy technology RD&D expenditures,CZECH,Czech Republic,PRIVATE,Private sector,RDD,"Research, development and demonstration",D,Nuclear fission and fusion,NC_R,National currency (constant prices),2019,2019,A,Annual,345.977,345.977,6,Millions,I,Imputed Value,F,Non-confidential,3,3
OECD.IEA:RDDPRIVATE(1.1),Private sector energy technology RD&D expenditures,CZECH,Czech Republic,PRIVATE,Private sector,RDD,"Research, development and demonstration",D,Nuclear fission and fusion,NC_R,National currency (constant prices),2020,2020,A,Annual,329.202,329.202,6,Millions,I,Imputed Value,F,Non-confidential,3,3
OECD.IEA:RDDPRIVATE(1.1),Private sector energy technology RD&D expenditures,CZECH,Czech Republic,PRIVATE,Private sector,RDD,"Research, development and demonstration",D,Nuclear fission and fusion,NC_R,National currency (constant prices),2021,2021,A,Annual,191.772,191.772,6,Millions,I,Imputed Value,F,Non-confidential,3,3
OECD.IEA:RDDPRIVATE(1.1),Private sector energy technology RD&D expenditures,CZECH,Czech Republic,PRIVATE,Private sector,RDD,"Research, development and demonstration",D,Nuclear fission and fusion,NC_R,National currency (constant prices),2022,2022,A,Annual,114.53,114.53,6,Millions,I,Imputed Value,F,Non-confidential,3,3
OECD.IEA:RDDPRIVATE(1.1),Private sector energy technology RD&D expenditures,CZECH,Czech Republic,PRIVATE,Private sector,RDD,"Research, development and demonstration",D,Nuclear fission and fusion,NC_R,National currency (constant prices),2023,2023,A,Annual,214.893,214.893,6,Millions,I,Imputed Value,F,Non-confidential,3,3
OECD.IEA:RDDPRIVATE(1.1),Private sector energy technology RD&D expenditures,CZECH,Czech Republic,PRIVATE,Private sector,RDD,"Research, development and demonstration",D,Nuclear fission and fusion,NC_R,National currency (constant prices),2024,2024,A,Annual,202.615,202.615,6,Millions,I,Imputed Value,F,Non-confidential,3,3
OECD.IEA:RDDPRIVATE(1.1),Private sector energy technology RD&D expenditures,CZECH,Czech Republic,PRIVATE,Private sector,RDD,"Research, development and demonstration",D,Nuclear fission and fusion,NC_R,National currency (constant prices),2025,2025,A,Annual,145.347,145.347,6,Millions,P,Provisional Value,F,Non-confidential,3,3
OECD.IEA:RDDPRIVATE(1.1),Private sector energy technology RD&D expenditures,CZECH,Czech Republic,PRIVATE,Private sector,RDD,"Research, development and demonstration",D,Nuclear fission and fusion,USD_R,USD (constant prices and exchange rates),2015,2015,A,Annual,26.694,26.694,6,Millions,I,Imputed Value,F,Non-confidential,3,3
OECD.IEA:RDDPRIVATE(1.1),Private sector energy technology RD&D expenditures,CZECH,Czech Republic,PRIVATE,Private sector,RDD,"Research, development and demonstration",D,Nuclear fission and fusion,USD_R,USD (constant prices and exchange rates),2016,2016,A,Annual,8.726,8.726,6,Millions,I,Imputed Value,F,Non-confidential,3,3
OECD.IEA:RDDPRIVATE(1.1),Private sector energy technology RD&D expenditures,CZECH,Czech Republic,PRIVATE,Private sector,RDD,"Research, development and demonstration",D,Nuclear fission and fusion,USD_R,USD (constant prices and exchange rates),2017,2017,A,Annual,14.603,14.603,6,Millions,I,Imputed Value,F,Non-confidential,3,3
OECD.IEA:RDDPRIVATE(1.1),Private sector energy technology RD&D expenditures,CZECH,Czech Republic,PRIVATE,Private sector,RDD,"Research, development and demonstration",D,Nuclear fission and fusion,USD_R,USD (constant prices and exchange rates),2018,2018,A,Annual,14.697,14.697,6,Millions,I,Imputed Value,F,Non-confidential,3,3
OECD.IEA:RDDPRIVATE(1.1),Private sector energy technology RD&D expenditures,CZECH,Czech Republic,PRIVATE,Private sector,RDD,"Research, development and demonstration",D,Nuclear fission and fusion,USD_R,USD (constant prices and exchange rates),2019,2019,A,Annual,15.811,15.811,6,Millions,I,Imputed Value,F,Non-confidential,3,3
OECD.IEA:RDDPRIVATE(1.1),Private sector energy technology RD&D expenditures,CZECH,Czech Republic,PRIVATE,Private sector,RDD,"Research, development and demonstration",D,Nuclear fission and fusion,USD_R,USD (constant prices and exchange rates),2020,2020,A,Annual,15.044,15.044,6,Millions,I,Imputed Value,F,Non-confidential,3,3
OECD.IEA:RDDPRIVATE(1.1),Private sector energy technology RD&D expenditures,CZECH,Czech Republic,PRIVATE,Private sector,RDD,"Research, development and demonstration",D,Nuclear fission and fusion,USD_R,USD (constant prices and exchange rates),2021,2021,A,Annual,8.764,8.764,6,Millions,I,Imputed Value,F,Non-confidential,3,3
OECD.IEA:RDDPRIVATE(1.1),Private sector energy technology RD&D expenditures,CZECH,Czech Republic,PRIVATE,Private sector,RDD,"Research, development and demonstration",D,Nuclear fission and fusion,USD_R,USD (constant prices and exchange rates),2022,2022,A,Annual,5.234,5.234,6,Millions,I,Imputed Value,F,Non-confidential,3,3
OECD.IEA:RDDPRIVATE(1.1),Private sector energy technology RD&D expenditures,CZECH,Czech Republic,PRIVATE,Private sector,RDD,"Research, development and demonstration",D,Nuclear fission and fusion,USD_R,USD (constant prices and exchange rates),2023,2023,A,Annual,9.821,9.821,6,Millions,I,Imputed Value,F,Non-confidential,3,3
OECD.IEA:RDDPRIVATE(1.1),Private sector energy technology RD&D expenditures,CZECH,Czech Republic,PRIVATE,Private sector,RDD,"Research, development and demonstration",D,Nuclear fission and fusion,USD_R,USD (constant prices and exchange rates),2024,2024,A,Annual,9.259,9.259,6,Millions,I,Imputed Value,F,Non-confidential,3,3
OECD.IEA:RDDPRIVATE(1.1),Private sector energy technology RD&D expenditures,CZECH,Czech Republic,PRIVATE,Private sector,RDD,"Research, development and demonstration",D,Nuclear fission and fusion,USD_R,USD (constant prices and exchange rates),2025,2025,A,Annual,6.642,6.642,6,Millions,P,Provisional Value,F,Non-confidential,3,3
OECD.IEA:RDDPRIVATE(1.1),Private sector energy technology RD&D expenditures,CZECH,Czech Republic,PRIVATE,Private sector,RDD,"Research, development and demonstration",D,Nuclear fission and fusion,USD_R_PPP,USD (constant prices and PPP),2015,2015,A,Annual,45.076,45.076,6,Millions,I,Imputed Value,F,Non-confidential,3,3
OECD.IEA:RDDPRIVATE(1.1),Private sector energy technology RD&D expenditures,CZECH,Czech Republic,PRIVATE,Private sector,RDD,"Research, development and demonstration",D,Nuclear fission and fusion,USD_R_PPP,USD (constant prices and PPP),2016,2016,A,Annual,14.735,14.735,6,Millions,I,Imputed Value,F,Non-confidential,3,3
OECD.IEA:RDDPRIVATE(1.1),Private sector energy technology RD&D expenditures,CZECH,Czech Republic,PRIVATE,Private sector,RDD,"Research, development and demonstration",D,Nuclear fission and fusion,USD_R_PPP,USD (constant prices and PPP),2017,2017,A,Annual,24.658,24.658,6,Millions,I,Imputed Value,F,Non-confidential,3,3
OECD.IEA:RDDPRIVATE(1.1),Private sector energy technology RD&D expenditures,CZECH,Czech Republic,PRIVATE,Private sector,RDD,"Research, development and demonstration",D,Nuclear fission and fusion,USD_R_PPP,USD (constant prices and PPP),2018,2018,A,Annual,24.817,24.817,6,Millions,I,Imputed Value,F,Non-confidential,3,3
OECD.IEA:RDDPRIVATE(1.1),Private sector energy technology RD&D expenditures,CZECH,Czech Republic,PRIVATE,Private sector,RDD,"Research, development and demonstration",D,Nuclear fission and fusion,USD_R_PPP,USD (constant prices and PPP),2019,2019,A,Annual,26.699,26.699,6,Millions,I,Imputed Value,F,Non-confidential,3,3
OECD.IEA:RDDPRIVATE(1.1),Private sector energy technology RD&D expenditures,CZECH,Czech Republic,PRIVATE,Private sector,RDD,"Research, development and demonstration",D,Nuclear fission and fusion,USD_R_PPP,USD (constant prices and PPP),2020,2020,A,Annual,25.404,25.404,6,Millions,I,Imputed Value,F,Non-confidential,3,3
OECD.IEA:RDDPRIVATE(1.1),Private sector energy technology RD&D expenditures,CZECH,Czech Republic,PRIVATE,Private sector,RDD,"Research, development and demonstration",D,Nuclear fission and fusion,USD_R_PPP,USD (constant prices and PPP),2021,2021,A,Annual,14.799,14.799,6,Millions,I,Imputed Value,F,Non-confidential,3,3
OECD.IEA:RDDPRIVATE(1.1),Private sector energy technology RD&D expenditures,CZECH,Czech Republic,PRIVATE,Private sector,RDD,"Research, development and demonstration",D,Nuclear fission and fusion,USD_R_PPP,USD (constant prices and PPP),2022,2022,A,Annual,8.838,8.838,6,Millions,I,Imputed Value,F,Non-confidential,3,3
OECD.IEA:RDDPRIVATE(1.1),Private sector energy technology RD&D expenditures,CZECH,Czech Republic,PRIVATE,Private sector,RDD,"Research, development and demonstration",D,Nuclear fission and fusion,USD_R_PPP,USD (constant prices and PPP),2023,2023,A,Annual,16.583,16.583,6,Millions,I,Imputed Value,F,Non-confidential,3,3
OECD.IEA:RDDPRIVATE(1.1),Private sector energy technology RD&D expenditures,CZECH,Czech Republic,PRIVATE,Private sector,RDD,"Research, development and demonstration",D,Nuclear fission and fusion,USD_R_PPP,USD (constant prices and PPP),2024,2024,A,Annual,15.636,15.636,6,Millions,I,Imputed Value,F,Non-confidential,3,3
OECD.IEA:RDDPRIVATE(1.1),Private sector energy technology RD&D expenditures,CZECH,Czech Republic,PRIVATE,Private sector,RDD,"Research, development and demonstration",D,Nuclear fission and fusion,USD_R_PPP,USD (constant prices and PPP),2025,2025,A,Annual,11.216,11.216,6,Millions,P,Provisional Value,F,Non-confidential,3,3
OECD.IEA:RDDPRIVATE(1.1),Private sector energy technology RD&D expenditures,CZECH,Czech Republic,PRIVATE,Private sector,RDD,"Research, development and demonstration",E,"Hydrogen, hydrogen-based fuels and fuel cells",EUR_R,Euro (constant prices and exchange rates),2015,2015,A,Annual,0.386,0.386,6,Millions,I,Imputed Value,F,Non-confidential,3,3
OECD.IEA:RDDPRIVATE(1.1),Private sector energy technology RD&D expenditures,CZECH,Czech Republic,PRIVATE,Private sector,RDD,"Research, development and demonstration",E,"Hydrogen, hydrogen-based fuels and fuel cells",EUR_R,Euro (constant prices and exchange rates),2016,2016,A,Annual,1.277,1.277,6,Millions,I,Imputed Value,F,Non-confidential,3,3
OECD.IEA:RDDPRIVATE(1.1),Private sector energy technology RD&D expenditures,CZECH,Czech Republic,PRIVATE,Private sector,RDD,"Research, development and demonstration",E,"Hydrogen, hydrogen-based fuels and fuel cells",EUR_R,Euro (constant prices and exchange rates),2017,2017,A,Annual,1.885,1.885,6,Millions,I,Imputed Value,F,Non-confidential,3,3
OECD.IEA:RDDPRIVATE(1.1),Private sector energy technology RD&D expenditures,CZECH,Czech Republic,PRIVATE,Private sector,RDD,"Research, development and demonstration",E,"Hydrogen, hydrogen-based fuels and fuel cells",EUR_R,Euro (constant prices and exchange rates),2018,2018,A,Annual,1.188,1.188,6,Millions,I,Imputed Value,F,Non-confidential,3,3
OECD.IEA:RDDPRIVATE(1.1),Private sector energy technology RD&D expenditures,CZECH,Czech Republic,PRIVATE,Private sector,RDD,"Research, development and demonstration",E,"Hydrogen, hydrogen-based fuels and fuel cells",EUR_R,Euro (constant prices and exchange rates),2019,2019,A,Annual,9.216,9.216,6,Millions,I,Imputed Value,F,Non-confidential,3,3
OECD.IEA:RDDPRIVATE(1.1),Private sector energy technology RD&D expenditures,CZECH,Czech Republic,PRIVATE,Private sector,RDD,"Research, development and demonstration",E,"Hydrogen, hydrogen-based fuels and fuel cells",EUR_R,Euro (constant prices and exchange rates),2020,2020,A,Annual,3.989,3.989,6,Millions,I,Imputed Value,F,Non-confidential,3,3
OECD.IEA:RDDPRIVATE(1.1),Private sector energy technology RD&D expenditures,CZECH,Czech Republic,PRIVATE,Private sector,RDD,"Research, development and demonstration",E,"Hydrogen, hydrogen-based fuels and fuel cells",EUR_R,Euro (constant prices and exchange rates),2021,2021,A,Annual,3.601,3.601,6,Millions,I,Imputed Value,F,Non-confidential,3,3
OECD.IEA:RDDPRIVATE(1.1),Private sector energy technology RD&D expenditures,CZECH,Czech Republic,PRIVATE,Private sector,RDD,"Research, development and demonstration",E,"Hydrogen, hydrogen-based fuels and fuel cells",EUR_R,Euro (constant prices and exchange rates),2022,2022,A,Annual,3.047,3.047,6,Millions,I,Imputed Value,F,Non-confidential,3,3
OECD.IEA:RDDPRIVATE(1.1),Private sector energy technology RD&D expenditures,CZECH,Czech Republic,PRIVATE,Private sector,RDD,"Research, development and demonstration",E,"Hydrogen, hydrogen-based fuels and fuel cells",EUR_R,Euro (constant prices and exchange rates),2023,2023,A,Annual,4.809,4.809,6,Millions,I,Imputed Value,F,Non-confidential,3,3
OECD.IEA:RDDPRIVATE(1.1),Private sector energy technology RD&D expenditures,CZECH,Czech Republic,PRIVATE,Private sector,RDD,"Research, development and demonstration",E,"Hydrogen, hydrogen-based fuels and fuel cells",EUR_R,Euro (constant prices and exchange rates),2024,2024,A,Annual,2.64,2.64,6,Millions,I,Imputed Value,F,Non-confidential,3,3
OECD.IEA:RDDPRIVATE(1.1),Private sector energy technology RD&D expenditures,CZECH,Czech Republic,PRIVATE,Private sector,RDD,"Research, development and demonstration",E,"Hydrogen, hydrogen-based fuels and fuel cells",EUR_R,Euro (constant prices and exchange rates),2025,2025,A,Annual,2.79,2.79,6,Millions,P,Provisional Value,F,Non-confidential,3,3
OECD.IEA:RDDPRIVATE(1.1),Private sector energy technology RD&D expenditures,CZECH,Czech Republic,PRIVATE,Private sector,RDD,"Research, development and demonstration",E,"Hydrogen, hydrogen-based fuels and fuel cells",NC_N,National currency (nominal),2015,2015,A,Annual,6.313,6.313,6,Millions,A,Normal Value,F,Non-confidential,3,3
OECD.IEA:RDDPRIVATE(1.1),Private sector energy technology RD&D expenditures,CZECH,Czech Republic,PRIVATE,Private sector,RDD,"Research, development and demonstration",E,"Hydrogen, hydrogen-based fuels and fuel cells",NC_N,National currency (nominal),2016,2016,A,Annual,21.184,21.184,6,Millions,A,Normal Value,F,Non-confidential,3,3
OECD.IEA:RDDPRIVATE(1.1),Private sector energy technology RD&D expenditures,CZECH,Czech Republic,PRIVATE,Private sector,RDD,"Research, development and demonstration",E,"Hydrogen, hydrogen-based fuels and fuel cells",NC_N,National currency (nominal),2017,2017,A,Annual,31.781,31.781,6,Millions,A,Normal Value,F,Non-confidential,3,3
OECD.IEA:RDDPRIVATE(1.1),Private sector energy technology RD&D expenditures,CZECH,Czech Republic,PRIVATE,Private sector,RDD,"Research, development and demonstration",E,"Hydrogen, hydrogen-based fuels and fuel cells",NC_N,National currency (nominal),2018,2018,A,Annual,20.6,20.6,6,Millions,A,Normal Value,F,Non-confidential,3,3
OECD.IEA:RDDPRIVATE(1.1),Private sector energy technology RD&D expenditures,CZECH,Czech Republic,PRIVATE,Private sector,RDD,"Research, development and demonstration",E,"Hydrogen, hydrogen-based fuels and fuel cells",NC_N,National currency (nominal),2019,2019,A,Annual,165.909,165.909,6,Millions,A,Normal Value,F,Non-confidential,3,3
OECD.IEA:RDDPRIVATE(1.1),Private sector energy technology RD&D expenditures,CZECH,Czech Republic,PRIVATE,Private sector,RDD,"Research, development and demonstration",E,"Hydrogen, hydrogen-based fuels and fuel cells",NC_N,National currency (nominal),2020,2020,A,Annual,75.049,75.049,6,Millions,A,Normal Value,F,Non-confidential,3,3
OECD.IEA:RDDPRIVATE(1.1),Private sector energy technology RD&D expenditures,CZECH,Czech Republic,PRIVATE,Private sector,RDD,"Research, development and demonstration",E,"Hydrogen, hydrogen-based fuels and fuel cells",NC_N,National currency (nominal),2021,2021,A,Annual,70.489,70.489,6,Millions,A,Normal Value,F,Non-confidential,3,3
OECD.IEA:RDDPRIVATE(1.1),Private sector energy technology RD&D expenditures,CZECH,Czech Republic,PRIVATE,Private sector,RDD,"Research, development and demonstration",E,"Hydrogen, hydrogen-based fuels and fuel cells",NC_N,National currency (nominal),2022,2022,A,Annual,64.808,64.808,6,Millions,A,Normal Value,F,Non-confidential,3,3
OECD.IEA:RDDPRIVATE(1.1),Private sector energy technology RD&D expenditures,CZECH,Czech Republic,PRIVATE,Private sector,RDD,"Research, development and demonstration",E,"Hydrogen, hydrogen-based fuels and fuel cells",NC_N,National currency (nominal),2023,2023,A,Annual,111.094,111.094,6,Millions,A,Normal Value,F,Non-confidential,3,3
OECD.IEA:RDDPRIVATE(1.1),Private sector energy technology RD&D expenditures,CZECH,Czech Republic,PRIVATE,Private sector,RDD,"Research, development and demonstration",E,"Hydrogen, hydrogen-based fuels and fuel cells",NC_N,National currency (nominal),2024,2024,A,Annual,63.367,63.367,6,Millions,A,Normal Value,F,Non-confidential,3,3
OECD.IEA:RDDPRIVATE(1.1),Private sector energy technology RD&D expenditures,CZECH,Czech Republic,PRIVATE,Private sector,RDD,"Research, development and demonstration",E,"Hydrogen, hydrogen-based fuels and fuel cells",NC_N,National currency (nominal),2025,2025,A,Annual,68.984,68.984,6,Millions,P,Provisional Value,F,Non-confidential,3,3
OECD.IEA:RDDPRIVATE(1.1),Private sector energy technology RD&D expenditures,CZECH,Czech Republic,PRIVATE,Private sector,RDD,"Research, development and demonstration",E,"Hydrogen, hydrogen-based fuels and fuel cells",NC_R,National currency (constant prices),2015,2015,A,Annual,9.553,9.553,6,Millions,I,Imputed Value,F,Non-confidential,3,3
OECD.IEA:RDDPRIVATE(1.1),Private sector energy technology RD&D expenditures,CZECH,Czech Republic,PRIVATE,Private sector,RDD,"Research, development and demonstration",E,"Hydrogen, hydrogen-based fuels and fuel cells",NC_R,National currency (constant prices),2016,2016,A,Annual,31.586,31.586,6,Millions,I,Imputed Value,F,Non-confidential,3,3
OECD.IEA:RDDPRIVATE(1.1),Private sector energy technology RD&D expenditures,CZECH,Czech Republic,PRIVATE,Private sector,RDD,"Research, development and demonstration",E,"Hydrogen, hydrogen-based fuels and fuel cells",NC_R,National currency (constant prices),2017,2017,A,Annual,46.602,46.602,6,Millions,I,Imputed Value,F,Non-confidential,3,3
OECD.IEA:RDDPRIVATE(1.1),Private sector energy technology RD&D expenditures,CZECH,Czech Republic,PRIVATE,Private sector,RDD,"Research, development and demonstration",E,"Hydrogen, hydrogen-based fuels and fuel cells",NC_R,National currency (constant prices),2018,2018,A,Annual,29.38,29.38,6,Millions,I,Imputed Value,F,Non-confidential,3,3
OECD.IEA:RDDPRIVATE(1.1),Private sector energy technology RD&D expenditures,CZECH,Czech Republic,PRIVATE,Private sector,RDD,"Research, development and demonstration",E,"Hydrogen, hydrogen-based fuels and fuel cells",NC_R,National currency (constant prices),2019,2019,A,Annual,227.87,227.87,6,Millions,I,Imputed Value,F,Non-confidential,3,3
OECD.IEA:RDDPRIVATE(1.1),Private sector energy technology RD&D expenditures,CZECH,Czech Republic,PRIVATE,Private sector,RDD,"Research, development and demonstration",E,"Hydrogen, hydrogen-based fuels and fuel cells",NC_R,National currency (constant prices),2020,2020,A,Annual,98.623,98.623,6,Millions,I,Imputed Value,F,Non-confidential,3,3
OECD.IEA:RDDPRIVATE(1.1),Private sector energy technology RD&D expenditures,CZECH,Czech Republic,PRIVATE,Private sector,RDD,"Research, development and demonstration",E,"Hydrogen, hydrogen-based fuels and fuel cells",NC_R,National currency (constant prices),2021,2021,A,Annual,89.038,89.038,6,Millions,I,Imputed Value,F,Non-confidential,3,3
OECD.IEA:RDDPRIVATE(1.1),Private sector energy technology RD&D expenditures,CZECH,Czech Republic,PRIVATE,Private sector,RDD,"Research, development and demonstration",E,"Hydrogen, hydrogen-based fuels and fuel cells",NC_R,National currency (constant prices),2022,2022,A,Annual,75.331,75.331,6,Millions,I,Imputed Value,F,Non-confidential,3,3
OECD.IEA:RDDPRIVATE(1.1),Private sector energy technology RD&D expenditures,CZECH,Czech Republic,PRIVATE,Private sector,RDD,"Research, development and demonstration",E,"Hydrogen, hydrogen-based fuels and fuel cells",NC_R,National currency (constant prices),2023,2023,A,Annual,118.908,118.908,6,Millions,I,Imputed Value,F,Non-confidential,3,3
OECD.IEA:RDDPRIVATE(1.1),Private sector energy technology RD&D expenditures,CZECH,Czech Republic,PRIVATE,Private sector,RDD,"Research, development and demonstration",E,"Hydrogen, hydrogen-based fuels and fuel cells",NC_R,National currency (constant prices),2024,2024,A,Annual,65.277,65.277,6,Millions,I,Imputed Value,F,Non-confidential,3,3
OECD.IEA:RDDPRIVATE(1.1),Private sector energy technology RD&D expenditures,CZECH,Czech Republic,PRIVATE,Private sector,RDD,"Research, development and demonstration",E,"Hydrogen, hydrogen-based fuels and fuel cells",NC_R,National currency (constant prices),2025,2025,A,Annual,68.984,68.984,6,Millions,P,Provisional Value,F,Non-confidential,3,3
OECD.IEA:RDDPRIVATE(1.1),Private sector energy technology RD&D expenditures,CZECH,Czech Republic,PRIVATE,Private sector,RDD,"Research, development and demonstration",E,"Hydrogen, hydrogen-based fuels and fuel cells",USD_R,USD (constant prices and exchange rates),2015,2015,A,Annual,0.437,0.437,6,Millions,I,Imputed Value,F,Non-confidential,3,3
OECD.IEA:RDDPRIVATE(1.1),Private sector energy technology RD&D expenditures,CZECH,Czech Republic,PRIVATE,Private sector,RDD,"Research, development and demonstration",E,"Hydrogen, hydrogen-based fuels and fuel cells",USD_R,USD (constant prices and exchange rates),2016,2016,A,Annual,1.443,1.443,6,Millions,I,Imputed Value,F,Non-confidential,3,3
OECD.IEA:RDDPRIVATE(1.1),Private sector energy technology RD&D expenditures,CZECH,Czech Republic,PRIVATE,Private sector,RDD,"Research, development and demonstration",E,"Hydrogen, hydrogen-based fuels and fuel cells",USD_R,USD (constant prices and exchange rates),2017,2017,A,Annual,2.13,2.13,6,Millions,I,Imputed Value,F,Non-confidential,3,3
OECD.IEA:RDDPRIVATE(1.1),Private sector energy technology RD&D expenditures,CZECH,Czech Republic,PRIVATE,Private sector,RDD,"Research, development and demonstration",E,"Hydrogen, hydrogen-based fuels and fuel cells",USD_R,USD (constant prices and exchange rates),2018,2018,A,Annual,1.343,1.343,6,Millions,I,Imputed Value,F,Non-confidential,3,3
OECD.IEA:RDDPRIVATE(1.1),Private sector energy technology RD&D expenditures,CZECH,Czech Republic,PRIVATE,Private sector,RDD,"Research, development and demonstration",E,"Hydrogen, hydrogen-based fuels and fuel cells",USD_R,USD (constant prices and exchange rates),2019,2019,A,Annual,10.414,10.414,6,Millions,I,Imputed Value,F,Non-confidential,3,3
OECD.IEA:RDDPRIVATE(1.1),Private sector energy technology RD&D expenditures,CZECH,Czech Republic,PRIVATE,Private sector,RDD,"Research, development and demonstration",E,"Hydrogen, hydrogen-based fuels and fuel cells",USD_R,USD (constant prices and exchange rates),2020,2020,A,Annual,4.507,4.507,6,Millions,I,Imputed Value,F,Non-confidential,3,3
OECD.IEA:RDDPRIVATE(1.1),Private sector energy technology RD&D expenditures,CZECH,Czech Republic,PRIVATE,Private sector,RDD,"Research, development and demonstration",E,"Hydrogen, hydrogen-based fuels and fuel cells",USD_R,USD (constant prices and exchange rates),2021,2021,A,Annual,4.069,4.069,6,Millions,I,Imputed Value,F,Non-confidential,3,3
OECD.IEA:RDDPRIVATE(1.1),Private sector energy technology RD&D expenditures,CZECH,Czech Republic,PRIVATE,Private sector,RDD,"Research, development and demonstration",E,"Hydrogen, hydrogen-based fuels and fuel cells",USD_R,USD (constant prices and exchange rates),2022,2022,A,Annual,3.443,3.443,6,Millions,I,Imputed Value,F,Non-confidential,3,3
OECD.IEA:RDDPRIVATE(1.1),Private sector energy technology RD&D expenditures,CZECH,Czech Republic,PRIVATE,Private sector,RDD,"Research, development and demonstration",E,"Hydrogen, hydrogen-based fuels and fuel cells",USD_R,USD (constant prices and exchange rates),2023,2023,A,Annual,5.434,5.434,6,Millions,I,Imputed Value,F,Non-confidential,3,3
OECD.IEA:RDDPRIVATE(1.1),Private sector energy technology RD&D expenditures,CZECH,Czech Republic,PRIVATE,Private sector,RDD,"Research, development and demonstration",E,"Hydrogen, hydrogen-based fuels and fuel cells",USD_R,USD (constant prices and exchange rates),2024,2024,A,Annual,2.983,2.983,6,Millions,I,Imputed Value,F,Non-confidential,3,3
OECD.IEA:RDDPRIVATE(1.1),Private sector energy technology RD&D expenditures,CZECH,Czech Republic,PRIVATE,Private sector,RDD,"Research, development and demonstration",E,"Hydrogen, hydrogen-based fuels and fuel cells",USD_R,USD (constant prices and exchange rates),2025,2025,A,Annual,3.153,3.153,6,Millions,P,Provisional Value,F,Non-confidential,3,3
OECD.IEA:RDDPRIVATE(1.1),Private sector energy technology RD&D expenditures,CZECH,Czech Republic,PRIVATE,Private sector,RDD,"Research, development and demonstration",E,"Hydrogen, hydrogen-based fuels and fuel cells",USD_R_PPP,USD (constant prices and PPP),2015,2015,A,Annual,0.737,0.737,6,Millions,I,Imputed Value,F,Non-confidential,3,3
OECD.IEA:RDDPRIVATE(1.1),Private sector energy technology RD&D expenditures,CZECH,Czech Republic,PRIVATE,Private sector,RDD,"Research, development and demonstration",E,"Hydrogen, hydrogen-based fuels and fuel cells",USD_R_PPP,USD (constant prices and PPP),2016,2016,A,Annual,2.437,2.437,6,Millions,I,Imputed Value,F,Non-confidential,3,3
OECD.IEA:RDDPRIVATE(1.1),Private sector energy technology RD&D expenditures,CZECH,Czech Republic,PRIVATE,Private sector,RDD,"Research, development and demonstration",E,"Hydrogen, hydrogen-based fuels and fuel cells",USD_R_PPP,USD (constant prices and PPP),2017,2017,A,Annual,3.596,3.596,6,Millions,I,Imputed Value,F,Non-confidential,3,3
OECD.IEA:RDDPRIVATE(1.1),Private sector energy technology RD&D expenditures,CZECH,Czech Republic,PRIVATE,Private sector,RDD,"Research, development and demonstration",E,"Hydrogen, hydrogen-based fuels and fuel cells",USD_R_PPP,USD (constant prices and PPP),2018,2018,A,Annual,2.267,2.267,6,Millions,I,Imputed Value,F,Non-confidential,3,3
OECD.IEA:RDDPRIVATE(1.1),Private sector energy technology RD&D expenditures,CZECH,Czech Republic,PRIVATE,Private sector,RDD,"Research, development and demonstration",E,"Hydrogen, hydrogen-based fuels and fuel cells",USD_R_PPP,USD (constant prices and PPP),2019,2019,A,Annual,17.585,17.585,6,Millions,I,Imputed Value,F,Non-confidential,3,3
OECD.IEA:RDDPRIVATE(1.1),Private sector energy technology RD&D expenditures,CZECH,Czech Republic,PRIVATE,Private sector,RDD,"Research, development and demonstration",E,"Hydrogen, hydrogen-based fuels and fuel cells",USD_R_PPP,USD (constant prices and PPP),2020,2020,A,Annual,7.611,7.611,6,Millions,I,Imputed Value,F,Non-confidential,3,3
OECD.IEA:RDDPRIVATE(1.1),Private sector energy technology RD&D expenditures,CZECH,Czech Republic,PRIVATE,Private sector,RDD,"Research, development and demonstration",E,"Hydrogen, hydrogen-based fuels and fuel cells",USD_R_PPP,USD (constant prices and PPP),2021,2021,A,Annual,6.871,6.871,6,Millions,I,Imputed Value,F,Non-confidential,3,3
OECD.IEA:RDDPRIVATE(1.1),Private sector energy technology RD&D expenditures,CZECH,Czech Republic,PRIVATE,Private sector,RDD,"Research, development and demonstration",E,"Hydrogen, hydrogen-based fuels and fuel cells",USD_R_PPP,USD (constant prices and PPP),2022,2022,A,Annual,5.813,5.813,6,Millions,I,Imputed Value,F,Non-confidential,3,3
OECD.IEA:RDDPRIVATE(1.1),Private sector energy technology RD&D expenditures,CZECH,Czech Republic,PRIVATE,Private sector,RDD,"Research, development and demonstration",E,"Hydrogen, hydrogen-based fuels and fuel cells",USD_R_PPP,USD (constant prices and PPP),2023,2023,A,Annual,9.176,9.176,6,Millions,I,Imputed Value,F,Non-confidential,3,3
OECD.IEA:RDDPRIVATE(1.1),Private sector energy technology RD&D expenditures,CZECH,Czech Republic,PRIVATE,Private sector,RDD,"Research, development and demonstration",E,"Hydrogen, hydrogen-based fuels and fuel cells",USD_R_PPP,USD (constant prices and PPP),2024,2024,A,Annual,5.037,5.037,6,Millions,I,Imputed Value,F,Non-confidential,3,3
OECD.IEA:RDDPRIVATE(1.1),Private sector energy technology RD&D expenditures,CZECH,Czech Republic,PRIVATE,Private sector,RDD,"Research, development and demonstration",E,"Hydrogen, hydrogen-based fuels and fuel cells",USD_R_PPP,USD (constant prices and PPP),2025,2025,A,Annual,5.323,5.323,6,Millions,P,Provisional Value,F,Non-confidential,3,3
OECD.IEA:RDDPRIVATE(1.1),Private sector energy technology RD&D expenditures,CZECH,Czech Republic,PRIVATE,Private sector,RDD,"Research, development and demonstration",F,"Heat and power generation, storage and supply",EUR_R,Euro (constant prices and exchange rates),2015,2015,A,Annual,6.263,6.263,6,Millions,I,Imputed Value,F,Non-confidential,3,3
OECD.IEA:RDDPRIVATE(1.1),Private sector energy technology RD&D expenditures,CZECH,Czech Republic,PRIVATE,Private sector,RDD,"Research, development and demonstration",F,"Heat and power generation, storage and supply",EUR_R,Euro (constant prices and exchange rates),2016,2016,A,Annual,4.817,4.817,6,Millions,I,Imputed Value,F,Non-confidential,3,3
OECD.IEA:RDDPRIVATE(1.1),Private sector energy technology RD&D expenditures,CZECH,Czech Republic,PRIVATE,Private sector,RDD,"Research, development and demonstration",F,"Heat and power generation, storage and supply",EUR_R,Euro (constant prices and exchange rates),2017,2017,A,Annual,4.755,4.755,6,Millions,I,Imputed Value,F,Non-confidential,3,3
OECD.IEA:RDDPRIVATE(1.1),Private sector energy technology RD&D expenditures,CZECH,Czech Republic,PRIVATE,Private sector,RDD,"Research, development and demonstration",F,"Heat and power generation, storage and supply",EUR_R,Euro (constant prices and exchange rates),2018,2018,A,Annual,5.5,5.5,6,Millions,I,Imputed Value,F,Non-confidential,3,3
OECD.IEA:RDDPRIVATE(1.1),Private sector energy technology RD&D expenditures,CZECH,Czech Republic,PRIVATE,Private sector,RDD,"Research, development and demonstration",F,"Heat and power generation, storage and supply",EUR_R,Euro (constant prices and exchange rates),2019,2019,A,Annual,8.94,8.94,6,Millions,I,Imputed Value,F,Non-confidential,3,3
OECD.IEA:RDDPRIVATE(1.1),Private sector energy technology RD&D expenditures,CZECH,Czech Republic,PRIVATE,Private sector,RDD,"Research, development and demonstration",F,"Heat and power generation, storage and supply",EUR_R,Euro (constant prices and exchange rates),2020,2020,A,Annual,8.346,8.346,6,Millions,I,Imputed Value,F,Non-confidential,3,3
OECD.IEA:RDDPRIVATE(1.1),Private sector energy technology RD&D expenditures,CZECH,Czech Republic,PRIVATE,Private sector,RDD,"Research, development and demonstration",F,"Heat and power generation, storage and supply",EUR_R,Euro (constant prices and exchange rates),2021,2021,A,Annual,9.5,9.5,6,Millions,I,Imputed Value,F,Non-confidential,3,3
OECD.IEA:RDDPRIVATE(1.1),Private sector energy technology RD&D expenditures,CZECH,Czech Republic,PRIVATE,Private sector,RDD,"Research, development and demonstration",F,"Heat and power generation, storage and supply",EUR_R,Euro (constant prices and exchange rates),2022,2022,A,Annual,8.857,8.857,6,Millions,I,Imputed Value,F,Non-confidential,3,3
OECD.IEA:RDDPRIVATE(1.1),Private sector energy technology RD&D expenditures,CZECH,Czech Republic,PRIVATE,Private sector,RDD,"Research, development and demonstration",F,"Heat and power generation, storage and supply",EUR_R,Euro (constant prices and exchange rates),2023,2023,A,Annual,17.302,17.302,6,Millions,I,Imputed Value,F,Non-confidential,3,3
OECD.IEA:RDDPRIVATE(1.1),Private sector energy technology RD&D expenditures,CZECH,Czech Republic,PRIVATE,Private sector,RDD,"Research, development and demonstration",F,"Heat and power generation, storage and supply",EUR_R,Euro (constant prices and exchange rates),2024,2024,A,Annual,5.844,5.844,6,Millions,I,Imputed Value,F,Non-confidential,3,3
OECD.IEA:RDDPRIVATE(1.1),Private sector energy technology RD&D expenditures,CZECH,Czech Republic,PRIVATE,Private sector,RDD,"Research, development and demonstration",F,"Heat and power generation, storage and supply",EUR_R,Euro (constant prices and exchange rates),2025,2025,A,Annual,5.371,5.371,6,Millions,P,Provisional Value,F,Non-confidential,3,3
OECD.IEA:RDDPRIVATE(1.1),Private sector energy technology RD&D expenditures,CZECH,Czech Republic,PRIVATE,Private sector,RDD,"Research, development and demonstration",F,"Heat and power generation, storage and supply",NC_N,National currency (nominal),2015,2015,A,Annual,102.331,102.331,6,Millions,A,Normal Value,F,Non-confidential,3,3
OECD.IEA:RDDPRIVATE(1.1),Private sector energy technology RD&D expenditures,CZECH,Czech Republic,PRIVATE,Private sector,RDD,"Research, development and demonstration",F,"Heat and power generation, storage and supply",NC_N,National currency (nominal),2016,2016,A,Annual,79.881,79.881,6,Millions,A,Normal Value,F,Non-confidential,3,3
OECD.IEA:RDDPRIVATE(1.1),Private sector energy technology RD&D expenditures,CZECH,Czech Republic,PRIVATE,Private sector,RDD,"Research, development and demonstration",F,"Heat and power generation, storage and supply",NC_N,National currency (nominal),2017,2017,A,Annual,80.187,80.187,6,Millions,A,Normal Value,F,Non-confidential,3,3
OECD.IEA:RDDPRIVATE(1.1),Private sector energy technology RD&D expenditures,CZECH,Czech Republic,PRIVATE,Private sector,RDD,"Research, development and demonstration",F,"Heat and power generation, storage and supply",NC_N,National currency (nominal),2018,2018,A,Annual,95.352,95.352,6,Millions,A,Normal Value,F,Non-confidential,3,3
OECD.IEA:RDDPRIVATE(1.1),Private sector energy technology RD&D expenditures,CZECH,Czech Republic,PRIVATE,Private sector,RDD,"Research, development and demonstration",F,"Heat and power generation, storage and supply",NC_N,National currency (nominal),2019,2019,A,Annual,160.95,160.95,6,Millions,A,Normal Value,F,Non-confidential,3,3
OECD.IEA:RDDPRIVATE(1.1),Private sector energy technology RD&D expenditures,CZECH,Czech Republic,PRIVATE,Private sector,RDD,"Research, development and demonstration",F,"Heat and power generation, storage and supply",NC_N,National currency (nominal),2020,2020,A,Annual,157.032,157.032,6,Millions,A,Normal Value,F,Non-confidential,3,3
OECD.IEA:RDDPRIVATE(1.1),Private sector energy technology RD&D expenditures,CZECH,Czech Republic,PRIVATE,Private sector,RDD,"Research, development and demonstration",F,"Heat and power generation, storage and supply",NC_N,National currency (nominal),2021,2021,A,Annual,185.958,185.958,6,Millions,A,Normal Value,F,Non-confidential,3,3
OECD.IEA:RDDPRIVATE(1.1),Private sector energy technology RD&D expenditures,CZECH,Czech Republic,PRIVATE,Private sector,RDD,"Research, development and demonstration",F,"Heat and power generation, storage and supply",NC_N,National currency (nominal),2022,2022,A,Annual,188.408,188.408,6,Millions,A,Normal Value,F,Non-confidential,3,3
OECD.IEA:RDDPRIVATE(1.1),Private sector energy technology RD&D expenditures,CZECH,Czech Republic,PRIVATE,Private sector,RDD,"Research, development and demonstration",F,"Heat and power generation, storage and supply",NC_N,National currency (nominal),2023,2023,A,Annual,399.69,399.69,6,Millions,A,Normal Value,F,Non-confidential,3,3
OECD.IEA:RDDPRIVATE(1.1),Private sector energy technology RD&D expenditures,CZECH,Czech Republic,PRIVATE,Private sector,RDD,"Research, development and demonstration",F,"Heat and power generation, storage and supply",NC_N,National currency (nominal),2024,2024,A,Annual,140.281,140.281,6,Millions,A,Normal Value,F,Non-confidential,3,3
OECD.IEA:RDDPRIVATE(1.1),Private sector energy technology RD&D expenditures,CZECH,Czech Republic,PRIVATE,Private sector,RDD,"Research, development and demonstration",F,"Heat and power generation, storage and supply",NC_N,National currency (nominal),2025,2025,A,Annual,132.816,132.816,6,Millions,P,Provisional Value,F,Non-confidential,3,3
OECD.IEA:RDDPRIVATE(1.1),Private sector energy technology RD&D expenditures,CZECH,Czech Republic,PRIVATE,Private sector,RDD,"Research, development and demonstration",F,"Heat and power generation, storage and supply",NC_R,National currency (constant prices),2015,2015,A,Annual,154.854,154.854,6,Millions,I,Imputed Value,F,Non-confidential,3,3
OECD.IEA:RDDPRIVATE(1.1),Private sector energy technology RD&D expenditures,CZECH,Czech Republic,PRIVATE,Private sector,RDD,"Research, development and demonstration",F,"Heat and power generation, storage and supply",NC_R,National currency (constant prices),2016,2016,A,Annual,119.105,119.105,6,Millions,I,Imputed Value,F,Non-confidential,3,3
OECD.IEA:RDDPRIVATE(1.1),Private sector energy technology RD&D expenditures,CZECH,Czech Republic,PRIVATE,Private sector,RDD,"Research, development and demonstration",F,"Heat and power generation, storage and supply",NC_R,National currency (constant prices),2017,2017,A,Annual,117.582,117.582,6,Millions,I,Imputed Value,F,Non-confidential,3,3
OECD.IEA:RDDPRIVATE(1.1),Private sector energy technology RD&D expenditures,CZECH,Czech Republic,PRIVATE,Private sector,RDD,"Research, development and demonstration",F,"Heat and power generation, storage and supply",NC_R,National currency (constant prices),2018,2018,A,Annual,135.993,135.993,6,Millions,I,Imputed Value,F,Non-confidential,3,3
OECD.IEA:RDDPRIVATE(1.1),Private sector energy technology RD&D expenditures,CZECH,Czech Republic,PRIVATE,Private sector,RDD,"Research, development and demonstration",F,"Heat and power generation, storage and supply",NC_R,National currency (constant prices),2019,2019,A,Annual,221.059,221.059,6,Millions,I,Imputed Value,F,Non-confidential,3,3
OECD.IEA:RDDPRIVATE(1.1),Private sector energy technology RD&D expenditures,CZECH,Czech Republic,PRIVATE,Private sector,RDD,"Research, development and demonstration",F,"Heat and power generation, storage and supply",NC_R,National currency (constant prices),2020,2020,A,Annual,206.358,206.358,6,Millions,I,Imputed Value,F,Non-confidential,3,3
OECD.IEA:RDDPRIVATE(1.1),Private sector energy technology RD&D expenditures,CZECH,Czech Republic,PRIVATE,Private sector,RDD,"Research, development and demonstration",F,"Heat and power generation, storage and supply",NC_R,National currency (constant prices),2021,2021,A,Annual,234.894,234.894,6,Millions,I,Imputed Value,F,Non-confidential,3,3
OECD.IEA:RDDPRIVATE(1.1),Private sector energy technology RD&D expenditures,CZECH,Czech Republic,PRIVATE,Private sector,RDD,"Research, development and demonstration",F,"Heat and power generation, storage and supply",NC_R,National currency (constant prices),2022,2022,A,Annual,218.999,218.999,6,Millions,I,Imputed Value,F,Non-confidential,3,3
OECD.IEA:RDDPRIVATE(1.1),Private sector energy technology RD&D expenditures,CZECH,Czech Republic,PRIVATE,Private sector,RDD,"Research, development and demonstration",F,"Heat and power generation, storage and supply",NC_R,National currency (constant prices),2023,2023,A,Annual,427.803,427.803,6,Millions,I,Imputed Value,F,Non-confidential,3,3
OECD.IEA:RDDPRIVATE(1.1),Private sector energy technology RD&D expenditures,CZECH,Czech Republic,PRIVATE,Private sector,RDD,"Research, development and demonstration",F,"Heat and power generation, storage and supply",NC_R,National currency (constant prices),2024,2024,A,Annual,144.509,144.509,6,Millions,I,Imputed Value,F,Non-confidential,3,3
OECD.IEA:RDDPRIVATE(1.1),Private sector energy technology RD&D expenditures,CZECH,Czech Republic,PRIVATE,Private sector,RDD,"Research, development and demonstration",F,"Heat and power generation, storage and supply",NC_R,National currency (constant prices),2025,2025,A,Annual,132.816,132.816,6,Millions,P,Provisional Value,F,Non-confidential,3,3
OECD.IEA:RDDPRIVATE(1.1),Private sector energy technology RD&D expenditures,CZECH,Czech Republic,PRIVATE,Private sector,RDD,"Research, development and demonstration",F,"Heat and power generation, storage and supply",USD_R,USD (constant prices and exchange rates),2015,2015,A,Annual,7.077,7.077,6,Millions,I,Imputed Value,F,Non-confidential,3,3
OECD.IEA:RDDPRIVATE(1.1),Private sector energy technology RD&D expenditures,CZECH,Czech Republic,PRIVATE,Private sector,RDD,"Research, development and demonstration",F,"Heat and power generation, storage and supply",USD_R,USD (constant prices and exchange rates),2016,2016,A,Annual,5.443,5.443,6,Millions,I,Imputed Value,F,Non-confidential,3,3
OECD.IEA:RDDPRIVATE(1.1),Private sector energy technology RD&D expenditures,CZECH,Czech Republic,PRIVATE,Private sector,RDD,"Research, development and demonstration",F,"Heat and power generation, storage and supply",USD_R,USD (constant prices and exchange rates),2017,2017,A,Annual,5.373,5.373,6,Millions,I,Imputed Value,F,Non-confidential,3,3
OECD.IEA:RDDPRIVATE(1.1),Private sector energy technology RD&D expenditures,CZECH,Czech Republic,PRIVATE,Private sector,RDD,"Research, development and demonstration",F,"Heat and power generation, storage and supply",USD_R,USD (constant prices and exchange rates),2018,2018,A,Annual,6.215,6.215,6,Millions,I,Imputed Value,F,Non-confidential,3,3
OECD.IEA:RDDPRIVATE(1.1),Private sector energy technology RD&D expenditures,CZECH,Czech Republic,PRIVATE,Private sector,RDD,"Research, development and demonstration",F,"Heat and power generation, storage and supply",USD_R,USD (constant prices and exchange rates),2019,2019,A,Annual,10.102,10.102,6,Millions,I,Imputed Value,F,Non-confidential,3,3
OECD.IEA:RDDPRIVATE(1.1),Private sector energy technology RD&D expenditures,CZECH,Czech Republic,PRIVATE,Private sector,RDD,"Research, development and demonstration",F,"Heat and power generation, storage and supply",USD_R,USD (constant prices and exchange rates),2020,2020,A,Annual,9.43,9.43,6,Millions,I,Imputed Value,F,Non-confidential,3,3
OECD.IEA:RDDPRIVATE(1.1),Private sector energy technology RD&D expenditures,CZECH,Czech Republic,PRIVATE,Private sector,RDD,"Research, development and demonstration",F,"Heat and power generation, storage and supply",USD_R,USD (constant prices and exchange rates),2021,2021,A,Annual,10.735,10.735,6,Millions,I,Imputed Value,F,Non-confidential,3,3
OECD.IEA:RDDPRIVATE(1.1),Private sector energy technology RD&D expenditures,CZECH,Czech Republic,PRIVATE,Private sector,RDD,"Research, development and demonstration",F,"Heat and power generation, storage and supply",USD_R,USD (constant prices and exchange rates),2022,2022,A,Annual,10.008,10.008,6,Millions,I,Imputed Value,F,Non-confidential,3,3
OECD.IEA:RDDPRIVATE(1.1),Private sector energy technology RD&D expenditures,CZECH,Czech Republic,PRIVATE,Private sector,RDD,"Research, development and demonstration",F,"Heat and power generation, storage and supply",USD_R,USD (constant prices and exchange rates),2023,2023,A,Annual,19.55,19.55,6,Millions,I,Imputed Value,F,Non-confidential,3,3
OECD.IEA:RDDPRIVATE(1.1),Private sector energy technology RD&D expenditures,CZECH,Czech Republic,PRIVATE,Private sector,RDD,"Research, development and demonstration",F,"Heat and power generation, storage and supply",USD_R,USD (constant prices and exchange rates),2024,2024,A,Annual,6.604,6.604,6,Millions,I,Imputed Value,F,Non-confidential,3,3
OECD.IEA:RDDPRIVATE(1.1),Private sector energy technology RD&D expenditures,CZECH,Czech Republic,PRIVATE,Private sector,RDD,"Research, development and demonstration",F,"Heat and power generation, storage and supply",USD_R,USD (constant prices and exchange rates),2025,2025,A,Annual,6.07,6.07,6,Millions,P,Provisional Value,F,Non-confidential,3,3
OECD.IEA:RDDPRIVATE(1.1),Private sector energy technology RD&D expenditures,CZECH,Czech Republic,PRIVATE,Private sector,RDD,"Research, development and demonstration",F,"Heat and power generation, storage and supply",USD_R_PPP,USD (constant prices and PPP),2015,2015,A,Annual,11.95,11.95,6,Millions,I,Imputed Value,F,Non-confidential,3,3
OECD.IEA:RDDPRIVATE(1.1),Private sector energy technology RD&D expenditures,CZECH,Czech Republic,PRIVATE,Private sector,RDD,"Research, development and demonstration",F,"Heat and power generation, storage and supply",USD_R_PPP,USD (constant prices and PPP),2016,2016,A,Annual,9.191,9.191,6,Millions,I,Imputed Value,F,Non-confidential,3,3
OECD.IEA:RDDPRIVATE(1.1),Private sector energy technology RD&D expenditures,CZECH,Czech Republic,PRIVATE,Private sector,RDD,"Research, development and demonstration",F,"Heat and power generation, storage and supply",USD_R_PPP,USD (constant prices and PPP),2017,2017,A,Annual,9.074,9.074,6,Millions,I,Imputed Value,F,Non-confidential,3,3
OECD.IEA:RDDPRIVATE(1.1),Private sector energy technology RD&D expenditures,CZECH,Czech Republic,PRIVATE,Private sector,RDD,"Research, development and demonstration",F,"Heat and power generation, storage and supply",USD_R_PPP,USD (constant prices and PPP),2018,2018,A,Annual,10.495,10.495,6,Millions,I,Imputed Value,F,Non-confidential,3,3
OECD.IEA:RDDPRIVATE(1.1),Private sector energy technology RD&D expenditures,CZECH,Czech Republic,PRIVATE,Private sector,RDD,"Research, development and demonstration",F,"Heat and power generation, storage and supply",USD_R_PPP,USD (constant prices and PPP),2019,2019,A,Annual,17.059,17.059,6,Millions,I,Imputed Value,F,Non-confidential,3,3
OECD.IEA:RDDPRIVATE(1.1),Private sector energy technology RD&D expenditures,CZECH,Czech Republic,PRIVATE,Private sector,RDD,"Research, development and demonstration",F,"Heat and power generation, storage and supply",USD_R_PPP,USD (constant prices and PPP),2020,2020,A,Annual,15.925,15.925,6,Millions,I,Imputed Value,F,Non-confidential,3,3
OECD.IEA:RDDPRIVATE(1.1),Private sector energy technology RD&D expenditures,CZECH,Czech Republic,PRIVATE,Private sector,RDD,"Research, development and demonstration",F,"Heat and power generation, storage and supply",USD_R_PPP,USD (constant prices and PPP),2021,2021,A,Annual,18.127,18.127,6,Millions,I,Imputed Value,F,Non-confidential,3,3
OECD.IEA:RDDPRIVATE(1.1),Private sector energy technology RD&D expenditures,CZECH,Czech Republic,PRIVATE,Private sector,RDD,"Research, development and demonstration",F,"Heat and power generation, storage and supply",USD_R_PPP,USD (constant prices and PPP),2022,2022,A,Annual,16.9,16.9,6,Millions,I,Imputed Value,F,Non-confidential,3,3
OECD.IEA:RDDPRIVATE(1.1),Private sector energy technology RD&D expenditures,CZECH,Czech Republic,PRIVATE,Private sector,RDD,"Research, development and demonstration",F,"Heat and power generation, storage and supply",USD_R_PPP,USD (constant prices and PPP),2023,2023,A,Annual,33.013,33.013,6,Millions,I,Imputed Value,F,Non-confidential,3,3
OECD.IEA:RDDPRIVATE(1.1),Private sector energy technology RD&D expenditures,CZECH,Czech Republic,PRIVATE,Private sector,RDD,"Research, development and demonstration",F,"Heat and power generation, storage and supply",USD_R_PPP,USD (constant prices and PPP),2024,2024,A,Annual,11.152,11.152,6,Millions,I,Imputed Value,F,Non-confidential,3,3
OECD.IEA:RDDPRIVATE(1.1),Private sector energy technology RD&D expenditures,CZECH,Czech Republic,PRIVATE,Private sector,RDD,"Research, development and demonstration",F,"Heat and power generation, storage and supply",USD_R_PPP,USD (constant prices and PPP),2025,2025,A,Annual,10.249,10.249,6,Millions,P,Provisional Value,F,Non-confidential,3,3
OECD.IEA:RDDPRIVATE(1.1),Private sector energy technology RD&D expenditures,CZECH,Czech Republic,PRIVATE,Private sector,RDD,"Research, development and demonstration",G,CO2 capture and storage,EUR_R,Euro (constant prices and exchange rates),2015,2015,A,Annual,0.676,0.676,6,Millions,I,Imputed Value,F,Non-confidential,3,3
OECD.IEA:RDDPRIVATE(1.1),Private sector energy technology RD&D expenditures,CZECH,Czech Republic,PRIVATE,Private sector,RDD,"Research, development and demonstration",G,CO2 capture and storage,EUR_R,Euro (constant prices and exchange rates),2016,2016,A,Annual,0.374,0.374,6,Millions,I,Imputed Value,F,Non-confidential,3,3
OECD.IEA:RDDPRIVATE(1.1),Private sector energy technology RD&D expenditures,CZECH,Czech Republic,PRIVATE,Private sector,RDD,"Research, development and demonstration",G,CO2 capture and storage,EUR_R,Euro (constant prices and exchange rates),2017,2017,A,Annual,0.176,0.176,6,Millions,I,Imputed Value,F,Non-confidential,3,3
OECD.IEA:RDDPRIVATE(1.1),Private sector energy technology RD&D expenditures,CZECH,Czech Republic,PRIVATE,Private sector,RDD,"Research, development and demonstration",G,CO2 capture and storage,EUR_R,Euro (constant prices and exchange rates),2019,2019,A,Annual,0.04,0.04,6,Millions,I,Imputed Value,F,Non-confidential,3,3
OECD.IEA:RDDPRIVATE(1.1),Private sector energy technology RD&D expenditures,CZECH,Czech Republic,PRIVATE,Private sector,RDD,"Research, development and demonstration",G,CO2 capture and storage,EUR_R,Euro (constant prices and exchange rates),2020,2020,A,Annual,0.083,0.083,6,Millions,I,Imputed Value,F,Non-confidential,3,3
OECD.IEA:RDDPRIVATE(1.1),Private sector energy technology RD&D expenditures,CZECH,Czech Republic,PRIVATE,Private sector,RDD,"Research, development and demonstration",G,CO2 capture and storage,EUR_R,Euro (constant prices and exchange rates),2021,2021,A,Annual,0.28,0.28,6,Millions,I,Imputed Value,F,Non-confidential,3,3
OECD.IEA:RDDPRIVATE(1.1),Private sector energy technology RD&D expenditures,CZECH,Czech Republic,PRIVATE,Private sector,RDD,"Research, development and demonstration",G,CO2 capture and storage,EUR_R,Euro (constant prices and exchange rates),2022,2022,A,Annual,0.344,0.344,6,Millions,I,Imputed Value,F,Non-confidential,3,3
OECD.IEA:RDDPRIVATE(1.1),Private sector energy technology RD&D expenditures,CZECH,Czech Republic,PRIVATE,Private sector,RDD,"Research, development and demonstration",G,CO2 capture and storage,EUR_R,Euro (constant prices and exchange rates),2023,2023,A,Annual,0.341,0.341,6,Millions,I,Imputed Value,F,Non-confidential,3,3
OECD.IEA:RDDPRIVATE(1.1),Private sector energy technology RD&D expenditures,CZECH,Czech Republic,PRIVATE,Private sector,RDD,"Research, development and demonstration",G,CO2 capture and storage,EUR_R,Euro (constant prices and exchange rates),2024,2024,A,Annual,0.116,0.116,6,Millions,I,Imputed Value,F,Non-confidential,3,3
OECD.IEA:RDDPRIVATE(1.1),Private sector energy technology RD&D expenditures,CZECH,Czech Republic,PRIVATE,Private sector,RDD,"Research, development and demonstration",G,CO2 capture and storage,EUR_R,Euro (constant prices and exchange rates),2025,2025,A,Annual,0.027,0.027,6,Millions,P,Provisional Value,F,Non-confidential,3,3
OECD.IEA:RDDPRIVATE(1.1),Private sector energy technology RD&D expenditures,CZECH,Czech Republic,PRIVATE,Private sector,RDD,"Research, development and demonstration",G,CO2 capture and storage,NC_N,National currency (nominal),2015,2015,A,Annual,11.04,11.04,6,Millions,A,Normal Value,F,Non-confidential,3,3
OECD.IEA:RDDPRIVATE(1.1),Private sector energy technology RD&D expenditures,CZECH,Czech Republic,PRIVATE,Private sector,RDD,"Research, development and demonstration",G,CO2 capture and storage,NC_N,National currency (nominal),2016,2016,A,Annual,6.197,6.197,6,Millions,A,Normal Value,F,Non-confidential,3,3
OECD.IEA:RDDPRIVATE(1.1),Private sector energy technology RD&D expenditures,CZECH,Czech Republic,PRIVATE,Private sector,RDD,"Research, development and demonstration",G,CO2 capture and storage,NC_N,National currency (nominal),2017,2017,A,Annual,2.97,2.97,6,Millions,A,Normal Value,F,Non-confidential,3,3
OECD.IEA:RDDPRIVATE(1.1),Private sector energy technology RD&D expenditures,CZECH,Czech Republic,PRIVATE,Private sector,RDD,"Research, development and demonstration",G,CO2 capture and storage,NC_N,National currency (nominal),2019,2019,A,Annual,0.724,0.724,6,Millions,A,Normal Value,F,Non-confidential,3,3
OECD.IEA:RDDPRIVATE(1.1),Private sector energy technology RD&D expenditures,CZECH,Czech Republic,PRIVATE,Private sector,RDD,"Research, development and demonstration",G,CO2 capture and storage,NC_N,National currency (nominal),2020,2020,A,Annual,1.564,1.564,6,Millions,A,Normal Value,F,Non-confidential,3,3
OECD.IEA:RDDPRIVATE(1.1),Private sector energy technology RD&D expenditures,CZECH,Czech Republic,PRIVATE,Private sector,RDD,"Research, development and demonstration",G,CO2 capture and storage,NC_N,National currency (nominal),2021,2021,A,Annual,5.481,5.481,6,Millions,A,Normal Value,F,Non-confidential,3,3
OECD.IEA:RDDPRIVATE(1.1),Private sector energy technology RD&D expenditures,CZECH,Czech Republic,PRIVATE,Private sector,RDD,"Research, development and demonstration",G,CO2 capture and storage,NC_N,National currency (nominal),2022,2022,A,Annual,7.317,7.317,6,Millions,A,Normal Value,F,Non-confidential,3,3
OECD.IEA:RDDPRIVATE(1.1),Private sector energy technology RD&D expenditures,CZECH,Czech Republic,PRIVATE,Private sector,RDD,"Research, development and demonstration",G,CO2 capture and storage,NC_N,National currency (nominal),2023,2023,A,Annual,7.881,7.881,6,Millions,A,Normal Value,F,Non-confidential,3,3
OECD.IEA:RDDPRIVATE(1.1),Private sector energy technology RD&D expenditures,CZECH,Czech Republic,PRIVATE,Private sector,RDD,"Research, development and demonstration",G,CO2 capture and storage,NC_N,National currency (nominal),2024,2024,A,Annual,2.773,2.773,6,Millions,A,Normal Value,F,Non-confidential,3,3
OECD.IEA:RDDPRIVATE(1.1),Private sector energy technology RD&D expenditures,CZECH,Czech Republic,PRIVATE,Private sector,RDD,"Research, development and demonstration",G,CO2 capture and storage,NC_N,National currency (nominal),2025,2025,A,Annual,0.663,0.663,6,Millions,P,Provisional Value,F,Non-confidential,3,3
OECD.IEA:RDDPRIVATE(1.1),Private sector energy technology RD&D expenditures,CZECH,Czech Republic,PRIVATE,Private sector,RDD,"Research, development and demonstration",G,CO2 capture and storage,NC_R,National currency (constant prices),2015,2015,A,Annual,16.707,16.707,6,Millions,I,Imputed Value,F,Non-confidential,3,3
OECD.IEA:RDDPRIVATE(1.1),Private sector energy technology RD&D expenditures,CZECH,Czech Republic,PRIVATE,Private sector,RDD,"Research, development and demonstration",G,CO2 capture and storage,NC_R,National currency (constant prices),2016,2016,A,Annual,9.24,9.24,6,Millions,I,Imputed Value,F,Non-confidential,3,3
OECD.IEA:RDDPRIVATE(1.1),Private sector energy technology RD&D expenditures,CZECH,Czech Republic,PRIVATE,Private sector,RDD,"Research, development and demonstration",G,CO2 capture and storage,NC_R,National currency (constant prices),2017,2017,A,Annual,4.355,4.355,6,Millions,I,Imputed Value,F,Non-confidential,3,3
OECD.IEA:RDDPRIVATE(1.1),Private sector energy technology RD&D expenditures,CZECH,Czech Republic,PRIVATE,Private sector,RDD,"Research, development and demonstration",G,CO2 capture and storage,NC_R,National currency (constant prices),2019,2019,A,Annual,0.994,0.994,6,Millions,I,Imputed Value,F,Non-confidential,3,3
OECD.IEA:RDDPRIVATE(1.1),Private sector energy technology RD&D expenditures,CZECH,Czech Republic,PRIVATE,Private sector,RDD,"Research, development and demonstration",G,CO2 capture and storage,NC_R,National currency (constant prices),2020,2020,A,Annual,2.055,2.055,6,Millions,I,Imputed Value,F,Non-confidential,3,3
OECD.IEA:RDDPRIVATE(1.1),Private sector energy technology RD&D expenditures,CZECH,Czech Republic,PRIVATE,Private sector,RDD,"Research, development and demonstration",G,CO2 capture and storage,NC_R,National currency (constant prices),2021,2021,A,Annual,6.923,6.923,6,Millions,I,Imputed Value,F,Non-confidential,3,3
OECD.IEA:RDDPRIVATE(1.1),Private sector energy technology RD&D expenditures,CZECH,Czech Republic,PRIVATE,Private sector,RDD,"Research, development and demonstration",G,CO2 capture and storage,NC_R,National currency (constant prices),2022,2022,A,Annual,8.505,8.505,6,Millions,I,Imputed Value,F,Non-confidential,3,3
OECD.IEA:RDDPRIVATE(1.1),Private sector energy technology RD&D expenditures,CZECH,Czech Republic,PRIVATE,Private sector,RDD,"Research, development and demonstration",G,CO2 capture and storage,NC_R,National currency (constant prices),2023,2023,A,Annual,8.435,8.435,6,Millions,I,Imputed Value,F,Non-confidential,3,3
OECD.IEA:RDDPRIVATE(1.1),Private sector energy technology RD&D expenditures,CZECH,Czech Republic,PRIVATE,Private sector,RDD,"Research, development and demonstration",G,CO2 capture and storage,NC_R,National currency (constant prices),2024,2024,A,Annual,2.857,2.857,6,Millions,I,Imputed Value,F,Non-confidential,3,3
OECD.IEA:RDDPRIVATE(1.1),Private sector energy technology RD&D expenditures,CZECH,Czech Republic,PRIVATE,Private sector,RDD,"Research, development and demonstration",G,CO2 capture and storage,NC_R,National currency (constant prices),2025,2025,A,Annual,0.663,0.663,6,Millions,P,Provisional Value,F,Non-confidential,3,3
OECD.IEA:RDDPRIVATE(1.1),Private sector energy technology RD&D expenditures,CZECH,Czech Republic,PRIVATE,Private sector,RDD,"Research, development and demonstration",G,CO2 capture and storage,USD_R,USD (constant prices and exchange rates),2015,2015,A,Annual,0.763,0.763,6,Millions,I,Imputed Value,F,Non-confidential,3,3
OECD.IEA:RDDPRIVATE(1.1),Private sector energy technology RD&D expenditures,CZECH,Czech Republic,PRIVATE,Private sector,RDD,"Research, development and demonstration",G,CO2 capture and storage,USD_R,USD (constant prices and exchange rates),2016,2016,A,Annual,0.422,0.422,6,Millions,I,Imputed Value,F,Non-confidential,3,3
OECD.IEA:RDDPRIVATE(1.1),Private sector energy technology RD&D expenditures,CZECH,Czech Republic,PRIVATE,Private sector,RDD,"Research, development and demonstration",G,CO2 capture and storage,USD_R,USD (constant prices and exchange rates),2017,2017,A,Annual,0.199,0.199,6,Millions,I,Imputed Value,F,Non-confidential,3,3
OECD.IEA:RDDPRIVATE(1.1),Private sector energy technology RD&D expenditures,CZECH,Czech Republic,PRIVATE,Private sector,RDD,"Research, development and demonstration",G,CO2 capture and storage,USD_R,USD (constant prices and exchange rates),2019,2019,A,Annual,0.045,0.045,6,Millions,I,Imputed Value,F,Non-confidential,3,3
OECD.IEA:RDDPRIVATE(1.1),Private sector energy technology RD&D expenditures,CZECH,Czech Republic,PRIVATE,Private sector,RDD,"Research, development and demonstration",G,CO2 capture and storage,USD_R,USD (constant prices and exchange rates),2020,2020,A,Annual,0.094,0.094,6,Millions,I,Imputed Value,F,Non-confidential,3,3
OECD.IEA:RDDPRIVATE(1.1),Private sector energy technology RD&D expenditures,CZECH,Czech Republic,PRIVATE,Private sector,RDD,"Research, development and demonstration",G,CO2 capture and storage,USD_R,USD (constant prices and exchange rates),2021,2021,A,Annual,0.316,0.316,6,Millions,I,Imputed Value,F,Non-confidential,3,3
OECD.IEA:RDDPRIVATE(1.1),Private sector energy technology RD&D expenditures,CZECH,Czech Republic,PRIVATE,Private sector,RDD,"Research, development and demonstration",G,CO2 capture and storage,USD_R,USD (constant prices and exchange rates),2022,2022,A,Annual,0.389,0.389,6,Millions,I,Imputed Value,F,Non-confidential,3,3
OECD.IEA:RDDPRIVATE(1.1),Private sector energy technology RD&D expenditures,CZECH,Czech Republic,PRIVATE,Private sector,RDD,"Research, development and demonstration",G,CO2 capture and storage,USD_R,USD (constant prices and exchange rates),2023,2023,A,Annual,0.385,0.385,6,Millions,I,Imputed Value,F,Non-confidential,3,3
OECD.IEA:RDDPRIVATE(1.1),Private sector energy technology RD&D expenditures,CZECH,Czech Republic,PRIVATE,Private sector,RDD,"Research, development and demonstration",G,CO2 capture and storage,USD_R,USD (constant prices and exchange rates),2024,2024,A,Annual,0.131,0.131,6,Millions,I,Imputed Value,F,Non-confidential,3,3
OECD.IEA:RDDPRIVATE(1.1),Private sector energy technology RD&D expenditures,CZECH,Czech Republic,PRIVATE,Private sector,RDD,"Research, development and demonstration",G,CO2 capture and storage,USD_R,USD (constant prices and exchange rates),2025,2025,A,Annual,0.03,0.03,6,Millions,P,Provisional Value,F,Non-confidential,3,3
OECD.IEA:RDDPRIVATE(1.1),Private sector energy technology RD&D expenditures,CZECH,Czech Republic,PRIVATE,Private sector,RDD,"Research, development and demonstration",G,CO2 capture and storage,USD_R_PPP,USD (constant prices and PPP),2015,2015,A,Annual,1.289,1.289,6,Millions,I,Imputed Value,F,Non-confidential,3,3
OECD.IEA:RDDPRIVATE(1.1),Private sector energy technology RD&D expenditures,CZECH,Czech Republic,PRIVATE,Private sector,RDD,"Research, development and demonstration",G,CO2 capture and storage,USD_R_PPP,USD (constant prices and PPP),2016,2016,A,Annual,0.713,0.713,6,Millions,I,Imputed Value,F,Non-confidential,3,3
OECD.IEA:RDDPRIVATE(1.1),Private sector energy technology RD&D expenditures,CZECH,Czech Republic,PRIVATE,Private sector,RDD,"Research, development and demonstration",G,CO2 capture and storage,USD_R_PPP,USD (constant prices and PPP),2017,2017,A,Annual,0.336,0.336,6,Millions,I,Imputed Value,F,Non-confidential,3,3
OECD.IEA:RDDPRIVATE(1.1),Private sector energy technology RD&D expenditures,CZECH,Czech Republic,PRIVATE,Private sector,RDD,"Research, development and demonstration",G,CO2 capture and storage,USD_R_PPP,USD (constant prices and PPP),2019,2019,A,Annual,0.077,0.077,6,Millions,I,Imputed Value,F,Non-confidential,3,3
OECD.IEA:RDDPRIVATE(1.1),Private sector energy technology RD&D expenditures,CZECH,Czech Republic,PRIVATE,Private sector,RDD,"Research, development and demonstration",G,CO2 capture and storage,USD_R_PPP,USD (constant prices and PPP),2020,2020,A,Annual,0.159,0.159,6,Millions,I,Imputed Value,F,Non-confidential,3,3
OECD.IEA:RDDPRIVATE(1.1),Private sector energy technology RD&D expenditures,CZECH,Czech Republic,PRIVATE,Private sector,RDD,"Research, development and demonstration",G,CO2 capture and storage,USD_R_PPP,USD (constant prices and PPP),2021,2021,A,Annual,0.534,0.534,6,Millions,I,Imputed Value,F,Non-confidential,3,3
OECD.IEA:RDDPRIVATE(1.1),Private sector energy technology RD&D expenditures,CZECH,Czech Republic,PRIVATE,Private sector,RDD,"Research, development and demonstration",G,CO2 capture and storage,USD_R_PPP,USD (constant prices and PPP),2022,2022,A,Annual,0.656,0.656,6,Millions,I,Imputed Value,F,Non-confidential,3,3
OECD.IEA:RDDPRIVATE(1.1),Private sector energy technology RD&D expenditures,CZECH,Czech Republic,PRIVATE,Private sector,RDD,"Research, development and demonstration",G,CO2 capture and storage,USD_R_PPP,USD (constant prices and PPP),2023,2023,A,Annual,0.651,0.651,6,Millions,I,Imputed Value,F,Non-confidential,3,3
OECD.IEA:RDDPRIVATE(1.1),Private sector energy technology RD&D expenditures,CZECH,Czech Republic,PRIVATE,Private sector,RDD,"Research, development and demonstration",G,CO2 capture and storage,USD_R_PPP,USD (constant prices and PPP),2024,2024,A,Annual,0.22,0.22,6,Millions,I,Imputed Value,F,Non-confidential,3,3
OECD.IEA:RDDPRIVATE(1.1),Private sector energy technology RD&D expenditures,CZECH,Czech Republic,PRIVATE,Private sector,RDD,"Research, development and demonstration",G,CO2 capture and storage,USD_R_PPP,USD (constant prices and PPP),2025,2025,A,Annual,0.051,0.051,6,Millions,P,Provisional Value,F,Non-confidential,3,3
OECD.IEA:RDDPRIVATE(1.1),Private sector energy technology RD&D expenditures,CZECH,Czech Republic,PRIVATE,Private sector,RDD,"Research, development and demonstration",TOTAL,Total budget,EUR_R,Euro (constant prices and exchange rates),2015,2015,A,Annual,55.431,55.431,6,Millions,I,Imputed Value,F,Non-confidential,3,3
OECD.IEA:RDDPRIVATE(1.1),Private sector energy technology RD&D expenditures,CZECH,Czech Republic,PRIVATE,Private sector,RDD,"Research, development and demonstration",TOTAL,Total budget,EUR_R,Euro (constant prices and exchange rates),2016,2016,A,Annual,31.582,31.582,6,Millions,I,Imputed Value,F,Non-confidential,3,3
OECD.IEA:RDDPRIVATE(1.1),Private sector energy technology RD&D expenditures,CZECH,Czech Republic,PRIVATE,Private sector,RDD,"Research, development and demonstration",TOTAL,Total budget,EUR_R,Euro (constant prices and exchange rates),2017,2017,A,Annual,40.866,40.866,6,Millions,I,Imputed Value,F,Non-confidential,3,3
OECD.IEA:RDDPRIVATE(1.1),Private sector energy technology RD&D expenditures,CZECH,Czech Republic,PRIVATE,Private sector,RDD,"Research, development and demonstration",TOTAL,Total budget,EUR_R,Euro (constant prices and exchange rates),2018,2018,A,Annual,42.427,42.427,6,Millions,I,Imputed Value,F,Non-confidential,3,3
OECD.IEA:RDDPRIVATE(1.1),Private sector energy technology RD&D expenditures,CZECH,Czech Republic,PRIVATE,Private sector,RDD,"Research, development and demonstration",TOTAL,Total budget,EUR_R,Euro (constant prices and exchange rates),2019,2019,A,Annual,58.634,58.634,6,Millions,I,Imputed Value,F,Non-confidential,3,3
OECD.IEA:RDDPRIVATE(1.1),Private sector energy technology RD&D expenditures,CZECH,Czech Republic,PRIVATE,Private sector,RDD,"Research, development and demonstration",TOTAL,Total budget,EUR_R,Euro (constant prices and exchange rates),2020,2020,A,Annual,52.679,52.679,6,Millions,I,Imputed Value,F,Non-confidential,3,3
OECD.IEA:RDDPRIVATE(1.1),Private sector energy technology RD&D expenditures,CZECH,Czech Republic,PRIVATE,Private sector,RDD,"Research, development and demonstration",TOTAL,Total budget,EUR_R,Euro (constant prices and exchange rates),2021,2021,A,Annual,45.54,45.54,6,Millions,I,Imputed Value,F,Non-confidential,3,3
OECD.IEA:RDDPRIVATE(1.1),Private sector energy technology RD&D expenditures,CZECH,Czech Republic,PRIVATE,Private sector,RDD,"Research, development and demonstration",TOTAL,Total budget,EUR_R,Euro (constant prices and exchange rates),2022,2022,A,Annual,31.751,31.751,6,Millions,I,Imputed Value,F,Non-confidential,3,3
OECD.IEA:RDDPRIVATE(1.1),Private sector energy technology RD&D expenditures,CZECH,Czech Republic,PRIVATE,Private sector,RDD,"Research, development and demonstration",TOTAL,Total budget,EUR_R,Euro (constant prices and exchange rates),2023,2023,A,Annual,59.814,59.814,6,Millions,I,Imputed Value,F,Non-confidential,3,3
OECD.IEA:RDDPRIVATE(1.1),Private sector energy technology RD&D expenditures,CZECH,Czech Republic,PRIVATE,Private sector,RDD,"Research, development and demonstration",TOTAL,Total budget,EUR_R,Euro (constant prices and exchange rates),2024,2024,A,Annual,24.397,24.397,6,Millions,I,Imputed Value,F,Non-confidential,3,3
OECD.IEA:RDDPRIVATE(1.1),Private sector energy technology RD&D expenditures,CZECH,Czech Republic,PRIVATE,Private sector,RDD,"Research, development and demonstration",TOTAL,Total budget,EUR_R,Euro (constant prices and exchange rates),2025,2025,A,Annual,22.835,22.835,6,Millions,P,Provisional Value,F,Non-confidential,3,3
OECD.IEA:RDDPRIVATE(1.1),Private sector energy technology RD&D expenditures,CZECH,Czech Republic,PRIVATE,Private sector,RDD,"Research, development and demonstration",TOTAL,Total budget,NC_N,National currency (nominal),2015,2015,A,Annual,905.719,905.719,6,Millions,A,Normal Value,F,Non-confidential,3,3
OECD.IEA:RDDPRIVATE(1.1),Private sector energy technology RD&D expenditures,CZECH,Czech Republic,PRIVATE,Private sector,RDD,"Research, development and demonstration",TOTAL,Total budget,NC_N,National currency (nominal),2016,2016,A,Annual,523.728,523.728,6,Millions,A,Normal Value,F,Non-confidential,3,3
OECD.IEA:RDDPRIVATE(1.1),Private sector energy technology RD&D expenditures,CZECH,Czech Republic,PRIVATE,Private sector,RDD,"Research, development and demonstration",TOTAL,Total budget,NC_N,National currency (nominal),2017,2017,A,Annual,689.097,689.097,6,Millions,A,Normal Value,F,Non-confidential,3,3
OECD.IEA:RDDPRIVATE(1.1),Private sector energy technology RD&D expenditures,CZECH,Czech Republic,PRIVATE,Private sector,RDD,"Research, development and demonstration",TOTAL,Total budget,NC_N,National currency (nominal),2018,2018,A,Annual,735.548,735.548,6,Millions,A,Normal Value,F,Non-confidential,3,3
OECD.IEA:RDDPRIVATE(1.1),Private sector energy technology RD&D expenditures,CZECH,Czech Republic,PRIVATE,Private sector,RDD,"Research, development and demonstration",TOTAL,Total budget,NC_N,National currency (nominal),2019,2019,A,Annual,1055.584,1055.584,6,Millions,A,Normal Value,F,Non-confidential,3,3
OECD.IEA:RDDPRIVATE(1.1),Private sector energy technology RD&D expenditures,CZECH,Czech Republic,PRIVATE,Private sector,RDD,"Research, development and demonstration",TOTAL,Total budget,NC_N,National currency (nominal),2020,2020,A,Annual,991.2,991.2,6,Millions,A,Normal Value,F,Non-confidential,3,3
OECD.IEA:RDDPRIVATE(1.1),Private sector energy technology RD&D expenditures,CZECH,Czech Republic,PRIVATE,Private sector,RDD,"Research, development and demonstration",TOTAL,Total budget,NC_N,National currency (nominal),2021,2021,A,Annual,891.449,891.449,6,Millions,A,Normal Value,F,Non-confidential,3,3
OECD.IEA:RDDPRIVATE(1.1),Private sector energy technology RD&D expenditures,CZECH,Czech Republic,PRIVATE,Private sector,RDD,"Research, development and demonstration",TOTAL,Total budget,NC_N,National currency (nominal),2022,2022,A,Annual,675.424,675.424,6,Millions,A,Normal Value,F,Non-confidential,3,3
OECD.IEA:RDDPRIVATE(1.1),Private sector energy technology RD&D expenditures,CZECH,Czech Republic,PRIVATE,Private sector,RDD,"Research, development and demonstration",TOTAL,Total budget,NC_N,National currency (nominal),2023,2023,A,Annual,1381.788,1381.788,6,Millions,A,Normal Value,F,Non-confidential,3,3
OECD.IEA:RDDPRIVATE(1.1),Private sector energy technology RD&D expenditures,CZECH,Czech Republic,PRIVATE,Private sector,RDD,"Research, development and demonstration",TOTAL,Total budget,NC_N,National currency (nominal),2024,2024,A,Annual,585.601,585.601,6,Millions,A,Normal Value,F,Non-confidential,3,3
OECD.IEA:RDDPRIVATE(1.1),Private sector energy technology RD&D expenditures,CZECH,Czech Republic,PRIVATE,Private sector,RDD,"Research, development and demonstration",TOTAL,Total budget,NC_N,National currency (nominal),2025,2025,A,Annual,564.631,564.631,6,Millions,P,Provisional Value,F,Non-confidential,3,3
OECD.IEA:RDDPRIVATE(1.1),Private sector energy technology RD&D expenditures,CZECH,Czech Republic,PRIVATE,Private sector,RDD,"Research, development and demonstration",TOTAL,Total budget,NC_R,National currency (constant prices),2015,2015,A,Annual,1370.598,1370.598,6,Millions,I,Imputed Value,F,Non-confidential,3,3
OECD.IEA:RDDPRIVATE(1.1),Private sector energy technology RD&D expenditures,CZECH,Czech Republic,PRIVATE,Private sector,RDD,"Research, development and demonstration",TOTAL,Total budget,NC_R,National currency (constant prices),2016,2016,A,Annual,780.897,780.897,6,Millions,I,Imputed Value,F,Non-confidential,3,3
OECD.IEA:RDDPRIVATE(1.1),Private sector energy technology RD&D expenditures,CZECH,Czech Republic,PRIVATE,Private sector,RDD,"Research, development and demonstration",TOTAL,Total budget,NC_R,National currency (constant prices),2017,2017,A,Annual,1010.456,1010.456,6,Millions,I,Imputed Value,F,Non-confidential,3,3
OECD.IEA:RDDPRIVATE(1.1),Private sector energy technology RD&D expenditures,CZECH,Czech Republic,PRIVATE,Private sector,RDD,"Research, development and demonstration",TOTAL,Total budget,NC_R,National currency (constant prices),2018,2018,A,Annual,1049.056,1049.056,6,Millions,I,Imputed Value,F,Non-confidential,3,3
OECD.IEA:RDDPRIVATE(1.1),Private sector energy technology RD&D expenditures,CZECH,Czech Republic,PRIVATE,Private sector,RDD,"Research, development and demonstration",TOTAL,Total budget,NC_R,National currency (constant prices),2019,2019,A,Annual,1449.807,1449.807,6,Millions,I,Imputed Value,F,Non-confidential,3,3
OECD.IEA:RDDPRIVATE(1.1),Private sector energy technology RD&D expenditures,CZECH,Czech Republic,PRIVATE,Private sector,RDD,"Research, development and demonstration",TOTAL,Total budget,NC_R,National currency (constant prices),2020,2020,A,Annual,1302.551,1302.551,6,Millions,I,Imputed Value,F,Non-confidential,3,3
OECD.IEA:RDDPRIVATE(1.1),Private sector energy technology RD&D expenditures,CZECH,Czech Republic,PRIVATE,Private sector,RDD,"Research, development and demonstration",TOTAL,Total budget,NC_R,National currency (constant prices),2021,2021,A,Annual,1126.038,1126.038,6,Millions,I,Imputed Value,F,Non-confidential,3,3
OECD.IEA:RDDPRIVATE(1.1),Private sector energy technology RD&D expenditures,CZECH,Czech Republic,PRIVATE,Private sector,RDD,"Research, development and demonstration",TOTAL,Total budget,NC_R,National currency (constant prices),2022,2022,A,Annual,785.089,785.089,6,Millions,I,Imputed Value,F,Non-confidential,3,3
OECD.IEA:RDDPRIVATE(1.1),Private sector energy technology RD&D expenditures,CZECH,Czech Republic,PRIVATE,Private sector,RDD,"Research, development and demonstration",TOTAL,Total budget,NC_R,National currency (constant prices),2023,2023,A,Annual,1478.98,1478.98,6,Millions,I,Imputed Value,F,Non-confidential,3,3
OECD.IEA:RDDPRIVATE(1.1),Private sector energy technology RD&D expenditures,CZECH,Czech Republic,PRIVATE,Private sector,RDD,"Research, development and demonstration",TOTAL,Total budget,NC_R,National currency (constant prices),2024,2024,A,Annual,603.249,603.249,6,Millions,I,Imputed Value,F,Non-confidential,3,3
OECD.IEA:RDDPRIVATE(1.1),Private sector energy technology RD&D expenditures,CZECH,Czech Republic,PRIVATE,Private sector,RDD,"Research, development and demonstration",TOTAL,Total budget,NC_R,National currency (constant prices),2025,2025,A,Annual,564.631,564.631,6,Millions,P,Provisional Value,F,Non-confidential,3,3
OECD.IEA:RDDPRIVATE(1.1),Private sector energy technology RD&D expenditures,CZECH,Czech Republic,PRIVATE,Private sector,RDD,"Research, development and demonstration",TOTAL,Total budget,USD_R,USD (constant prices and exchange rates),2015,2015,A,Annual,62.636,62.636,6,Millions,I,Imputed Value,F,Non-confidential,3,3
OECD.IEA:RDDPRIVATE(1.1),Private sector energy technology RD&D expenditures,CZECH,Czech Republic,PRIVATE,Private sector,RDD,"Research, development and demonstration",TOTAL,Total budget,USD_R,USD (constant prices and exchange rates),2016,2016,A,Annual,35.687,35.687,6,Millions,I,Imputed Value,F,Non-confidential,3,3
OECD.IEA:RDDPRIVATE(1.1),Private sector energy technology RD&D expenditures,CZECH,Czech Republic,PRIVATE,Private sector,RDD,"Research, development and demonstration",TOTAL,Total budget,USD_R,USD (constant prices and exchange rates),2017,2017,A,Annual,46.177,46.177,6,Millions,I,Imputed Value,F,Non-confidential,3,3
OECD.IEA:RDDPRIVATE(1.1),Private sector energy technology RD&D expenditures,CZECH,Czech Republic,PRIVATE,Private sector,RDD,"Research, development and demonstration",TOTAL,Total budget,USD_R,USD (constant prices and exchange rates),2018,2018,A,Annual,47.941,47.941,6,Millions,I,Imputed Value,F,Non-confidential,3,3
OECD.IEA:RDDPRIVATE(1.1),Private sector energy technology RD&D expenditures,CZECH,Czech Republic,PRIVATE,Private sector,RDD,"Research, development and demonstration",TOTAL,Total budget,USD_R,USD (constant prices and exchange rates),2019,2019,A,Annual,66.256,66.256,6,Millions,I,Imputed Value,F,Non-confidential,3,3
OECD.IEA:RDDPRIVATE(1.1),Private sector energy technology RD&D expenditures,CZECH,Czech Republic,PRIVATE,Private sector,RDD,"Research, development and demonstration",TOTAL,Total budget,USD_R,USD (constant prices and exchange rates),2020,2020,A,Annual,59.526,59.526,6,Millions,I,Imputed Value,F,Non-confidential,3,3
OECD.IEA:RDDPRIVATE(1.1),Private sector energy technology RD&D expenditures,CZECH,Czech Republic,PRIVATE,Private sector,RDD,"Research, development and demonstration",TOTAL,Total budget,USD_R,USD (constant prices and exchange rates),2021,2021,A,Annual,51.46,51.46,6,Millions,I,Imputed Value,F,Non-confidential,3,3
OECD.IEA:RDDPRIVATE(1.1),Private sector energy technology RD&D expenditures,CZECH,Czech Republic,PRIVATE,Private sector,RDD,"Research, development and demonstration",TOTAL,Total budget,USD_R,USD (constant prices and exchange rates),2022,2022,A,Annual,35.878,35.878,6,Millions,I,Imputed Value,F,Non-confidential,3,3
OECD.IEA:RDDPRIVATE(1.1),Private sector energy technology RD&D expenditures,CZECH,Czech Republic,PRIVATE,Private sector,RDD,"Research, development and demonstration",TOTAL,Total budget,USD_R,USD (constant prices and exchange rates),2023,2023,A,Annual,67.589,67.589,6,Millions,I,Imputed Value,F,Non-confidential,3,3
OECD.IEA:RDDPRIVATE(1.1),Private sector energy technology RD&D expenditures,CZECH,Czech Republic,PRIVATE,Private sector,RDD,"Research, development and demonstration",TOTAL,Total budget,USD_R,USD (constant prices and exchange rates),2024,2024,A,Annual,27.568,27.568,6,Millions,I,Imputed Value,F,Non-confidential,3,3
OECD.IEA:RDDPRIVATE(1.1),Private sector energy technology RD&D expenditures,CZECH,Czech Republic,PRIVATE,Private sector,RDD,"Research, development and demonstration",TOTAL,Total budget,USD_R,USD (constant prices and exchange rates),2025,2025,A,Annual,25.803,25.803,6,Millions,P,Provisional Value,F,Non-confidential,3,3
OECD.IEA:RDDPRIVATE(1.1),Private sector energy technology RD&D expenditures,CZECH,Czech Republic,PRIVATE,Private sector,RDD,"Research, development and demonstration",TOTAL,Total budget,USD_R_PPP,USD (constant prices and PPP),2015,2015,A,Annual,105.769,105.769,6,Millions,I,Imputed Value,F,Non-confidential,3,3
OECD.IEA:RDDPRIVATE(1.1),Private sector energy technology RD&D expenditures,CZECH,Czech Republic,PRIVATE,Private sector,RDD,"Research, development and demonstration",TOTAL,Total budget,USD_R_PPP,USD (constant prices and PPP),2016,2016,A,Annual,60.262,60.262,6,Millions,I,Imputed Value,F,Non-confidential,3,3
OECD.IEA:RDDPRIVATE(1.1),Private sector energy technology RD&D expenditures,CZECH,Czech Republic,PRIVATE,Private sector,RDD,"Research, development and demonstration",TOTAL,Total budget,USD_R_PPP,USD (constant prices and PPP),2017,2017,A,Annual,77.977,77.977,6,Millions,I,Imputed Value,F,Non-confidential,3,3
OECD.IEA:RDDPRIVATE(1.1),Private sector energy technology RD&D expenditures,CZECH,Czech Republic,PRIVATE,Private sector,RDD,"Research, development and demonstration",TOTAL,Total budget,USD_R_PPP,USD (constant prices and PPP),2018,2018,A,Annual,80.955,80.955,6,Millions,I,Imputed Value,F,Non-confidential,3,3
OECD.IEA:RDDPRIVATE(1.1),Private sector energy technology RD&D expenditures,CZECH,Czech Republic,PRIVATE,Private sector,RDD,"Research, development and demonstration",TOTAL,Total budget,USD_R_PPP,USD (constant prices and PPP),2019,2019,A,Annual,111.881,111.881,6,Millions,I,Imputed Value,F,Non-confidential,3,3
OECD.IEA:RDDPRIVATE(1.1),Private sector energy technology RD&D expenditures,CZECH,Czech Republic,PRIVATE,Private sector,RDD,"Research, development and demonstration",TOTAL,Total budget,USD_R_PPP,USD (constant prices and PPP),2020,2020,A,Annual,100.517,100.517,6,Millions,I,Imputed Value,F,Non-confidential,3,3
OECD.IEA:RDDPRIVATE(1.1),Private sector energy technology RD&D expenditures,CZECH,Czech Republic,PRIVATE,Private sector,RDD,"Research, development and demonstration",TOTAL,Total budget,USD_R_PPP,USD (constant prices and PPP),2021,2021,A,Annual,86.896,86.896,6,Millions,I,Imputed Value,F,Non-confidential,3,3
OECD.IEA:RDDPRIVATE(1.1),Private sector energy technology RD&D expenditures,CZECH,Czech Republic,PRIVATE,Private sector,RDD,"Research, development and demonstration",TOTAL,Total budget,USD_R_PPP,USD (constant prices and PPP),2022,2022,A,Annual,60.585,60.585,6,Millions,I,Imputed Value,F,Non-confidential,3,3
OECD.IEA:RDDPRIVATE(1.1),Private sector energy technology RD&D expenditures,CZECH,Czech Republic,PRIVATE,Private sector,RDD,"Research, development and demonstration",TOTAL,Total budget,USD_R_PPP,USD (constant prices and PPP),2023,2023,A,Annual,114.132,114.132,6,Millions,I,Imputed Value,F,Non-confidential,3,3
OECD.IEA:RDDPRIVATE(1.1),Private sector energy technology RD&D expenditures,CZECH,Czech Republic,PRIVATE,Private sector,RDD,"Research, development and demonstration",TOTAL,Total budget,USD_R_PPP,USD (constant prices and PPP),2024,2024,A,Annual,46.553,46.553,6,Millions,I,Imputed Value,F,Non-confidential,3,3
OECD.IEA:RDDPRIVATE(1.1),Private sector energy technology RD&D expenditures,CZECH,Czech Republic,PRIVATE,Private sector,RDD,"Research, development and demonstration",TOTAL,Total budget,USD_R_PPP,USD (constant prices and PPP),2025,2025,A,Annual,43.572,43.572,6,Millions,P,Provisional Value,F,Non-confidential,3,3
OECD.IEA:RDDPRIVATE(1.1),Private sector energy technology RD&D expenditures,CZECH,Czech Republic,PRIVATE,Private sector,RDD,"Research, development and demonstration",UN,Unallocated,EUR_R,Euro (constant prices and exchange rates),2015,2015,A,Annual,0.0,0.0,6,Millions,I,Imputed Value,F,Non-confidential,3,3
OECD.IEA:RDDPRIVATE(1.1),Private sector energy technology RD&D expenditures,CZECH,Czech Republic,PRIVATE,Private sector,RDD,"Research, development and demonstration",UN,Unallocated,EUR_R,Euro (constant prices and exchange rates),2016,2016,A,Annual,0.0,0.0,6,Millions,I,Imputed Value,F,Non-confidential,3,3
OECD.IEA:RDDPRIVATE(1.1),Private sector energy technology RD&D expenditures,CZECH,Czech Republic,PRIVATE,Private sector,RDD,"Research, development and demonstration",UN,Unallocated,EUR_R,Euro (constant prices and exchange rates),2017,2017,A,Annual,0.0,0.0,6,Millions,I,Imputed Value,F,Non-confidential,3,3
OECD.IEA:RDDPRIVATE(1.1),Private sector energy technology RD&D expenditures,CZECH,Czech Republic,PRIVATE,Private sector,RDD,"Research, development and demonstration",UN,Unallocated,EUR_R,Euro (constant prices and exchange rates),2018,2018,A,Annual,0.0,0.0,6,Millions,I,Imputed Value,F,Non-confidential,3,3
OECD.IEA:RDDPRIVATE(1.1),Private sector energy technology RD&D expenditures,CZECH,Czech Republic,PRIVATE,Private sector,RDD,"Research, development and demonstration",UN,Unallocated,EUR_R,Euro (constant prices and exchange rates),2019,2019,A,Annual,0.0,0.0,6,Millions,I,Imputed Value,F,Non-confidential,3,3
OECD.IEA:RDDPRIVATE(1.1),Private sector energy technology RD&D expenditures,CZECH,Czech Republic,PRIVATE,Private sector,RDD,"Research, development and demonstration",UN,Unallocated,EUR_R,Euro (constant prices and exchange rates),2020,2020,A,Annual,0.0,0.0,6,Millions,I,Imputed Value,F,Non-confidential,3,3
OECD.IEA:RDDPRIVATE(1.1),Private sector energy technology RD&D expenditures,CZECH,Czech Republic,PRIVATE,Private sector,RDD,"Research, development and demonstration",UN,Unallocated,EUR_R,Euro (constant prices and exchange rates),2021,2021,A,Annual,0.0,0.0,6,Millions,I,Imputed Value,F,Non-confidential,3,3
OECD.IEA:RDDPRIVATE(1.1),Private sector energy technology RD&D expenditures,CZECH,Czech Republic,PRIVATE,Private sector,RDD,"Research, development and demonstration",UN,Unallocated,EUR_R,Euro (constant prices and exchange rates),2022,2022,A,Annual,0.0,0.0,6,Millions,I,Imputed Value,F,Non-confidential,3,3
OECD.IEA:RDDPRIVATE(1.1),Private sector energy technology RD&D expenditures,CZECH,Czech Republic,PRIVATE,Private sector,RDD,"Research, development and demonstration",UN,Unallocated,EUR_R,Euro (constant prices and exchange rates),2023,2023,A,Annual,0.0,0.0,6,Millions,I,Imputed Value,F,Non-confidential,3,3
OECD.IEA:RDDPRIVATE(1.1),Private sector energy technology RD&D expenditures,CZECH,Czech Republic,PRIVATE,Private sector,RDD,"Research, development and demonstration",UN,Unallocated,EUR_R,Euro (constant prices and exchange rates),2024,2024,A,Annual,0.0,0.0,6,Millions,I,Imputed Value,F,Non-confidential,3,3
OECD.IEA:RDDPRIVATE(1.1),Private sector energy technology RD&D expenditures,CZECH,Czech Republic,PRIVATE,Private sector,RDD,"Research, development and demonstration",UN,Unallocated,EUR_R,Euro (constant prices and exchange rates),2025,2025,A,Annual,0.016,0.016,6,Millions,P,Provisional Value,F,Non-confidential,3,3
OECD.IEA:RDDPRIVATE(1.1),Private sector energy technology RD&D expenditures,CZECH,Czech Republic,PRIVATE,Private sector,RDD,"Research, development and demonstration",UN,Unallocated,NC_N,National currency (nominal),2015,2015,A,Annual,0.0,0.0,6,Millions,A,Normal Value,F,Non-confidential,3,3
OECD.IEA:RDDPRIVATE(1.1),Private sector energy technology RD&D expenditures,CZECH,Czech Republic,PRIVATE,Private sector,RDD,"Research, development and demonstration",UN,Unallocated,NC_N,National currency (nominal),2016,2016,A,Annual,0.0,0.0,6,Millions,A,Normal Value,F,Non-confidential,3,3
OECD.IEA:RDDPRIVATE(1.1),Private sector energy technology RD&D expenditures,CZECH,Czech Republic,PRIVATE,Private sector,RDD,"Research, development and demonstration",UN,Unallocated,NC_N,National currency (nominal),2017,2017,A,Annual,0.0,0.0,6,Millions,A,Normal Value,F,Non-confidential,3,3
OECD.IEA:RDDPRIVATE(1.1),Private sector energy technology RD&D expenditures,CZECH,Czech Republic,PRIVATE,Private sector,RDD,"Research, development and demonstration",UN,Unallocated,NC_N,National currency (nominal),2018,2018,A,Annual,0.0,0.0,6,Millions,A,Normal Value,F,Non-confidential,3,3
OECD.IEA:RDDPRIVATE(1.1),Private sector energy technology RD&D expenditures,CZECH,Czech Republic,PRIVATE,Private sector,RDD,"Research, development and demonstration",UN,Unallocated,NC_N,National currency (nominal),2019,2019,A,Annual,0.0,0.0,6,Millions,A,Normal Value,F,Non-confidential,3,3
OECD.IEA:RDDPRIVATE(1.1),Private sector energy technology RD&D expenditures,CZECH,Czech Republic,PRIVATE,Private sector,RDD,"Research, development and demonstration",UN,Unallocated,NC_N,National currency (nominal),2020,2020,A,Annual,0.0,0.0,6,Millions,A,Normal Value,F,Non-confidential,3,3
OECD.IEA:RDDPRIVATE(1.1),Private sector energy technology RD&D expenditures,CZECH,Czech Republic,PRIVATE,Private sector,RDD,"Research, development and demonstration",UN,Unallocated,NC_N,National currency (nominal),2021,2021,A,Annual,0.0,0.0,6,Millions,A,Normal Value,F,Non-confidential,3,3
OECD.IEA:RDDPRIVATE(1.1),Private sector energy technology RD&D expenditures,CZECH,Czech Republic,PRIVATE,Private sector,RDD,"Research, development and demonstration",UN,Unallocated,NC_N,National currency (nominal),2022,2022,A,Annual,0.0,0.0,6,Millions,A,Normal Value,F,Non-confidential,3,3
OECD.IEA:RDDPRIVATE(1.1),Private sector energy technology RD&D expenditures,CZECH,Czech Republic,PRIVATE,Private sector,RDD,"Research, development and demonstration",UN,Unallocated,NC_N,National currency (nominal),2023,2023,A,Annual,0.0,0.0,6,Millions,A,Normal Value,F,Non-confidential,3,3
OECD.IEA:RDDPRIVATE(1.1),Private sector energy technology RD&D expenditures,CZECH,Czech Republic,PRIVATE,Private sector,RDD,"Research, development and demonstration",UN,Unallocated,NC_N,National currency (nominal),2024,2024,A,Annual,0.0,0.0,6,Millions,A,Normal Value,F,Non-confidential,3,3
OECD.IEA:RDDPRIVATE(1.1),Private sector energy technology RD&D expenditures,CZECH,Czech Republic,PRIVATE,Private sector,RDD,"Research, development and demonstration",UN,Unallocated,NC_N,National currency (nominal),2025,2025,A,Annual,0.399,0.399,6,Millions,P,Provisional Value,F,Non-confidential,3,3
OECD.IEA:RDDPRIVATE(1.1),Private sector energy technology RD&D expenditures,CZECH,Czech Republic,PRIVATE,Private sector,RDD,"Research, development and demonstration",UN,Unallocated,NC_R,National currency (constant prices),2015,2015,A,Annual,0.0,0.0,6,Millions,I,Imputed Value,F,Non-confidential,3,3
OECD.IEA:RDDPRIVATE(1.1),Private sector energy technology RD&D expenditures,CZECH,Czech Republic,PRIVATE,Private sector,RDD,"Research, development and demonstration",UN,Unallocated,NC_R,National currency (constant prices),2016,2016,A,Annual,0.0,0.0,6,Millions,I,Imputed Value,F,Non-confidential,3,3
OECD.IEA:RDDPRIVATE(1.1),Private sector energy technology RD&D expenditures,CZECH,Czech Republic,PRIVATE,Private sector,RDD,"Research, development and demonstration",UN,Unallocated,NC_R,National currency (constant prices),2017,2017,A,Annual,0.0,0.0,6,Millions,I,Imputed Value,F,Non-confidential,3,3
OECD.IEA:RDDPRIVATE(1.1),Private sector energy technology RD&D expenditures,CZECH,Czech Republic,PRIVATE,Private sector,RDD,"Research, development and demonstration",UN,Unallocated,NC_R,National currency (constant prices),2018,2018,A,Annual,0.0,0.0,6,Millions,I,Imputed Value,F,Non-confidential,3,3
OECD.IEA:RDDPRIVATE(1.1),Private sector energy technology RD&D expenditures,CZECH,Czech Republic,PRIVATE,Private sector,RDD,"Research, development and demonstration",UN,Unallocated,NC_R,National currency (constant prices),2019,2019,A,Annual,0.0,0.0,6,Millions,I,Imputed Value,F,Non-confidential,3,3
OECD.IEA:RDDPRIVATE(1.1),Private sector energy technology RD&D expenditures,CZECH,Czech Republic,PRIVATE,Private sector,RDD,"Research, development and demonstration",UN,Unallocated,NC_R,National currency (constant prices),2020,2020,A,Annual,0.0,0.0,6,Millions,I,Imputed Value,F,Non-confidential,3,3
OECD.IEA:RDDPRIVATE(1.1),Private sector energy technology RD&D expenditures,CZECH,Czech Republic,PRIVATE,Private sector,RDD,"Research, development and demonstration",UN,Unallocated,NC_R,National currency (constant prices),2021,2021,A,Annual,0.0,0.0,6,Millions,I,Imputed Value,F,Non-confidential,3,3
OECD.IEA:RDDPRIVATE(1.1),Private sector energy technology RD&D expenditures,CZECH,Czech Republic,PRIVATE,Private sector,RDD,"Research, development and demonstration",UN,Unallocated,NC_R,National currency (constant prices),2022,2022,A,Annual,0.0,0.0,6,Millions,I,Imputed Value,F,Non-confidential,3,3
OECD.IEA:RDDPRIVATE(1.1),Private sector energy technology RD&D expenditures,CZECH,Czech Republic,PRIVATE,Private sector,RDD,"Research, development and demonstration",UN,Unallocated,NC_R,National currency (constant prices),2023,2023,A,Annual,0.0,0.0,6,Millions,I,Imputed Value,F,Non-confidential,3,3
OECD.IEA:RDDPRIVATE(1.1),Private sector energy technology RD&D expenditures,CZECH,Czech Republic,PRIVATE,Private sector,RDD,"Research, development and demonstration",UN,Unallocated,NC_R,National currency (constant prices),2024,2024,A,Annual,0.0,0.0,6,Millions,I,Imputed Value,F,Non-confidential,3,3
OECD.IEA:RDDPRIVATE(1.1),Private sector energy technology RD&D expenditures,CZECH,Czech Republic,PRIVATE,Private sector,RDD,"Research, development and demonstration",UN,Unallocated,NC_R,National currency (constant prices),2025,2025,A,Annual,0.399,0.399,6,Millions,P,Provisional Value,F,Non-confidential,3,3
OECD.IEA:RDDPRIVATE(1.1),Private sector energy technology RD&D expenditures,CZECH,Czech Republic,PRIVATE,Private sector,RDD,"Research, development and demonstration",UN,Unallocated,USD_R,USD (constant prices and exchange rates),2015,2015,A,Annual,0.0,0.0,6,Millions,I,Imputed Value,F,Non-confidential,3,3
OECD.IEA:RDDPRIVATE(1.1),Private sector energy technology RD&D expenditures,CZECH,Czech Republic,PRIVATE,Private sector,RDD,"Research, development and demonstration",UN,Unallocated,USD_R,USD (constant prices and exchange rates),2016,2016,A,Annual,0.0,0.0,6,Millions,I,Imputed Value,F,Non-confidential,3,3
OECD.IEA:RDDPRIVATE(1.1),Private sector energy technology RD&D expenditures,CZECH,Czech Republic,PRIVATE,Private sector,RDD,"Research, development and demonstration",UN,Unallocated,USD_R,USD (constant prices and exchange rates),2017,2017,A,Annual,0.0,0.0,6,Millions,I,Imputed Value,F,Non-confidential,3,3
OECD.IEA:RDDPRIVATE(1.1),Private sector energy technology RD&D expenditures,CZECH,Czech Republic,PRIVATE,Private sector,RDD,"Research, development and demonstration",UN,Unallocated,USD_R,USD (constant prices and exchange rates),2018,2018,A,Annual,0.0,0.0,6,Millions,I,Imputed Value,F,Non-confidential,3,3
OECD.IEA:RDDPRIVATE(1.1),Private sector energy technology RD&D expenditures,CZECH,Czech Republic,PRIVATE,Private sector,RDD,"Research, development and demonstration",UN,Unallocated,USD_R,USD (constant prices and exchange rates),2019,2019,A,Annual,0.0,0.0,6,Millions,I,Imputed Value,F,Non-confidential,3,3
OECD.IEA:RDDPRIVATE(1.1),Private sector energy technology RD&D expenditures,CZECH,Czech Republic,PRIVATE,Private sector,RDD,"Research, development and demonstration",UN,Unallocated,USD_R,USD (constant prices and exchange rates),2020,2020,A,Annual,0.0,0.0,6,Millions,I,Imputed Value,F,Non-confidential,3,3
OECD.IEA:RDDPRIVATE(1.1),Private sector energy technology RD&D expenditures,CZECH,Czech Republic,PRIVATE,Private sector,RDD,"Research, development and demonstration",UN,Unallocated,USD_R,USD (constant prices and exchange rates),2021,2021,A,Annual,0.0,0.0,6,Millions,I,Imputed Value,F,Non-confidential,3,3
OECD.IEA:RDDPRIVATE(1.1),Private sector energy technology RD&D expenditures,CZECH,Czech Republic,PRIVATE,Private sector,RDD,"Research, development and demonstration",UN,Unallocated,USD_R,USD (constant prices and exchange rates),2022,2022,A,Annual,0.0,0.0,6,Millions,I,Imputed Value,F,Non-confidential,3,3
OECD.IEA:RDDPRIVATE(1.1),Private sector energy technology RD&D expenditures,CZECH,Czech Republic,PRIVATE,Private sector,RDD,"Research, development and demonstration",UN,Unallocated,USD_R,USD (constant prices and exchange rates),2023,2023,A,Annual,0.0,0.0,6,Millions,I,Imputed Value,F,Non-confidential,3,3
OECD.IEA:RDDPRIVATE(1.1),Private sector energy technology RD&D expenditures,CZECH,Czech Republic,PRIVATE,Private sector,RDD,"Research, development and demonstration",UN,Unallocated,USD_R,USD (constant prices and exchange rates),2024,2024,A,Annual,0.0,0.0,6,Millions,I,Imputed Value,F,Non-confidential,3,3
OECD.IEA:RDDPRIVATE(1.1),Private sector energy technology RD&D expenditures,CZECH,Czech Republic,PRIVATE,Private sector,RDD,"Research, development and demonstration",UN,Unallocated,USD_R,USD (constant prices and exchange rates),2025,2025,A,Annual,0.018,0.018,6,Millions,P,Provisional Value,F,Non-confidential,3,3
OECD.IEA:RDDPRIVATE(1.1),Private sector energy technology RD&D expenditures,CZECH,Czech Republic,PRIVATE,Private sector,RDD,"Research, development and demonstration",UN,Unallocated,USD_R_PPP,USD (constant prices and PPP),2015,2015,A,Annual,0.0,0.0,6,Millions,I,Imputed Value,F,Non-confidential,3,3
OECD.IEA:RDDPRIVATE(1.1),Private sector energy technology RD&D expenditures,CZECH,Czech Republic,PRIVATE,Private sector,RDD,"Research, development and demonstration",UN,Unallocated,USD_R_PPP,USD (constant prices and PPP),2016,2016,A,Annual,0.0,0.0,6,Millions,I,Imputed Value,F,Non-confidential,3,3
OECD.IEA:RDDPRIVATE(1.1),Private sector energy technology RD&D expenditures,CZECH,Czech Republic,PRIVATE,Private sector,RDD,"Research, development and demonstration",UN,Unallocated,USD_R_PPP,USD (constant prices and PPP),2017,2017,A,Annual,0.0,0.0,6,Millions,I,Imputed Value,F,Non-confidential,3,3
OECD.IEA:RDDPRIVATE(1.1),Private sector energy technology RD&D expenditures,CZECH,Czech Republic,PRIVATE,Private sector,RDD,"Research, development and demonstration",UN,Unallocated,USD_R_PPP,USD (constant prices and PPP),2018,2018,A,Annual,0.0,0.0,6,Millions,I,Imputed Value,F,Non-confidential,3,3
OECD.IEA:RDDPRIVATE(1.1),Private sector energy technology RD&D expenditures,CZECH,Czech Republic,PRIVATE,Private sector,RDD,"Research, development and demonstration",UN,Unallocated,USD_R_PPP,USD (constant prices and PPP),2019,2019,A,Annual,0.0,0.0,6,Millions,I,Imputed Value,F,Non-confidential,3,3
OECD.IEA:RDDPRIVATE(1.1),Private sector energy technology RD&D expenditures,CZECH,Czech Republic,PRIVATE,Private sector,RDD,"Research, development and demonstration",UN,Unallocated,USD_R_PPP,USD (constant prices and PPP),2020,2020,A,Annual,0.0,0.0,6,Millions,I,Imputed Value,F,Non-confidential,3,3
OECD.IEA:RDDPRIVATE(1.1),Private sector energy technology RD&D expenditures,CZECH,Czech Republic,PRIVATE,Private sector,RDD,"Research, development and demonstration",UN,Unallocated,USD_R_PPP,USD (constant prices and PPP),2021,2021,A,Annual,0.0,0.0,6,Millions,I,Imputed Value,F,Non-confidential,3,3
OECD.IEA:RDDPRIVATE(1.1),Private sector energy technology RD&D expenditures,CZECH,Czech Republic,PRIVATE,Private sector,RDD,"Research, development and demonstration",UN,Unallocated,USD_R_PPP,USD (constant prices and PPP),2022,2022,A,Annual,0.0,0.0,6,Millions,I,Imputed Value,F,Non-confidential,3,3
OECD.IEA:RDDPRIVATE(1.1),Private sector energy technology RD&D expenditures,CZECH,Czech Republic,PRIVATE,Private sector,RDD,"Research, development and demonstration",UN,Unallocated,USD_R_PPP,USD (constant prices and PPP),2023,2023,A,Annual,0.0,0.0,6,Millions,I,Imputed Value,F,Non-confidential,3,3
OECD.IEA:RDDPRIVATE(1.1),Private sector energy technology RD&D expenditures,CZECH,Czech Republic,PRIVATE,Private sector,RDD,"Research, development and demonstration",UN,Unallocated,USD_R_PPP,USD (constant prices and PPP),2024,2024,A,Annual,0.0,0.0,6,Millions,I,Imputed Value,F,Non-confidential,3,3
OECD.IEA:RDDPRIVATE(1.1),Private sector energy technology RD&D expenditures,CZECH,Czech Republic,PRIVATE,Private sector,RDD,"Research, development and demonstration",UN,Unallocated,USD_R_PPP,USD (constant prices and PPP),2025,2025,A,Annual,0.031,0.031,6,Millions,P,Provisional Value,F,Non-confidential,3,3
OECD.IEA:RDDPRIVATE(1.1),Private sector energy technology RD&D expenditures,CZECH,Czech Republic,PRIVATE,Private sector,RDD,"Research, development and demonstration",Z,Cross-cutting technologies and research,EUR_R,Euro (constant prices and exchange rates),2015,2015,A,Annual,6.575,6.575,6,Millions,I,Imputed Value,F,Non-confidential,3,3
OECD.IEA:RDDPRIVATE(1.1),Private sector energy technology RD&D expenditures,CZECH,Czech Republic,PRIVATE,Private sector,RDD,"Research, development and demonstration",Z,Cross-cutting technologies and research,EUR_R,Euro (constant prices and exchange rates),2016,2016,A,Annual,3.215,3.215,6,Millions,I,Imputed Value,F,Non-confidential,3,3
OECD.IEA:RDDPRIVATE(1.1),Private sector energy technology RD&D expenditures,CZECH,Czech Republic,PRIVATE,Private sector,RDD,"Research, development and demonstration",Z,Cross-cutting technologies and research,EUR_R,Euro (constant prices and exchange rates),2017,2017,A,Annual,3.101,3.101,6,Millions,I,Imputed Value,F,Non-confidential,3,3
OECD.IEA:RDDPRIVATE(1.1),Private sector energy technology RD&D expenditures,CZECH,Czech Republic,PRIVATE,Private sector,RDD,"Research, development and demonstration",Z,Cross-cutting technologies and research,EUR_R,Euro (constant prices and exchange rates),2018,2018,A,Annual,3.191,3.191,6,Millions,I,Imputed Value,F,Non-confidential,3,3
OECD.IEA:RDDPRIVATE(1.1),Private sector energy technology RD&D expenditures,CZECH,Czech Republic,PRIVATE,Private sector,RDD,"Research, development and demonstration",Z,Cross-cutting technologies and research,EUR_R,Euro (constant prices and exchange rates),2019,2019,A,Annual,3.618,3.618,6,Millions,I,Imputed Value,F,Non-confidential,3,3
OECD.IEA:RDDPRIVATE(1.1),Private sector energy technology RD&D expenditures,CZECH,Czech Republic,PRIVATE,Private sector,RDD,"Research, development and demonstration",Z,Cross-cutting technologies and research,EUR_R,Euro (constant prices and exchange rates),2020,2020,A,Annual,3.984,3.984,6,Millions,I,Imputed Value,F,Non-confidential,3,3
OECD.IEA:RDDPRIVATE(1.1),Private sector energy technology RD&D expenditures,CZECH,Czech Republic,PRIVATE,Private sector,RDD,"Research, development and demonstration",Z,Cross-cutting technologies and research,EUR_R,Euro (constant prices and exchange rates),2021,2021,A,Annual,3.007,3.007,6,Millions,I,Imputed Value,F,Non-confidential,3,3
OECD.IEA:RDDPRIVATE(1.1),Private sector energy technology RD&D expenditures,CZECH,Czech Republic,PRIVATE,Private sector,RDD,"Research, development and demonstration",Z,Cross-cutting technologies and research,EUR_R,Euro (constant prices and exchange rates),2022,2022,A,Annual,1.215,1.215,6,Millions,I,Imputed Value,F,Non-confidential,3,3
OECD.IEA:RDDPRIVATE(1.1),Private sector energy technology RD&D expenditures,CZECH,Czech Republic,PRIVATE,Private sector,RDD,"Research, development and demonstration",Z,Cross-cutting technologies and research,EUR_R,Euro (constant prices and exchange rates),2023,2023,A,Annual,2.907,2.907,6,Millions,I,Imputed Value,F,Non-confidential,3,3
OECD.IEA:RDDPRIVATE(1.1),Private sector energy technology RD&D expenditures,CZECH,Czech Republic,PRIVATE,Private sector,RDD,"Research, development and demonstration",Z,Cross-cutting technologies and research,EUR_R,Euro (constant prices and exchange rates),2024,2024,A,Annual,2.014,2.014,6,Millions,I,Imputed Value,F,Non-confidential,3,3
OECD.IEA:RDDPRIVATE(1.1),Private sector energy technology RD&D expenditures,CZECH,Czech Republic,PRIVATE,Private sector,RDD,"Research, development and demonstration",Z,Cross-cutting technologies and research,EUR_R,Euro (constant prices and exchange rates),2025,2025,A,Annual,2.232,2.232,6,Millions,P,Provisional Value,F,Non-confidential,3,3
OECD.IEA:RDDPRIVATE(1.1),Private sector energy technology RD&D expenditures,CZECH,Czech Republic,PRIVATE,Private sector,RDD,"Research, development and demonstration",Z,Cross-cutting technologies and research,NC_N,National currency (nominal),2015,2015,A,Annual,107.428,107.428,6,Millions,A,Normal Value,F,Non-confidential,3,3
OECD.IEA:RDDPRIVATE(1.1),Private sector energy technology RD&D expenditures,CZECH,Czech Republic,PRIVATE,Private sector,RDD,"Research, development and demonstration",Z,Cross-cutting technologies and research,NC_N,National currency (nominal),2016,2016,A,Annual,53.316,53.316,6,Millions,A,Normal Value,F,Non-confidential,3,3
OECD.IEA:RDDPRIVATE(1.1),Private sector energy technology RD&D expenditures,CZECH,Czech Republic,PRIVATE,Private sector,RDD,"Research, development and demonstration",Z,Cross-cutting technologies and research,NC_N,National currency (nominal),2017,2017,A,Annual,52.287,52.287,6,Millions,A,Normal Value,F,Non-confidential,3,3
OECD.IEA:RDDPRIVATE(1.1),Private sector energy technology RD&D expenditures,CZECH,Czech Republic,PRIVATE,Private sector,RDD,"Research, development and demonstration",Z,Cross-cutting technologies and research,NC_N,National currency (nominal),2018,2018,A,Annual,55.325,55.325,6,Millions,A,Normal Value,F,Non-confidential,3,3
OECD.IEA:RDDPRIVATE(1.1),Private sector energy technology RD&D expenditures,CZECH,Czech Republic,PRIVATE,Private sector,RDD,"Research, development and demonstration",Z,Cross-cutting technologies and research,NC_N,National currency (nominal),2019,2019,A,Annual,65.128,65.128,6,Millions,A,Normal Value,F,Non-confidential,3,3
OECD.IEA:RDDPRIVATE(1.1),Private sector energy technology RD&D expenditures,CZECH,Czech Republic,PRIVATE,Private sector,RDD,"Research, development and demonstration",Z,Cross-cutting technologies and research,NC_N,National currency (nominal),2020,2020,A,Annual,74.961,74.961,6,Millions,A,Normal Value,F,Non-confidential,3,3
OECD.IEA:RDDPRIVATE(1.1),Private sector energy technology RD&D expenditures,CZECH,Czech Republic,PRIVATE,Private sector,RDD,"Research, development and demonstration",Z,Cross-cutting technologies and research,NC_N,National currency (nominal),2021,2021,A,Annual,58.861,58.861,6,Millions,A,Normal Value,F,Non-confidential,3,3
OECD.IEA:RDDPRIVATE(1.1),Private sector energy technology RD&D expenditures,CZECH,Czech Republic,PRIVATE,Private sector,RDD,"Research, development and demonstration",Z,Cross-cutting technologies and research,NC_N,National currency (nominal),2022,2022,A,Annual,25.851,25.851,6,Millions,A,Normal Value,F,Non-confidential,3,3
OECD.IEA:RDDPRIVATE(1.1),Private sector energy technology RD&D expenditures,CZECH,Czech Republic,PRIVATE,Private sector,RDD,"Research, development and demonstration",Z,Cross-cutting technologies and research,NC_N,National currency (nominal),2023,2023,A,Annual,67.167,67.167,6,Millions,A,Normal Value,F,Non-confidential,3,3
OECD.IEA:RDDPRIVATE(1.1),Private sector energy technology RD&D expenditures,CZECH,Czech Republic,PRIVATE,Private sector,RDD,"Research, development and demonstration",Z,Cross-cutting technologies and research,NC_N,National currency (nominal),2024,2024,A,Annual,48.332,48.332,6,Millions,A,Normal Value,F,Non-confidential,3,3
OECD.IEA:RDDPRIVATE(1.1),Private sector energy technology RD&D expenditures,CZECH,Czech Republic,PRIVATE,Private sector,RDD,"Research, development and demonstration",Z,Cross-cutting technologies and research,NC_N,National currency (nominal),2025,2025,A,Annual,55.183,55.183,6,Millions,P,Provisional Value,F,Non-confidential,3,3
OECD.IEA:RDDPRIVATE(1.1),Private sector energy technology RD&D expenditures,CZECH,Czech Republic,PRIVATE,Private sector,RDD,"Research, development and demonstration",Z,Cross-cutting technologies and research,NC_R,National currency (constant prices),2015,2015,A,Annual,162.568,162.568,6,Millions,I,Imputed Value,F,Non-confidential,3,3
OECD.IEA:RDDPRIVATE(1.1),Private sector energy technology RD&D expenditures,CZECH,Czech Republic,PRIVATE,Private sector,RDD,"Research, development and demonstration",Z,Cross-cutting technologies and research,NC_R,National currency (constant prices),2016,2016,A,Annual,79.496,79.496,6,Millions,I,Imputed Value,F,Non-confidential,3,3
OECD.IEA:RDDPRIVATE(1.1),Private sector energy technology RD&D expenditures,CZECH,Czech Republic,PRIVATE,Private sector,RDD,"Research, development and demonstration",Z,Cross-cutting technologies and research,NC_R,National currency (constant prices),2017,2017,A,Annual,76.671,76.671,6,Millions,I,Imputed Value,F,Non-confidential,3,3
OECD.IEA:RDDPRIVATE(1.1),Private sector energy technology RD&D expenditures,CZECH,Czech Republic,PRIVATE,Private sector,RDD,"Research, development and demonstration",Z,Cross-cutting technologies and research,NC_R,National currency (constant prices),2018,2018,A,Annual,78.906,78.906,6,Millions,I,Imputed Value,F,Non-confidential,3,3
OECD.IEA:RDDPRIVATE(1.1),Private sector energy technology RD&D expenditures,CZECH,Czech Republic,PRIVATE,Private sector,RDD,"Research, development and demonstration",Z,Cross-cutting technologies and research,NC_R,National currency (constant prices),2019,2019,A,Annual,89.451,89.451,6,Millions,I,Imputed Value,F,Non-confidential,3,3
OECD.IEA:RDDPRIVATE(1.1),Private sector energy technology RD&D expenditures,CZECH,Czech Republic,PRIVATE,Private sector,RDD,"Research, development and demonstration",Z,Cross-cutting technologies and research,NC_R,National currency (constant prices),2020,2020,A,Annual,98.507,98.507,6,Millions,I,Imputed Value,F,Non-confidential,3,3
OECD.IEA:RDDPRIVATE(1.1),Private sector energy technology RD&D expenditures,CZECH,Czech Republic,PRIVATE,Private sector,RDD,"Research, development and demonstration",Z,Cross-cutting technologies and research,NC_R,National currency (constant prices),2021,2021,A,Annual,74.351,74.351,6,Millions,I,Imputed Value,F,Non-confidential,3,3
OECD.IEA:RDDPRIVATE(1.1),Private sector energy technology RD&D expenditures,CZECH,Czech Republic,PRIVATE,Private sector,RDD,"Research, development and demonstration",Z,Cross-cutting technologies and research,NC_R,National currency (constant prices),2022,2022,A,Annual,30.048,30.048,6,Millions,I,Imputed Value,F,Non-confidential,3,3
OECD.IEA:RDDPRIVATE(1.1),Private sector energy technology RD&D expenditures,CZECH,Czech Republic,PRIVATE,Private sector,RDD,"Research, development and demonstration",Z,Cross-cutting technologies and research,NC_R,National currency (constant prices),2023,2023,A,Annual,71.891,71.891,6,Millions,I,Imputed Value,F,Non-confidential,3,3
OECD.IEA:RDDPRIVATE(1.1),Private sector energy technology RD&D expenditures,CZECH,Czech Republic,PRIVATE,Private sector,RDD,"Research, development and demonstration",Z,Cross-cutting technologies and research,NC_R,National currency (constant prices),2024,2024,A,Annual,49.789,49.789,6,Millions,I,Imputed Value,F,Non-confidential,3,3
OECD.IEA:RDDPRIVATE(1.1),Private sector energy technology RD&D expenditures,CZECH,Czech Republic,PRIVATE,Private sector,RDD,"Research, development and demonstration",Z,Cross-cutting technologies and research,NC_R,National currency (constant prices),2025,2025,A,Annual,55.183,55.183,6,Millions,P,Provisional Value,F,Non-confidential,3,3
OECD.IEA:RDDPRIVATE(1.1),Private sector energy technology RD&D expenditures,CZECH,Czech Republic,PRIVATE,Private sector,RDD,"Research, development and demonstration",Z,Cross-cutting technologies and research,USD_R,USD (constant prices and exchange rates),2015,2015,A,Annual,7.429,7.429,6,Millions,I,Imputed Value,F,Non-confidential,3,3
OECD.IEA:RDDPRIVATE(1.1),Private sector energy technology RD&D expenditures,CZECH,Czech Republic,PRIVATE,Private sector,RDD,"Research, development and demonstration",Z,Cross-cutting technologies and research,USD_R,USD (constant prices and exchange rates),2016,2016,A,Annual,3.633,3.633,6,Millions,I,Imputed Value,F,Non-confidential,3,3
OECD.IEA:RDDPRIVATE(1.1),Private sector energy technology RD&D expenditures,CZECH,Czech Republic,PRIVATE,Private sector,RDD,"Research, development and demonstration",Z,Cross-cutting technologies and research,USD_R,USD (constant prices and exchange rates),2017,2017,A,Annual,3.504,3.504,6,Millions,I,Imputed Value,F,Non-confidential,3,3
OECD.IEA:RDDPRIVATE(1.1),Private sector energy technology RD&D expenditures,CZECH,Czech Republic,PRIVATE,Private sector,RDD,"Research, development and demonstration",Z,Cross-cutting technologies and research,USD_R,USD (constant prices and exchange rates),2018,2018,A,Annual,3.606,3.606,6,Millions,I,Imputed Value,F,Non-confidential,3,3
OECD.IEA:RDDPRIVATE(1.1),Private sector energy technology RD&D expenditures,CZECH,Czech Republic,PRIVATE,Private sector,RDD,"Research, development and demonstration",Z,Cross-cutting technologies and research,USD_R,USD (constant prices and exchange rates),2019,2019,A,Annual,4.088,4.088,6,Millions,I,Imputed Value,F,Non-confidential,3,3
OECD.IEA:RDDPRIVATE(1.1),Private sector energy technology RD&D expenditures,CZECH,Czech Republic,PRIVATE,Private sector,RDD,"Research, development and demonstration",Z,Cross-cutting technologies and research,USD_R,USD (constant prices and exchange rates),2020,2020,A,Annual,4.502,4.502,6,Millions,I,Imputed Value,F,Non-confidential,3,3
OECD.IEA:RDDPRIVATE(1.1),Private sector energy technology RD&D expenditures,CZECH,Czech Republic,PRIVATE,Private sector,RDD,"Research, development and demonstration",Z,Cross-cutting technologies and research,USD_R,USD (constant prices and exchange rates),2021,2021,A,Annual,3.398,3.398,6,Millions,I,Imputed Value,F,Non-confidential,3,3
OECD.IEA:RDDPRIVATE(1.1),Private sector energy technology RD&D expenditures,CZECH,Czech Republic,PRIVATE,Private sector,RDD,"Research, development and demonstration",Z,Cross-cutting technologies and research,USD_R,USD (constant prices and exchange rates),2022,2022,A,Annual,1.373,1.373,6,Millions,I,Imputed Value,F,Non-confidential,3,3
OECD.IEA:RDDPRIVATE(1.1),Private sector energy technology RD&D expenditures,CZECH,Czech Republic,PRIVATE,Private sector,RDD,"Research, development and demonstration",Z,Cross-cutting technologies and research,USD_R,USD (constant prices and exchange rates),2023,2023,A,Annual,3.285,3.285,6,Millions,I,Imputed Value,F,Non-confidential,3,3
OECD.IEA:RDDPRIVATE(1.1),Private sector energy technology RD&D expenditures,CZECH,Czech Republic,PRIVATE,Private sector,RDD,"Research, development and demonstration",Z,Cross-cutting technologies and research,USD_R,USD (constant prices and exchange rates),2024,2024,A,Annual,2.275,2.275,6,Millions,I,Imputed Value,F,Non-confidential,3,3
OECD.IEA:RDDPRIVATE(1.1),Private sector energy technology RD&D expenditures,CZECH,Czech Republic,PRIVATE,Private sector,RDD,"Research, development and demonstration",Z,Cross-cutting technologies and research,USD_R,USD (constant prices and exchange rates),2025,2025,A,Annual,2.522,2.522,6,Millions,P,Provisional Value,F,Non-confidential,3,3
OECD.IEA:RDDPRIVATE(1.1),Private sector energy technology RD&D expenditures,CZECH,Czech Republic,PRIVATE,Private sector,RDD,"Research, development and demonstration",Z,Cross-cutting technologies and research,USD_R_PPP,USD (constant prices and PPP),2015,2015,A,Annual,12.545,12.545,6,Millions,I,Imputed Value,F,Non-confidential,3,3
OECD.IEA:RDDPRIVATE(1.1),Private sector energy technology RD&D expenditures,CZECH,Czech Republic,PRIVATE,Private sector,RDD,"Research, development and demonstration",Z,Cross-cutting technologies and research,USD_R_PPP,USD (constant prices and PPP),2016,2016,A,Annual,6.135,6.135,6,Millions,I,Imputed Value,F,Non-confidential,3,3
OECD.IEA:RDDPRIVATE(1.1),Private sector energy technology RD&D expenditures,CZECH,Czech Republic,PRIVATE,Private sector,RDD,"Research, development and demonstration",Z,Cross-cutting technologies and research,USD_R_PPP,USD (constant prices and PPP),2017,2017,A,Annual,5.917,5.917,6,Millions,I,Imputed Value,F,Non-confidential,3,3
OECD.IEA:RDDPRIVATE(1.1),Private sector energy technology RD&D expenditures,CZECH,Czech Republic,PRIVATE,Private sector,RDD,"Research, development and demonstration",Z,Cross-cutting technologies and research,USD_R_PPP,USD (constant prices and PPP),2018,2018,A,Annual,6.089,6.089,6,Millions,I,Imputed Value,F,Non-confidential,3,3
OECD.IEA:RDDPRIVATE(1.1),Private sector energy technology RD&D expenditures,CZECH,Czech Republic,PRIVATE,Private sector,RDD,"Research, development and demonstration",Z,Cross-cutting technologies and research,USD_R_PPP,USD (constant prices and PPP),2019,2019,A,Annual,6.903,6.903,6,Millions,I,Imputed Value,F,Non-confidential,3,3
OECD.IEA:RDDPRIVATE(1.1),Private sector energy technology RD&D expenditures,CZECH,Czech Republic,PRIVATE,Private sector,RDD,"Research, development and demonstration",Z,Cross-cutting technologies and research,USD_R_PPP,USD (constant prices and PPP),2020,2020,A,Annual,7.602,7.602,6,Millions,I,Imputed Value,F,Non-confidential,3,3
OECD.IEA:RDDPRIVATE(1.1),Private sector energy technology RD&D expenditures,CZECH,Czech Republic,PRIVATE,Private sector,RDD,"Research, development and demonstration",Z,Cross-cutting technologies and research,USD_R_PPP,USD (constant prices and PPP),2021,2021,A,Annual,5.738,5.738,6,Millions,I,Imputed Value,F,Non-confidential,3,3
OECD.IEA:RDDPRIVATE(1.1),Private sector energy technology RD&D expenditures,CZECH,Czech Republic,PRIVATE,Private sector,RDD,"Research, development and demonstration",Z,Cross-cutting technologies and research,USD_R_PPP,USD (constant prices and PPP),2022,2022,A,Annual,2.319,2.319,6,Millions,I,Imputed Value,F,Non-confidential,3,3
OECD.IEA:RDDPRIVATE(1.1),Private sector energy technology RD&D expenditures,CZECH,Czech Republic,PRIVATE,Private sector,RDD,"Research, development and demonstration",Z,Cross-cutting technologies and research,USD_R_PPP,USD (constant prices and PPP),2023,2023,A,Annual,5.548,5.548,6,Millions,I,Imputed Value,F,Non-confidential,3,3
OECD.IEA:RDDPRIVATE(1.1),Private sector energy technology RD&D expenditures,CZECH,Czech Republic,PRIVATE,Private sector,RDD,"Research, development and demonstration",Z,Cross-cutting technologies and research,USD_R_PPP,USD (constant prices and PPP),2024,2024,A,Annual,3.842,3.842,6,Millions,I,Imputed Value,F,Non-confidential,3,3
OECD.IEA:RDDPRIVATE(1.1),Private sector energy technology RD&D expenditures,CZECH,Czech Republic,PRIVATE,Private sector,RDD,"Research, development and demonstration",Z,Cross-cutting technologies and research,USD_R_PPP,USD (constant prices and PPP),2025,2025,A,Annual,4.258,4.258,6,Millions,P,Provisional Value,F,Non-confidential,3,3
OECD.IEA:RDDPRIVATE(1.1),Private sector energy technology RD&D expenditures,ITALY,Italy,PRIVATE,Private sector,RDD,"Research, development and demonstration",A,Energy end uses,EUR_R,Euro (constant prices and exchange rates),2013,2013,A,Annual,212.518,212.518,6,Millions,I,Imputed Value,F,Non-confidential,3,3
OECD.IEA:RDDPRIVATE(1.1),Private sector energy technology RD&D expenditures,ITALY,Italy,PRIVATE,Private sector,RDD,"Research, development and demonstration",A,Energy end uses,EUR_R,Euro (constant prices and exchange rates),2014,2014,A,Annual,268.67,268.67,6,Millions,I,Imputed Value,F,Non-confidential,3,3
OECD.IEA:RDDPRIVATE(1.1),Private sector energy technology RD&D expenditures,ITALY,Italy,PRIVATE,Private sector,RDD,"Research, development and demonstration",A,Energy end uses,EUR_R,Euro (constant prices and exchange rates),2015,2015,A,Annual,921.613,921.613,6,Millions,I,Imputed Value,F,Non-confidential,3,3
OECD.IEA:RDDPRIVATE(1.1),Private sector energy technology RD&D expenditures,ITALY,Italy,PRIVATE,Private sector,RDD,"Research, development and demonstration",A,Energy end uses,EUR_R,Euro (constant prices and exchange rates),2016,2016,A,Annual,973.013,973.013,6,Millions,I,Imputed Value,F,Non-confidential,3,3
OECD.IEA:RDDPRIVATE(1.1),Private sector energy technology RD&D expenditures,ITALY,Italy,PRIVATE,Private sector,RDD,"Research, development and demonstration",A,Energy end uses,EUR_R,Euro (constant prices and exchange rates),2017,2017,A,Annual,984.007,984.007,6,Millions,I,Imputed Value,F,Non-confidential,3,3
OECD.IEA:RDDPRIVATE(1.1),Private sector energy technology RD&D expenditures,ITALY,Italy,PRIVATE,Private sector,RDD,"Research, development and demonstration",A,Energy end uses,EUR_R,Euro (constant prices and exchange rates),2018,2018,A,Annual,1001.074,1001.074,6,Millions,I,Imputed Value,F,Non-confidential,3,3
OECD.IEA:RDDPRIVATE(1.1),Private sector energy technology RD&D expenditures,ITALY,Italy,PRIVATE,Private sector,RDD,"Research, development and demonstration",A,Energy end uses,EUR_R,Euro (constant prices and exchange rates),2019,2019,A,Annual,992.009,992.009,6,Millions,I,Imputed Value,F,Non-confidential,3,3
OECD.IEA:RDDPRIVATE(1.1),Private sector energy technology RD&D expenditures,ITALY,Italy,PRIVATE,Private sector,RDD,"Research, development and demonstration",A,Energy end uses,EUR_R,Euro (constant prices and exchange rates),2020,2020,A,Annual,815.112,815.112,6,Millions,I,Imputed Value,F,Non-confidential,3,3
OECD.IEA:RDDPRIVATE(1.1),Private sector energy technology RD&D expenditures,ITALY,Italy,PRIVATE,Private sector,RDD,"Research, development and demonstration",A,Energy end uses,EUR_R,Euro (constant prices and exchange rates),2021,2021,A,Annual,763.873,763.873,6,Millions,I,Imputed Value,F,Non-confidential,3,3
OECD.IEA:RDDPRIVATE(1.1),Private sector energy technology RD&D expenditures,ITALY,Italy,PRIVATE,Private sector,RDD,"Research, development and demonstration",A,Energy end uses,EUR_R,Euro (constant prices and exchange rates),2022,2022,A,Annual,950.424,950.424,6,Millions,I,Imputed Value,F,Non-confidential,3,3
OECD.IEA:RDDPRIVATE(1.1),Private sector energy technology RD&D expenditures,ITALY,Italy,PRIVATE,Private sector,RDD,"Research, development and demonstration",A,Energy end uses,EUR_R,Euro (constant prices and exchange rates),2023,2023,A,Annual,956.411,956.411,6,Millions,I,Imputed Value,F,Non-confidential,3,3
OECD.IEA:RDDPRIVATE(1.1),Private sector energy technology RD&D expenditures,ITALY,Italy,PRIVATE,Private sector,RDD,"Research, development and demonstration",A,Energy end uses,NC_N,National currency (nominal),2013,2013,A,Annual,170.709,170.709,6,Millions,A,Normal Value,F,Non-confidential,3,3
OECD.IEA:RDDPRIVATE(1.1),Private sector energy technology RD&D expenditures,ITALY,Italy,PRIVATE,Private sector,RDD,"Research, development and demonstration",A,Energy end uses,NC_N,National currency (nominal),2014,2014,A,Annual,217.815,217.815,6,Millions,A,Normal Value,F,Non-confidential,3,3
OECD.IEA:RDDPRIVATE(1.1),Private sector energy technology RD&D expenditures,ITALY,Italy,PRIVATE,Private sector,RDD,"Research, development and demonstration",A,Energy end uses,NC_N,National currency (nominal),2015,2015,A,Annual,752.896,752.896,6,Millions,A,Normal Value,F,Non-confidential,3,3
OECD.IEA:RDDPRIVATE(1.1),Private sector energy technology RD&D expenditures,ITALY,Italy,PRIVATE,Private sector,RDD,"Research, development and demonstration",A,Energy end uses,NC_N,National currency (nominal),2016,2016,A,Annual,804.504,804.504,6,Millions,A,Normal Value,F,Non-confidential,3,3
OECD.IEA:RDDPRIVATE(1.1),Private sector energy technology RD&D expenditures,ITALY,Italy,PRIVATE,Private sector,RDD,"Research, development and demonstration",A,Energy end uses,NC_N,National currency (nominal),2017,2017,A,Annual,819.307,819.307,6,Millions,A,Normal Value,F,Non-confidential,3,3
OECD.IEA:RDDPRIVATE(1.1),Private sector energy technology RD&D expenditures,ITALY,Italy,PRIVATE,Private sector,RDD,"Research, development and demonstration",A,Energy end uses,NC_N,National currency (nominal),2018,2018,A,Annual,843.12,843.12,6,Millions,A,Normal Value,F,Non-confidential,3,3
OECD.IEA:RDDPRIVATE(1.1),Private sector energy technology RD&D expenditures,ITALY,Italy,PRIVATE,Private sector,RDD,"Research, development and demonstration",A,Energy end uses,NC_N,National currency (nominal),2019,2019,A,Annual,843.943,843.943,6,Millions,A,Normal Value,F,Non-confidential,3,3
OECD.IEA:RDDPRIVATE(1.1),Private sector energy technology RD&D expenditures,ITALY,Italy,PRIVATE,Private sector,RDD,"Research, development and demonstration",A,Energy end uses,NC_N,National currency (nominal),2020,2020,A,Annual,703.747,703.747,6,Millions,A,Normal Value,F,Non-confidential,3,3
OECD.IEA:RDDPRIVATE(1.1),Private sector energy technology RD&D expenditures,ITALY,Italy,PRIVATE,Private sector,RDD,"Research, development and demonstration",A,Energy end uses,NC_N,National currency (nominal),2021,2021,A,Annual,668.951,668.951,6,Millions,A,Normal Value,F,Non-confidential,3,3
OECD.IEA:RDDPRIVATE(1.1),Private sector energy technology RD&D expenditures,ITALY,Italy,PRIVATE,Private sector,RDD,"Research, development and demonstration",A,Energy end uses,NC_N,National currency (nominal),2022,2022,A,Annual,861.187,861.187,6,Millions,A,Normal Value,F,Non-confidential,3,3
OECD.IEA:RDDPRIVATE(1.1),Private sector energy technology RD&D expenditures,ITALY,Italy,PRIVATE,Private sector,RDD,"Research, development and demonstration",A,Energy end uses,NC_N,National currency (nominal),2023,2023,A,Annual,920.403,920.403,6,Millions,A,Normal Value,F,Non-confidential,3,3
OECD.IEA:RDDPRIVATE(1.1),Private sector energy technology RD&D expenditures,ITALY,Italy,PRIVATE,Private sector,RDD,"Research, development and demonstration",A,Energy end uses,NC_R,National currency (constant prices),2013,2013,A,Annual,212.518,212.518,6,Millions,I,Imputed Value,F,Non-confidential,3,3
OECD.IEA:RDDPRIVATE(1.1),Private sector energy technology RD&D expenditures,ITALY,Italy,PRIVATE,Private sector,RDD,"Research, development and demonstration",A,Energy end uses,NC_R,National currency (constant prices),2014,2014,A,Annual,268.67,268.67,6,Millions,I,Imputed Value,F,Non-confidential,3,3
OECD.IEA:RDDPRIVATE(1.1),Private sector energy technology RD&D expenditures,ITALY,Italy,PRIVATE,Private sector,RDD,"Research, development and demonstration",A,Energy end uses,NC_R,National currency (constant prices),2015,2015,A,Annual,921.613,921.613,6,Millions,I,Imputed Value,F,Non-confidential,3,3
OECD.IEA:RDDPRIVATE(1.1),Private sector energy technology RD&D expenditures,ITALY,Italy,PRIVATE,Private sector,RDD,"Research, development and demonstration",A,Energy end uses,NC_R,National currency (constant prices),2016,2016,A,Annual,973.013,973.013,6,Millions,I,Imputed Value,F,Non-confidential,3,3
OECD.IEA:RDDPRIVATE(1.1),Private sector energy technology RD&D expenditures,ITALY,Italy,PRIVATE,Private sector,RDD,"Research, development and demonstration",A,Energy end uses,NC_R,National currency (constant prices),2017,2017,A,Annual,984.007,984.007,6,Millions,I,Imputed Value,F,Non-confidential,3,3
OECD.IEA:RDDPRIVATE(1.1),Private sector energy technology RD&D expenditures,ITALY,Italy,PRIVATE,Private sector,RDD,"Research, development and demonstration",A,Energy end uses,NC_R,National currency (constant prices),2018,2018,A,Annual,1001.074,1001.074,6,Millions,I,Imputed Value,F,Non-confidential,3,3
OECD.IEA:RDDPRIVATE(1.1),Private sector energy technology RD&D expenditures,ITALY,Italy,PRIVATE,Private sector,RDD,"Research, development and demonstration",A,Energy end uses,NC_R,National currency (constant prices),2019,2019,A,Annual,992.009,992.009,6,Millions,I,Imputed Value,F,Non-confidential,3,3
OECD.IEA:RDDPRIVATE(1.1),Private sector energy technology RD&D expenditures,ITALY,Italy,PRIVATE,Private sector,RDD,"Research, development and demonstration",A,Energy end uses,NC_R,National currency (constant prices),2020,2020,A,Annual,815.112,815.112,6,Millions,I,Imputed Value,F,Non-confidential,3,3
OECD.IEA:RDDPRIVATE(1.1),Private sector energy technology RD&D expenditures,ITALY,Italy,PRIVATE,Private sector,RDD,"Research, development and demonstration",A,Energy end uses,NC_R,National currency (constant prices),2021,2021,A,Annual,763.873,763.873,6,Millions,I,Imputed Value,F,Non-confidential,3,3
OECD.IEA:RDDPRIVATE(1.1),Private sector energy technology RD&D expenditures,ITALY,Italy,PRIVATE,Private sector,RDD,"Research, development and demonstration",A,Energy end uses,NC_R,National currency (constant prices),2022,2022,A,Annual,950.424,950.424,6,Millions,I,Imputed Value,F,Non-confidential,3,3
OECD.IEA:RDDPRIVATE(1.1),Private sector energy technology RD&D expenditures,ITALY,Italy,PRIVATE,Private sector,RDD,"Research, development and demonstration",A,Energy end uses,NC_R,National currency (constant prices),2023,2023,A,Annual,956.411,956.411,6,Millions,I,Imputed Value,F,Non-confidential,3,3
OECD.IEA:RDDPRIVATE(1.1),Private sector energy technology RD&D expenditures,ITALY,Italy,PRIVATE,Private sector,RDD,"Research, development and demonstration",A,Energy end uses,USD_R,USD (constant prices and exchange rates),2013,2013,A,Annual,240.142,240.142,6,Millions,I,Imputed Value,F,Non-confidential,3,3
OECD.IEA:RDDPRIVATE(1.1),Private sector energy technology RD&D expenditures,ITALY,Italy,PRIVATE,Private sector,RDD,"Research, development and demonstration",A,Energy end uses,USD_R,USD (constant prices and exchange rates),2014,2014,A,Annual,303.593,303.593,6,Millions,I,Imputed Value,F,Non-confidential,3,3
OECD.IEA:RDDPRIVATE(1.1),Private sector energy technology RD&D expenditures,ITALY,Italy,PRIVATE,Private sector,RDD,"Research, development and demonstration",A,Energy end uses,USD_R,USD (constant prices and exchange rates),2015,2015,A,Annual,1041.407,1041.407,6,Millions,I,Imputed Value,F,Non-confidential,3,3
OECD.IEA:RDDPRIVATE(1.1),Private sector energy technology RD&D expenditures,ITALY,Italy,PRIVATE,Private sector,RDD,"Research, development and demonstration",A,Energy end uses,USD_R,USD (constant prices and exchange rates),2016,2016,A,Annual,1099.489,1099.489,6,Millions,I,Imputed Value,F,Non-confidential,3,3
OECD.IEA:RDDPRIVATE(1.1),Private sector energy technology RD&D expenditures,ITALY,Italy,PRIVATE,Private sector,RDD,"Research, development and demonstration",A,Energy end uses,USD_R,USD (constant prices and exchange rates),2017,2017,A,Annual,1111.912,1111.912,6,Millions,I,Imputed Value,F,Non-confidential,3,3
OECD.IEA:RDDPRIVATE(1.1),Private sector energy technology RD&D expenditures,ITALY,Italy,PRIVATE,Private sector,RDD,"Research, development and demonstration",A,Energy end uses,USD_R,USD (constant prices and exchange rates),2018,2018,A,Annual,1131.196,1131.196,6,Millions,I,Imputed Value,F,Non-confidential,3,3
OECD.IEA:RDDPRIVATE(1.1),Private sector energy technology RD&D expenditures,ITALY,Italy,PRIVATE,Private sector,RDD,"Research, development and demonstration",A,Energy end uses,USD_R,USD (constant prices and exchange rates),2019,2019,A,Annual,1120.953,1120.953,6,Millions,I,Imputed Value,F,Non-confidential,3,3
OECD.IEA:RDDPRIVATE(1.1),Private sector energy technology RD&D expenditures,ITALY,Italy,PRIVATE,Private sector,RDD,"Research, development and demonstration",A,Energy end uses,USD_R,USD (constant prices and exchange rates),2020,2020,A,Annual,921.063,921.063,6,Millions,I,Imputed Value,F,Non-confidential,3,3
OECD.IEA:RDDPRIVATE(1.1),Private sector energy technology RD&D expenditures,ITALY,Italy,PRIVATE,Private sector,RDD,"Research, development and demonstration",A,Energy end uses,USD_R,USD (constant prices and exchange rates),2021,2021,A,Annual,863.163,863.163,6,Millions,I,Imputed Value,F,Non-confidential,3,3
OECD.IEA:RDDPRIVATE(1.1),Private sector energy technology RD&D expenditures,ITALY,Italy,PRIVATE,Private sector,RDD,"Research, development and demonstration",A,Energy end uses,USD_R,USD (constant prices and exchange rates),2022,2022,A,Annual,1073.963,1073.963,6,Millions,I,Imputed Value,F,Non-confidential,3,3
OECD.IEA:RDDPRIVATE(1.1),Private sector energy technology RD&D expenditures,ITALY,Italy,PRIVATE,Private sector,RDD,"Research, development and demonstration",A,Energy end uses,USD_R,USD (constant prices and exchange rates),2023,2023,A,Annual,1080.729,1080.729,6,Millions,I,Imputed Value,F,Non-confidential,3,3
OECD.IEA:RDDPRIVATE(1.1),Private sector energy technology RD&D expenditures,ITALY,Italy,PRIVATE,Private sector,RDD,"Research, development and demonstration",A,Energy end uses,USD_R_PPP,USD (constant prices and PPP),2013,2013,A,Annual,352.423,352.423,6,Millions,I,Imputed Value,F,Non-confidential,3,3
OECD.IEA:RDDPRIVATE(1.1),Private sector energy technology RD&D expenditures,ITALY,Italy,PRIVATE,Private sector,RDD,"Research, development and demonstration",A,Energy end uses,USD_R_PPP,USD (constant prices and PPP),2014,2014,A,Annual,445.541,445.541,6,Millions,I,Imputed Value,F,Non-confidential,3,3
OECD.IEA:RDDPRIVATE(1.1),Private sector energy technology RD&D expenditures,ITALY,Italy,PRIVATE,Private sector,RDD,"Research, development and demonstration",A,Energy end uses,USD_R_PPP,USD (constant prices and PPP),2015,2015,A,Annual,1528.329,1528.329,6,Millions,I,Imputed Value,F,Non-confidential,3,3
OECD.IEA:RDDPRIVATE(1.1),Private sector energy technology RD&D expenditures,ITALY,Italy,PRIVATE,Private sector,RDD,"Research, development and demonstration",A,Energy end uses,USD_R_PPP,USD (constant prices and PPP),2016,2016,A,Annual,1613.567,1613.567,6,Millions,I,Imputed Value,F,Non-confidential,3,3
OECD.IEA:RDDPRIVATE(1.1),Private sector energy technology RD&D expenditures,ITALY,Italy,PRIVATE,Private sector,RDD,"Research, development and demonstration",A,Energy end uses,USD_R_PPP,USD (constant prices and PPP),2017,2017,A,Annual,1631.799,1631.799,6,Millions,I,Imputed Value,F,Non-confidential,3,3
OECD.IEA:RDDPRIVATE(1.1),Private sector energy technology RD&D expenditures,ITALY,Italy,PRIVATE,Private sector,RDD,"Research, development and demonstration",A,Energy end uses,USD_R_PPP,USD (constant prices and PPP),2018,2018,A,Annual,1660.1,1660.1,6,Millions,I,Imputed Value,F,Non-confidential,3,3
OECD.IEA:RDDPRIVATE(1.1),Private sector energy technology RD&D expenditures,ITALY,Italy,PRIVATE,Private sector,RDD,"Research, development and demonstration",A,Energy end uses,USD_R_PPP,USD (constant prices and PPP),2019,2019,A,Annual,1645.068,1645.068,6,Millions,I,Imputed Value,F,Non-confidential,3,3
OECD.IEA:RDDPRIVATE(1.1),Private sector energy technology RD&D expenditures,ITALY,Italy,PRIVATE,Private sector,RDD,"Research, development and demonstration",A,Energy end uses,USD_R_PPP,USD (constant prices and PPP),2020,2020,A,Annual,1351.717,1351.717,6,Millions,I,Imputed Value,F,Non-confidential,3,3
OECD.IEA:RDDPRIVATE(1.1),Private sector energy technology RD&D expenditures,ITALY,Italy,PRIVATE,Private sector,RDD,"Research, development and demonstration",A,Energy end uses,USD_R_PPP,USD (constant prices and PPP),2021,2021,A,Annual,1266.745,1266.745,6,Millions,I,Imputed Value,F,Non-confidential,3,3
OECD.IEA:RDDPRIVATE(1.1),Private sector energy technology RD&D expenditures,ITALY,Italy,PRIVATE,Private sector,RDD,"Research, development and demonstration",A,Energy end uses,USD_R_PPP,USD (constant prices and PPP),2022,2022,A,Annual,1576.108,1576.108,6,Millions,I,Imputed Value,F,Non-confidential,3,3
OECD.IEA:RDDPRIVATE(1.1),Private sector energy technology RD&D expenditures,ITALY,Italy,PRIVATE,Private sector,RDD,"Research, development and demonstration",A,Energy end uses,USD_R_PPP,USD (constant prices and PPP),2023,2023,A,Annual,1586.036,1586.036,6,Millions,I,Imputed Value,F,Non-confidential,3,3
OECD.IEA:RDDPRIVATE(1.1),Private sector energy technology RD&D expenditures,ITALY,Italy,PRIVATE,Private sector,RDD,"Research, development and demonstration",B,Fossil fuels,EUR_R,Euro (constant prices and exchange rates),2013,2013,A,Annual,34.812,34.812,6,Millions,I,Imputed Value,F,Non-confidential,3,3
OECD.IEA:RDDPRIVATE(1.1),Private sector energy technology RD&D expenditures,ITALY,Italy,PRIVATE,Private sector,RDD,"Research, development and demonstration",B,Fossil fuels,EUR_R,Euro (constant prices and exchange rates),2014,2014,A,Annual,23.27,23.27,6,Millions,I,Imputed Value,F,Non-confidential,3,3
OECD.IEA:RDDPRIVATE(1.1),Private sector energy technology RD&D expenditures,ITALY,Italy,PRIVATE,Private sector,RDD,"Research, development and demonstration",B,Fossil fuels,EUR_R,Euro (constant prices and exchange rates),2015,2015,A,Annual,170.029,170.029,6,Millions,I,Imputed Value,F,Non-confidential,3,3
OECD.IEA:RDDPRIVATE(1.1),Private sector energy technology RD&D expenditures,ITALY,Italy,PRIVATE,Private sector,RDD,"Research, development and demonstration",B,Fossil fuels,EUR_R,Euro (constant prices and exchange rates),2016,2016,A,Annual,125.156,125.156,6,Millions,I,Imputed Value,F,Non-confidential,3,3
OECD.IEA:RDDPRIVATE(1.1),Private sector energy technology RD&D expenditures,ITALY,Italy,PRIVATE,Private sector,RDD,"Research, development and demonstration",B,Fossil fuels,EUR_R,Euro (constant prices and exchange rates),2017,2017,A,Annual,126.57,126.57,6,Millions,I,Imputed Value,F,Non-confidential,3,3
OECD.IEA:RDDPRIVATE(1.1),Private sector energy technology RD&D expenditures,ITALY,Italy,PRIVATE,Private sector,RDD,"Research, development and demonstration",B,Fossil fuels,EUR_R,Euro (constant prices and exchange rates),2018,2018,A,Annual,128.765,128.765,6,Millions,I,Imputed Value,F,Non-confidential,3,3
OECD.IEA:RDDPRIVATE(1.1),Private sector energy technology RD&D expenditures,ITALY,Italy,PRIVATE,Private sector,RDD,"Research, development and demonstration",B,Fossil fuels,EUR_R,Euro (constant prices and exchange rates),2019,2019,A,Annual,141.77,141.77,6,Millions,I,Imputed Value,F,Non-confidential,3,3
OECD.IEA:RDDPRIVATE(1.1),Private sector energy technology RD&D expenditures,ITALY,Italy,PRIVATE,Private sector,RDD,"Research, development and demonstration",B,Fossil fuels,EUR_R,Euro (constant prices and exchange rates),2020,2020,A,Annual,128.958,128.958,6,Millions,I,Imputed Value,F,Non-confidential,3,3
OECD.IEA:RDDPRIVATE(1.1),Private sector energy technology RD&D expenditures,ITALY,Italy,PRIVATE,Private sector,RDD,"Research, development and demonstration",B,Fossil fuels,EUR_R,Euro (constant prices and exchange rates),2021,2021,A,Annual,120.374,120.374,6,Millions,I,Imputed Value,F,Non-confidential,3,3
OECD.IEA:RDDPRIVATE(1.1),Private sector energy technology RD&D expenditures,ITALY,Italy,PRIVATE,Private sector,RDD,"Research, development and demonstration",B,Fossil fuels,EUR_R,Euro (constant prices and exchange rates),2022,2022,A,Annual,133.083,133.083,6,Millions,I,Imputed Value,F,Non-confidential,3,3
OECD.IEA:RDDPRIVATE(1.1),Private sector energy technology RD&D expenditures,ITALY,Italy,PRIVATE,Private sector,RDD,"Research, development and demonstration",B,Fossil fuels,EUR_R,Euro (constant prices and exchange rates),2023,2023,A,Annual,22.647,22.647,6,Millions,I,Imputed Value,F,Non-confidential,3,3
OECD.IEA:RDDPRIVATE(1.1),Private sector energy technology RD&D expenditures,ITALY,Italy,PRIVATE,Private sector,RDD,"Research, development and demonstration",B,Fossil fuels,NC_N,National currency (nominal),2013,2013,A,Annual,27.963,27.963,6,Millions,A,Normal Value,F,Non-confidential,3,3
OECD.IEA:RDDPRIVATE(1.1),Private sector energy technology RD&D expenditures,ITALY,Italy,PRIVATE,Private sector,RDD,"Research, development and demonstration",B,Fossil fuels,NC_N,National currency (nominal),2014,2014,A,Annual,18.865,18.865,6,Millions,A,Normal Value,F,Non-confidential,3,3
OECD.IEA:RDDPRIVATE(1.1),Private sector energy technology RD&D expenditures,ITALY,Italy,PRIVATE,Private sector,RDD,"Research, development and demonstration",B,Fossil fuels,NC_N,National currency (nominal),2015,2015,A,Annual,138.902,138.902,6,Millions,A,Normal Value,F,Non-confidential,3,3
OECD.IEA:RDDPRIVATE(1.1),Private sector energy technology RD&D expenditures,ITALY,Italy,PRIVATE,Private sector,RDD,"Research, development and demonstration",B,Fossil fuels,NC_N,National currency (nominal),2016,2016,A,Annual,103.481,103.481,6,Millions,A,Normal Value,F,Non-confidential,3,3
OECD.IEA:RDDPRIVATE(1.1),Private sector energy technology RD&D expenditures,ITALY,Italy,PRIVATE,Private sector,RDD,"Research, development and demonstration",B,Fossil fuels,NC_N,National currency (nominal),2017,2017,A,Annual,105.385,105.385,6,Millions,A,Normal Value,F,Non-confidential,3,3
OECD.IEA:RDDPRIVATE(1.1),Private sector energy technology RD&D expenditures,ITALY,Italy,PRIVATE,Private sector,RDD,"Research, development and demonstration",B,Fossil fuels,NC_N,National currency (nominal),2018,2018,A,Annual,108.448,108.448,6,Millions,A,Normal Value,F,Non-confidential,3,3
OECD.IEA:RDDPRIVATE(1.1),Private sector energy technology RD&D expenditures,ITALY,Italy,PRIVATE,Private sector,RDD,"Research, development and demonstration",B,Fossil fuels,NC_N,National currency (nominal),2019,2019,A,Annual,120.61,120.61,6,Millions,A,Normal Value,F,Non-confidential,3,3
OECD.IEA:RDDPRIVATE(1.1),Private sector energy technology RD&D expenditures,ITALY,Italy,PRIVATE,Private sector,RDD,"Research, development and demonstration",B,Fossil fuels,NC_N,National currency (nominal),2020,2020,A,Annual,111.339,111.339,6,Millions,A,Normal Value,F,Non-confidential,3,3
OECD.IEA:RDDPRIVATE(1.1),Private sector energy technology RD&D expenditures,ITALY,Italy,PRIVATE,Private sector,RDD,"Research, development and demonstration",B,Fossil fuels,NC_N,National currency (nominal),2021,2021,A,Annual,105.416,105.416,6,Millions,A,Normal Value,F,Non-confidential,3,3
OECD.IEA:RDDPRIVATE(1.1),Private sector energy technology RD&D expenditures,ITALY,Italy,PRIVATE,Private sector,RDD,"Research, development and demonstration",B,Fossil fuels,NC_N,National currency (nominal),2022,2022,A,Annual,120.588,120.588,6,Millions,A,Normal Value,F,Non-confidential,3,3
OECD.IEA:RDDPRIVATE(1.1),Private sector energy technology RD&D expenditures,ITALY,Italy,PRIVATE,Private sector,RDD,"Research, development and demonstration",B,Fossil fuels,NC_N,National currency (nominal),2023,2023,A,Annual,21.794,21.794,6,Millions,A,Normal Value,F,Non-confidential,3,3
OECD.IEA:RDDPRIVATE(1.1),Private sector energy technology RD&D expenditures,ITALY,Italy,PRIVATE,Private sector,RDD,"Research, development and demonstration",B,Fossil fuels,NC_R,National currency (constant prices),2013,2013,A,Annual,34.812,34.812,6,Millions,I,Imputed Value,F,Non-confidential,3,3
OECD.IEA:RDDPRIVATE(1.1),Private sector energy technology RD&D expenditures,ITALY,Italy,PRIVATE,Private sector,RDD,"Research, development and demonstration",B,Fossil fuels,NC_R,National currency (constant prices),2014,2014,A,Annual,23.27,23.27,6,Millions,I,Imputed Value,F,Non-confidential,3,3
OECD.IEA:RDDPRIVATE(1.1),Private sector energy technology RD&D expenditures,ITALY,Italy,PRIVATE,Private sector,RDD,"Research, development and demonstration",B,Fossil fuels,NC_R,National currency (constant prices),2015,2015,A,Annual,170.029,170.029,6,Millions,I,Imputed Value,F,Non-confidential,3,3
OECD.IEA:RDDPRIVATE(1.1),Private sector energy technology RD&D expenditures,ITALY,Italy,PRIVATE,Private sector,RDD,"Research, development and demonstration",B,Fossil fuels,NC_R,National currency (constant prices),2016,2016,A,Annual,125.156,125.156,6,Millions,I,Imputed Value,F,Non-confidential,3,3
OECD.IEA:RDDPRIVATE(1.1),Private sector energy technology RD&D expenditures,ITALY,Italy,PRIVATE,Private sector,RDD,"Research, development and demonstration",B,Fossil fuels,NC_R,National currency (constant prices),2017,2017,A,Annual,126.57,126.57,6,Millions,I,Imputed Value,F,Non-confidential,3,3
OECD.IEA:RDDPRIVATE(1.1),Private sector energy technology RD&D expenditures,ITALY,Italy,PRIVATE,Private sector,RDD,"Research, development and demonstration",B,Fossil fuels,NC_R,National currency (constant prices),2018,2018,A,Annual,128.765,128.765,6,Millions,I,Imputed Value,F,Non-confidential,3,3
OECD.IEA:RDDPRIVATE(1.1),Private sector energy technology RD&D expenditures,ITALY,Italy,PRIVATE,Private sector,RDD,"Research, development and demonstration",B,Fossil fuels,NC_R,National currency (constant prices),2019,2019,A,Annual,141.77,141.77,6,Millions,I,Imputed Value,F,Non-confidential,3,3
OECD.IEA:RDDPRIVATE(1.1),Private sector energy technology RD&D expenditures,ITALY,Italy,PRIVATE,Private sector,RDD,"Research, development and demonstration",B,Fossil fuels,NC_R,National currency (constant prices),2020,2020,A,Annual,128.958,128.958,6,Millions,I,Imputed Value,F,Non-confidential,3,3
OECD.IEA:RDDPRIVATE(1.1),Private sector energy technology RD&D expenditures,ITALY,Italy,PRIVATE,Private sector,RDD,"Research, development and demonstration",B,Fossil fuels,NC_R,National currency (constant prices),2021,2021,A,Annual,120.374,120.374,6,Millions,I,Imputed Value,F,Non-confidential,3,3
OECD.IEA:RDDPRIVATE(1.1),Private sector energy technology RD&D expenditures,ITALY,Italy,PRIVATE,Private sector,RDD,"Research, development and demonstration",B,Fossil fuels,NC_R,National currency (constant prices),2022,2022,A,Annual,133.083,133.083,6,Millions,I,Imputed Value,F,Non-confidential,3,3
OECD.IEA:RDDPRIVATE(1.1),Private sector energy technology RD&D expenditures,ITALY,Italy,PRIVATE,Private sector,RDD,"Research, development and demonstration",B,Fossil fuels,NC_R,National currency (constant prices),2023,2023,A,Annual,22.647,22.647,6,Millions,I,Imputed Value,F,Non-confidential,3,3
OECD.IEA:RDDPRIVATE(1.1),Private sector energy technology RD&D expenditures,ITALY,Italy,PRIVATE,Private sector,RDD,"Research, development and demonstration",B,Fossil fuels,USD_R,USD (constant prices and exchange rates),2013,2013,A,Annual,39.336,39.336,6,Millions,I,Imputed Value,F,Non-confidential,3,3
OECD.IEA:RDDPRIVATE(1.1),Private sector energy technology RD&D expenditures,ITALY,Italy,PRIVATE,Private sector,RDD,"Research, development and demonstration",B,Fossil fuels,USD_R,USD (constant prices and exchange rates),2014,2014,A,Annual,26.294,26.294,6,Millions,I,Imputed Value,F,Non-confidential,3,3
OECD.IEA:RDDPRIVATE(1.1),Private sector energy technology RD&D expenditures,ITALY,Italy,PRIVATE,Private sector,RDD,"Research, development and demonstration",B,Fossil fuels,USD_R,USD (constant prices and exchange rates),2015,2015,A,Annual,192.129,192.129,6,Millions,I,Imputed Value,F,Non-confidential,3,3
OECD.IEA:RDDPRIVATE(1.1),Private sector energy technology RD&D expenditures,ITALY,Italy,PRIVATE,Private sector,RDD,"Research, development and demonstration",B,Fossil fuels,USD_R,USD (constant prices and exchange rates),2016,2016,A,Annual,141.424,141.424,6,Millions,I,Imputed Value,F,Non-confidential,3,3
OECD.IEA:RDDPRIVATE(1.1),Private sector energy technology RD&D expenditures,ITALY,Italy,PRIVATE,Private sector,RDD,"Research, development and demonstration",B,Fossil fuels,USD_R,USD (constant prices and exchange rates),2017,2017,A,Annual,143.022,143.022,6,Millions,I,Imputed Value,F,Non-confidential,3,3
OECD.IEA:RDDPRIVATE(1.1),Private sector energy technology RD&D expenditures,ITALY,Italy,PRIVATE,Private sector,RDD,"Research, development and demonstration",B,Fossil fuels,USD_R,USD (constant prices and exchange rates),2018,2018,A,Annual,145.502,145.502,6,Millions,I,Imputed Value,F,Non-confidential,3,3
OECD.IEA:RDDPRIVATE(1.1),Private sector energy technology RD&D expenditures,ITALY,Italy,PRIVATE,Private sector,RDD,"Research, development and demonstration",B,Fossil fuels,USD_R,USD (constant prices and exchange rates),2019,2019,A,Annual,160.198,160.198,6,Millions,I,Imputed Value,F,Non-confidential,3,3
OECD.IEA:RDDPRIVATE(1.1),Private sector energy technology RD&D expenditures,ITALY,Italy,PRIVATE,Private sector,RDD,"Research, development and demonstration",B,Fossil fuels,USD_R,USD (constant prices and exchange rates),2020,2020,A,Annual,145.72,145.72,6,Millions,I,Imputed Value,F,Non-confidential,3,3
OECD.IEA:RDDPRIVATE(1.1),Private sector energy technology RD&D expenditures,ITALY,Italy,PRIVATE,Private sector,RDD,"Research, development and demonstration",B,Fossil fuels,USD_R,USD (constant prices and exchange rates),2021,2021,A,Annual,136.021,136.021,6,Millions,I,Imputed Value,F,Non-confidential,3,3
OECD.IEA:RDDPRIVATE(1.1),Private sector energy technology RD&D expenditures,ITALY,Italy,PRIVATE,Private sector,RDD,"Research, development and demonstration",B,Fossil fuels,USD_R,USD (constant prices and exchange rates),2022,2022,A,Annual,150.382,150.382,6,Millions,I,Imputed Value,F,Non-confidential,3,3
OECD.IEA:RDDPRIVATE(1.1),Private sector energy technology RD&D expenditures,ITALY,Italy,PRIVATE,Private sector,RDD,"Research, development and demonstration",B,Fossil fuels,USD_R,USD (constant prices and exchange rates),2023,2023,A,Annual,25.59,25.59,6,Millions,I,Imputed Value,F,Non-confidential,3,3
OECD.IEA:RDDPRIVATE(1.1),Private sector energy technology RD&D expenditures,ITALY,Italy,PRIVATE,Private sector,RDD,"Research, development and demonstration",B,Fossil fuels,USD_R_PPP,USD (constant prices and PPP),2013,2013,A,Annual,57.729,57.729,6,Millions,I,Imputed Value,F,Non-confidential,3,3
OECD.IEA:RDDPRIVATE(1.1),Private sector energy technology RD&D expenditures,ITALY,Italy,PRIVATE,Private sector,RDD,"Research, development and demonstration",B,Fossil fuels,USD_R_PPP,USD (constant prices and PPP),2014,2014,A,Annual,38.588,38.588,6,Millions,I,Imputed Value,F,Non-confidential,3,3
OECD.IEA:RDDPRIVATE(1.1),Private sector energy technology RD&D expenditures,ITALY,Italy,PRIVATE,Private sector,RDD,"Research, development and demonstration",B,Fossil fuels,USD_R_PPP,USD (constant prices and PPP),2015,2015,A,Annual,281.962,281.962,6,Millions,I,Imputed Value,F,Non-confidential,3,3
OECD.IEA:RDDPRIVATE(1.1),Private sector energy technology RD&D expenditures,ITALY,Italy,PRIVATE,Private sector,RDD,"Research, development and demonstration",B,Fossil fuels,USD_R_PPP,USD (constant prices and PPP),2016,2016,A,Annual,207.548,207.548,6,Millions,I,Imputed Value,F,Non-confidential,3,3
OECD.IEA:RDDPRIVATE(1.1),Private sector energy technology RD&D expenditures,ITALY,Italy,PRIVATE,Private sector,RDD,"Research, development and demonstration",B,Fossil fuels,USD_R_PPP,USD (constant prices and PPP),2017,2017,A,Annual,209.893,209.893,6,Millions,I,Imputed Value,F,Non-confidential,3,3
OECD.IEA:RDDPRIVATE(1.1),Private sector energy technology RD&D expenditures,ITALY,Italy,PRIVATE,Private sector,RDD,"Research, development and demonstration",B,Fossil fuels,USD_R_PPP,USD (constant prices and PPP),2018,2018,A,Annual,213.534,213.534,6,Millions,I,Imputed Value,F,Non-confidential,3,3
OECD.IEA:RDDPRIVATE(1.1),Private sector energy technology RD&D expenditures,ITALY,Italy,PRIVATE,Private sector,RDD,"Research, development and demonstration",B,Fossil fuels,USD_R_PPP,USD (constant prices and PPP),2019,2019,A,Annual,235.101,235.101,6,Millions,I,Imputed Value,F,Non-confidential,3,3
OECD.IEA:RDDPRIVATE(1.1),Private sector energy technology RD&D expenditures,ITALY,Italy,PRIVATE,Private sector,RDD,"Research, development and demonstration",B,Fossil fuels,USD_R_PPP,USD (constant prices and PPP),2020,2020,A,Annual,213.854,213.854,6,Millions,I,Imputed Value,F,Non-confidential,3,3
OECD.IEA:RDDPRIVATE(1.1),Private sector energy technology RD&D expenditures,ITALY,Italy,PRIVATE,Private sector,RDD,"Research, development and demonstration",B,Fossil fuels,USD_R_PPP,USD (constant prices and PPP),2021,2021,A,Annual,199.619,199.619,6,Millions,I,Imputed Value,F,Non-confidential,3,3
OECD.IEA:RDDPRIVATE(1.1),Private sector energy technology RD&D expenditures,ITALY,Italy,PRIVATE,Private sector,RDD,"Research, development and demonstration",B,Fossil fuels,USD_R_PPP,USD (constant prices and PPP),2022,2022,A,Annual,220.695,220.695,6,Millions,I,Imputed Value,F,Non-confidential,3,3
OECD.IEA:RDDPRIVATE(1.1),Private sector energy technology RD&D expenditures,ITALY,Italy,PRIVATE,Private sector,RDD,"Research, development and demonstration",B,Fossil fuels,USD_R_PPP,USD (constant prices and PPP),2023,2023,A,Annual,37.555,37.555,6,Millions,I,Imputed Value,F,Non-confidential,3,3
OECD.IEA:RDDPRIVATE(1.1),Private sector energy technology RD&D expenditures,ITALY,Italy,PRIVATE,Private sector,RDD,"Research, development and demonstration",C,Renewable energy sources,EUR_R,Euro (constant prices and exchange rates),2013,2013,A,Annual,49.672,49.672,6,Millions,I,Imputed Value,F,Non-confidential,3,3
OECD.IEA:RDDPRIVATE(1.1),Private sector energy technology RD&D expenditures,ITALY,Italy,PRIVATE,Private sector,RDD,"Research, development and demonstration",C,Renewable energy sources,EUR_R,Euro (constant prices and exchange rates),2014,2014,A,Annual,84.659,84.659,6,Millions,I,Imputed Value,F,Non-confidential,3,3
OECD.IEA:RDDPRIVATE(1.1),Private sector energy technology RD&D expenditures,ITALY,Italy,PRIVATE,Private sector,RDD,"Research, development and demonstration",C,Renewable energy sources,EUR_R,Euro (constant prices and exchange rates),2015,2015,A,Annual,100.552,100.552,6,Millions,I,Imputed Value,F,Non-confidential,3,3
OECD.IEA:RDDPRIVATE(1.1),Private sector energy technology RD&D expenditures,ITALY,Italy,PRIVATE,Private sector,RDD,"Research, development and demonstration",C,Renewable energy sources,EUR_R,Euro (constant prices and exchange rates),2016,2016,A,Annual,73.397,73.397,6,Millions,I,Imputed Value,F,Non-confidential,3,3
OECD.IEA:RDDPRIVATE(1.1),Private sector energy technology RD&D expenditures,ITALY,Italy,PRIVATE,Private sector,RDD,"Research, development and demonstration",C,Renewable energy sources,EUR_R,Euro (constant prices and exchange rates),2017,2017,A,Annual,74.227,74.227,6,Millions,I,Imputed Value,F,Non-confidential,3,3
OECD.IEA:RDDPRIVATE(1.1),Private sector energy technology RD&D expenditures,ITALY,Italy,PRIVATE,Private sector,RDD,"Research, development and demonstration",C,Renewable energy sources,EUR_R,Euro (constant prices and exchange rates),2018,2018,A,Annual,75.514,75.514,6,Millions,I,Imputed Value,F,Non-confidential,3,3
OECD.IEA:RDDPRIVATE(1.1),Private sector energy technology RD&D expenditures,ITALY,Italy,PRIVATE,Private sector,RDD,"Research, development and demonstration",C,Renewable energy sources,EUR_R,Euro (constant prices and exchange rates),2019,2019,A,Annual,84.577,84.577,6,Millions,I,Imputed Value,F,Non-confidential,3,3
OECD.IEA:RDDPRIVATE(1.1),Private sector energy technology RD&D expenditures,ITALY,Italy,PRIVATE,Private sector,RDD,"Research, development and demonstration",C,Renewable energy sources,EUR_R,Euro (constant prices and exchange rates),2020,2020,A,Annual,52.697,52.697,6,Millions,I,Imputed Value,F,Non-confidential,3,3
OECD.IEA:RDDPRIVATE(1.1),Private sector energy technology RD&D expenditures,ITALY,Italy,PRIVATE,Private sector,RDD,"Research, development and demonstration",C,Renewable energy sources,EUR_R,Euro (constant prices and exchange rates),2021,2021,A,Annual,63.291,63.291,6,Millions,I,Imputed Value,F,Non-confidential,3,3
OECD.IEA:RDDPRIVATE(1.1),Private sector energy technology RD&D expenditures,ITALY,Italy,PRIVATE,Private sector,RDD,"Research, development and demonstration",C,Renewable energy sources,EUR_R,Euro (constant prices and exchange rates),2022,2022,A,Annual,46.871,46.871,6,Millions,I,Imputed Value,F,Non-confidential,3,3
OECD.IEA:RDDPRIVATE(1.1),Private sector energy technology RD&D expenditures,ITALY,Italy,PRIVATE,Private sector,RDD,"Research, development and demonstration",C,Renewable energy sources,EUR_R,Euro (constant prices and exchange rates),2023,2023,A,Annual,49.087,49.087,6,Millions,I,Imputed Value,F,Non-confidential,3,3
OECD.IEA:RDDPRIVATE(1.1),Private sector energy technology RD&D expenditures,ITALY,Italy,PRIVATE,Private sector,RDD,"Research, development and demonstration",C,Renewable energy sources,NC_N,National currency (nominal),2013,2013,A,Annual,39.9,39.9,6,Millions,A,Normal Value,F,Non-confidential,3,3
OECD.IEA:RDDPRIVATE(1.1),Private sector energy technology RD&D expenditures,ITALY,Italy,PRIVATE,Private sector,RDD,"Research, development and demonstration",C,Renewable energy sources,NC_N,National currency (nominal),2014,2014,A,Annual,68.634,68.634,6,Millions,A,Normal Value,F,Non-confidential,3,3
OECD.IEA:RDDPRIVATE(1.1),Private sector energy technology RD&D expenditures,ITALY,Italy,PRIVATE,Private sector,RDD,"Research, development and demonstration",C,Renewable energy sources,NC_N,National currency (nominal),2015,2015,A,Annual,82.144,82.144,6,Millions,A,Normal Value,F,Non-confidential,3,3
OECD.IEA:RDDPRIVATE(1.1),Private sector energy technology RD&D expenditures,ITALY,Italy,PRIVATE,Private sector,RDD,"Research, development and demonstration",C,Renewable energy sources,NC_N,National currency (nominal),2016,2016,A,Annual,60.686,60.686,6,Millions,A,Normal Value,F,Non-confidential,3,3
OECD.IEA:RDDPRIVATE(1.1),Private sector energy technology RD&D expenditures,ITALY,Italy,PRIVATE,Private sector,RDD,"Research, development and demonstration",C,Renewable energy sources,NC_N,National currency (nominal),2017,2017,A,Annual,61.803,61.803,6,Millions,A,Normal Value,F,Non-confidential,3,3
OECD.IEA:RDDPRIVATE(1.1),Private sector energy technology RD&D expenditures,ITALY,Italy,PRIVATE,Private sector,RDD,"Research, development and demonstration",C,Renewable energy sources,NC_N,National currency (nominal),2018,2018,A,Annual,63.599,63.599,6,Millions,A,Normal Value,F,Non-confidential,3,3
OECD.IEA:RDDPRIVATE(1.1),Private sector energy technology RD&D expenditures,ITALY,Italy,PRIVATE,Private sector,RDD,"Research, development and demonstration",C,Renewable energy sources,NC_N,National currency (nominal),2019,2019,A,Annual,71.953,71.953,6,Millions,A,Normal Value,F,Non-confidential,3,3
OECD.IEA:RDDPRIVATE(1.1),Private sector energy technology RD&D expenditures,ITALY,Italy,PRIVATE,Private sector,RDD,"Research, development and demonstration",C,Renewable energy sources,NC_N,National currency (nominal),2020,2020,A,Annual,45.497,45.497,6,Millions,A,Normal Value,F,Non-confidential,3,3
OECD.IEA:RDDPRIVATE(1.1),Private sector energy technology RD&D expenditures,ITALY,Italy,PRIVATE,Private sector,RDD,"Research, development and demonstration",C,Renewable energy sources,NC_N,National currency (nominal),2021,2021,A,Annual,55.426,55.426,6,Millions,A,Normal Value,F,Non-confidential,3,3
OECD.IEA:RDDPRIVATE(1.1),Private sector energy technology RD&D expenditures,ITALY,Italy,PRIVATE,Private sector,RDD,"Research, development and demonstration",C,Renewable energy sources,NC_N,National currency (nominal),2022,2022,A,Annual,42.47,42.47,6,Millions,A,Normal Value,F,Non-confidential,3,3
OECD.IEA:RDDPRIVATE(1.1),Private sector energy technology RD&D expenditures,ITALY,Italy,PRIVATE,Private sector,RDD,"Research, development and demonstration",C,Renewable energy sources,NC_N,National currency (nominal),2023,2023,A,Annual,47.239,47.239,6,Millions,A,Normal Value,F,Non-confidential,3,3
OECD.IEA:RDDPRIVATE(1.1),Private sector energy technology RD&D expenditures,ITALY,Italy,PRIVATE,Private sector,RDD,"Research, development and demonstration",C,Renewable energy sources,NC_R,National currency (constant prices),2013,2013,A,Annual,49.672,49.672,6,Millions,I,Imputed Value,F,Non-confidential,3,3
OECD.IEA:RDDPRIVATE(1.1),Private sector energy technology RD&D expenditures,ITALY,Italy,PRIVATE,Private sector,RDD,"Research, development and demonstration",C,Renewable energy sources,NC_R,National currency (constant prices),2014,2014,A,Annual,84.659,84.659,6,Millions,I,Imputed Value,F,Non-confidential,3,3
OECD.IEA:RDDPRIVATE(1.1),Private sector energy technology RD&D expenditures,ITALY,Italy,PRIVATE,Private sector,RDD,"Research, development and demonstration",C,Renewable energy sources,NC_R,National currency (constant prices),2015,2015,A,Annual,100.552,100.552,6,Millions,I,Imputed Value,F,Non-confidential,3,3
OECD.IEA:RDDPRIVATE(1.1),Private sector energy technology RD&D expenditures,ITALY,Italy,PRIVATE,Private sector,RDD,"Research, development and demonstration",C,Renewable energy sources,NC_R,National currency (constant prices),2016,2016,A,Annual,73.397,73.397,6,Millions,I,Imputed Value,F,Non-confidential,3,3
OECD.IEA:RDDPRIVATE(1.1),Private sector energy technology RD&D expenditures,ITALY,Italy,PRIVATE,Private sector,RDD,"Research, development and demonstration",C,Renewable energy sources,NC_R,National currency (constant prices),2017,2017,A,Annual,74.227,74.227,6,Millions,I,Imputed Value,F,Non-confidential,3,3
OECD.IEA:RDDPRIVATE(1.1),Private sector energy technology RD&D expenditures,ITALY,Italy,PRIVATE,Private sector,RDD,"Research, development and demonstration",C,Renewable energy sources,NC_R,National currency (constant prices),2018,2018,A,Annual,75.514,75.514,6,Millions,I,Imputed Value,F,Non-confidential,3,3
OECD.IEA:RDDPRIVATE(1.1),Private sector energy technology RD&D expenditures,ITALY,Italy,PRIVATE,Private sector,RDD,"Research, development and demonstration",C,Renewable energy sources,NC_R,National currency (constant prices),2019,2019,A,Annual,84.577,84.577,6,Millions,I,Imputed Value,F,Non-confidential,3,3
OECD.IEA:RDDPRIVATE(1.1),Private sector energy technology RD&D expenditures,ITALY,Italy,PRIVATE,Private sector,RDD,"Research, development and demonstration",C,Renewable energy sources,NC_R,National currency (constant prices),2020,2020,A,Annual,52.697,52.697,6,Millions,I,Imputed Value,F,Non-confidential,3,3
OECD.IEA:RDDPRIVATE(1.1),Private sector energy technology RD&D expenditures,ITALY,Italy,PRIVATE,Private sector,RDD,"Research, development and demonstration",C,Renewable energy sources,NC_R,National currency (constant prices),2021,2021,A,Annual,63.291,63.291,6,Millions,I,Imputed Value,F,Non-confidential,3,3
OECD.IEA:RDDPRIVATE(1.1),Private sector energy technology RD&D expenditures,ITALY,Italy,PRIVATE,Private sector,RDD,"Research, development and demonstration",C,Renewable energy sources,NC_R,National currency (constant prices),2022,2022,A,Annual,46.871,46.871,6,Millions,I,Imputed Value,F,Non-confidential,3,3
OECD.IEA:RDDPRIVATE(1.1),Private sector energy technology RD&D expenditures,ITALY,Italy,PRIVATE,Private sector,RDD,"Research, development and demonstration",C,Renewable energy sources,NC_R,National currency (constant prices),2023,2023,A,Annual,49.087,49.087,6,Millions,I,Imputed Value,F,Non-confidential,3,3
OECD.IEA:RDDPRIVATE(1.1),Private sector energy technology RD&D expenditures,ITALY,Italy,PRIVATE,Private sector,RDD,"Research, development and demonstration",C,Renewable energy sources,USD_R,USD (constant prices and exchange rates),2013,2013,A,Annual,56.129,56.129,6,Millions,I,Imputed Value,F,Non-confidential,3,3
OECD.IEA:RDDPRIVATE(1.1),Private sector energy technology RD&D expenditures,ITALY,Italy,PRIVATE,Private sector,RDD,"Research, development and demonstration",C,Renewable energy sources,USD_R,USD (constant prices and exchange rates),2014,2014,A,Annual,95.663,95.663,6,Millions,I,Imputed Value,F,Non-confidential,3,3
OECD.IEA:RDDPRIVATE(1.1),Private sector energy technology RD&D expenditures,ITALY,Italy,PRIVATE,Private sector,RDD,"Research, development and demonstration",C,Renewable energy sources,USD_R,USD (constant prices and exchange rates),2015,2015,A,Annual,113.622,113.622,6,Millions,I,Imputed Value,F,Non-confidential,3,3
OECD.IEA:RDDPRIVATE(1.1),Private sector energy technology RD&D expenditures,ITALY,Italy,PRIVATE,Private sector,RDD,"Research, development and demonstration",C,Renewable energy sources,USD_R,USD (constant prices and exchange rates),2016,2016,A,Annual,82.938,82.938,6,Millions,I,Imputed Value,F,Non-confidential,3,3
OECD.IEA:RDDPRIVATE(1.1),Private sector energy technology RD&D expenditures,ITALY,Italy,PRIVATE,Private sector,RDD,"Research, development and demonstration",C,Renewable energy sources,USD_R,USD (constant prices and exchange rates),2017,2017,A,Annual,83.875,83.875,6,Millions,I,Imputed Value,F,Non-confidential,3,3
OECD.IEA:RDDPRIVATE(1.1),Private sector energy technology RD&D expenditures,ITALY,Italy,PRIVATE,Private sector,RDD,"Research, development and demonstration",C,Renewable energy sources,USD_R,USD (constant prices and exchange rates),2018,2018,A,Annual,85.329,85.329,6,Millions,I,Imputed Value,F,Non-confidential,3,3
OECD.IEA:RDDPRIVATE(1.1),Private sector energy technology RD&D expenditures,ITALY,Italy,PRIVATE,Private sector,RDD,"Research, development and demonstration",C,Renewable energy sources,USD_R,USD (constant prices and exchange rates),2019,2019,A,Annual,95.57,95.57,6,Millions,I,Imputed Value,F,Non-confidential,3,3
OECD.IEA:RDDPRIVATE(1.1),Private sector energy technology RD&D expenditures,ITALY,Italy,PRIVATE,Private sector,RDD,"Research, development and demonstration",C,Renewable energy sources,USD_R,USD (constant prices and exchange rates),2020,2020,A,Annual,59.546,59.546,6,Millions,I,Imputed Value,F,Non-confidential,3,3
OECD.IEA:RDDPRIVATE(1.1),Private sector energy technology RD&D expenditures,ITALY,Italy,PRIVATE,Private sector,RDD,"Research, development and demonstration",C,Renewable energy sources,USD_R,USD (constant prices and exchange rates),2021,2021,A,Annual,71.517,71.517,6,Millions,I,Imputed Value,F,Non-confidential,3,3
OECD.IEA:RDDPRIVATE(1.1),Private sector energy technology RD&D expenditures,ITALY,Italy,PRIVATE,Private sector,RDD,"Research, development and demonstration",C,Renewable energy sources,USD_R,USD (constant prices and exchange rates),2022,2022,A,Annual,52.963,52.963,6,Millions,I,Imputed Value,F,Non-confidential,3,3
OECD.IEA:RDDPRIVATE(1.1),Private sector energy technology RD&D expenditures,ITALY,Italy,PRIVATE,Private sector,RDD,"Research, development and demonstration",C,Renewable energy sources,USD_R,USD (constant prices and exchange rates),2023,2023,A,Annual,55.468,55.468,6,Millions,I,Imputed Value,F,Non-confidential,3,3
OECD.IEA:RDDPRIVATE(1.1),Private sector energy technology RD&D expenditures,ITALY,Italy,PRIVATE,Private sector,RDD,"Research, development and demonstration",C,Renewable energy sources,USD_R_PPP,USD (constant prices and PPP),2013,2013,A,Annual,82.372,82.372,6,Millions,I,Imputed Value,F,Non-confidential,3,3
OECD.IEA:RDDPRIVATE(1.1),Private sector energy technology RD&D expenditures,ITALY,Italy,PRIVATE,Private sector,RDD,"Research, development and demonstration",C,Renewable energy sources,USD_R_PPP,USD (constant prices and PPP),2014,2014,A,Annual,140.391,140.391,6,Millions,I,Imputed Value,F,Non-confidential,3,3
OECD.IEA:RDDPRIVATE(1.1),Private sector energy technology RD&D expenditures,ITALY,Italy,PRIVATE,Private sector,RDD,"Research, development and demonstration",C,Renewable energy sources,USD_R_PPP,USD (constant prices and PPP),2015,2015,A,Annual,166.747,166.747,6,Millions,I,Imputed Value,F,Non-confidential,3,3
OECD.IEA:RDDPRIVATE(1.1),Private sector energy technology RD&D expenditures,ITALY,Italy,PRIVATE,Private sector,RDD,"Research, development and demonstration",C,Renewable energy sources,USD_R_PPP,USD (constant prices and PPP),2016,2016,A,Annual,121.716,121.716,6,Millions,I,Imputed Value,F,Non-confidential,3,3
OECD.IEA:RDDPRIVATE(1.1),Private sector energy technology RD&D expenditures,ITALY,Italy,PRIVATE,Private sector,RDD,"Research, development and demonstration",C,Renewable energy sources,USD_R_PPP,USD (constant prices and PPP),2017,2017,A,Annual,123.092,123.092,6,Millions,I,Imputed Value,F,Non-confidential,3,3
OECD.IEA:RDDPRIVATE(1.1),Private sector energy technology RD&D expenditures,ITALY,Italy,PRIVATE,Private sector,RDD,"Research, development and demonstration",C,Renewable energy sources,USD_R_PPP,USD (constant prices and PPP),2018,2018,A,Annual,125.226,125.226,6,Millions,I,Imputed Value,F,Non-confidential,3,3
OECD.IEA:RDDPRIVATE(1.1),Private sector energy technology RD&D expenditures,ITALY,Italy,PRIVATE,Private sector,RDD,"Research, development and demonstration",C,Renewable energy sources,USD_R_PPP,USD (constant prices and PPP),2019,2019,A,Annual,140.255,140.255,6,Millions,I,Imputed Value,F,Non-confidential,3,3
OECD.IEA:RDDPRIVATE(1.1),Private sector energy technology RD&D expenditures,ITALY,Italy,PRIVATE,Private sector,RDD,"Research, development and demonstration",C,Renewable energy sources,USD_R_PPP,USD (constant prices and PPP),2020,2020,A,Annual,87.388,87.388,6,Millions,I,Imputed Value,F,Non-confidential,3,3
OECD.IEA:RDDPRIVATE(1.1),Private sector energy technology RD&D expenditures,ITALY,Italy,PRIVATE,Private sector,RDD,"Research, development and demonstration",C,Renewable energy sources,USD_R_PPP,USD (constant prices and PPP),2021,2021,A,Annual,104.956,104.956,6,Millions,I,Imputed Value,F,Non-confidential,3,3
OECD.IEA:RDDPRIVATE(1.1),Private sector energy technology RD&D expenditures,ITALY,Italy,PRIVATE,Private sector,RDD,"Research, development and demonstration",C,Renewable energy sources,USD_R_PPP,USD (constant prices and PPP),2022,2022,A,Annual,77.727,77.727,6,Millions,I,Imputed Value,F,Non-confidential,3,3
OECD.IEA:RDDPRIVATE(1.1),Private sector energy technology RD&D expenditures,ITALY,Italy,PRIVATE,Private sector,RDD,"Research, development and demonstration",C,Renewable energy sources,USD_R_PPP,USD (constant prices and PPP),2023,2023,A,Annual,81.402,81.402,6,Millions,I,Imputed Value,F,Non-confidential,3,3
OECD.IEA:RDDPRIVATE(1.1),Private sector energy technology RD&D expenditures,ITALY,Italy,PRIVATE,Private sector,RDD,"Research, development and demonstration",D,Nuclear fission and fusion,EUR_R,Euro (constant prices and exchange rates),2013,2013,A,Annual,3.359,3.359,6,Millions,I,Imputed Value,F,Non-confidential,3,3
OECD.IEA:RDDPRIVATE(1.1),Private sector energy technology RD&D expenditures,ITALY,Italy,PRIVATE,Private sector,RDD,"Research, development and demonstration",D,Nuclear fission and fusion,EUR_R,Euro (constant prices and exchange rates),2014,2014,A,Annual,1.509,1.509,6,Millions,I,Imputed Value,F,Non-confidential,3,3
OECD.IEA:RDDPRIVATE(1.1),Private sector energy technology RD&D expenditures,ITALY,Italy,PRIVATE,Private sector,RDD,"Research, development and demonstration",D,Nuclear fission and fusion,EUR_R,Euro (constant prices and exchange rates),2015,2015,A,Annual,3.069,3.069,6,Millions,I,Imputed Value,F,Non-confidential,3,3
OECD.IEA:RDDPRIVATE(1.1),Private sector energy technology RD&D expenditures,ITALY,Italy,PRIVATE,Private sector,RDD,"Research, development and demonstration",D,Nuclear fission and fusion,EUR_R,Euro (constant prices and exchange rates),2016,2016,A,Annual,2.846,2.846,6,Millions,I,Imputed Value,F,Non-confidential,3,3
OECD.IEA:RDDPRIVATE(1.1),Private sector energy technology RD&D expenditures,ITALY,Italy,PRIVATE,Private sector,RDD,"Research, development and demonstration",D,Nuclear fission and fusion,EUR_R,Euro (constant prices and exchange rates),2017,2017,A,Annual,2.878,2.878,6,Millions,I,Imputed Value,F,Non-confidential,3,3
OECD.IEA:RDDPRIVATE(1.1),Private sector energy technology RD&D expenditures,ITALY,Italy,PRIVATE,Private sector,RDD,"Research, development and demonstration",D,Nuclear fission and fusion,EUR_R,Euro (constant prices and exchange rates),2018,2018,A,Annual,2.928,2.928,6,Millions,I,Imputed Value,F,Non-confidential,3,3
OECD.IEA:RDDPRIVATE(1.1),Private sector energy technology RD&D expenditures,ITALY,Italy,PRIVATE,Private sector,RDD,"Research, development and demonstration",D,Nuclear fission and fusion,EUR_R,Euro (constant prices and exchange rates),2019,2019,A,Annual,11.399,11.399,6,Millions,I,Imputed Value,F,Non-confidential,3,3
OECD.IEA:RDDPRIVATE(1.1),Private sector energy technology RD&D expenditures,ITALY,Italy,PRIVATE,Private sector,RDD,"Research, development and demonstration",D,Nuclear fission and fusion,EUR_R,Euro (constant prices and exchange rates),2020,2020,A,Annual,3.345,3.345,6,Millions,I,Imputed Value,F,Non-confidential,3,3
OECD.IEA:RDDPRIVATE(1.1),Private sector energy technology RD&D expenditures,ITALY,Italy,PRIVATE,Private sector,RDD,"Research, development and demonstration",D,Nuclear fission and fusion,EUR_R,Euro (constant prices and exchange rates),2021,2021,A,Annual,1.948,1.948,6,Millions,I,Imputed Value,F,Non-confidential,3,3
OECD.IEA:RDDPRIVATE(1.1),Private sector energy technology RD&D expenditures,ITALY,Italy,PRIVATE,Private sector,RDD,"Research, development and demonstration",D,Nuclear fission and fusion,EUR_R,Euro (constant prices and exchange rates),2022,2022,A,Annual,6.404,6.404,6,Millions,I,Imputed Value,F,Non-confidential,3,3
OECD.IEA:RDDPRIVATE(1.1),Private sector energy technology RD&D expenditures,ITALY,Italy,PRIVATE,Private sector,RDD,"Research, development and demonstration",D,Nuclear fission and fusion,EUR_R,Euro (constant prices and exchange rates),2023,2023,A,Annual,23.112,23.112,6,Millions,I,Imputed Value,F,Non-confidential,3,3
OECD.IEA:RDDPRIVATE(1.1),Private sector energy technology RD&D expenditures,ITALY,Italy,PRIVATE,Private sector,RDD,"Research, development and demonstration",D,Nuclear fission and fusion,NC_N,National currency (nominal),2013,2013,A,Annual,2.698,2.698,6,Millions,A,Normal Value,F,Non-confidential,3,3
OECD.IEA:RDDPRIVATE(1.1),Private sector energy technology RD&D expenditures,ITALY,Italy,PRIVATE,Private sector,RDD,"Research, development and demonstration",D,Nuclear fission and fusion,NC_N,National currency (nominal),2014,2014,A,Annual,1.223,1.223,6,Millions,A,Normal Value,F,Non-confidential,3,3
OECD.IEA:RDDPRIVATE(1.1),Private sector energy technology RD&D expenditures,ITALY,Italy,PRIVATE,Private sector,RDD,"Research, development and demonstration",D,Nuclear fission and fusion,NC_N,National currency (nominal),2015,2015,A,Annual,2.507,2.507,6,Millions,A,Normal Value,F,Non-confidential,3,3
OECD.IEA:RDDPRIVATE(1.1),Private sector energy technology RD&D expenditures,ITALY,Italy,PRIVATE,Private sector,RDD,"Research, development and demonstration",D,Nuclear fission and fusion,NC_N,National currency (nominal),2016,2016,A,Annual,2.353,2.353,6,Millions,A,Normal Value,F,Non-confidential,3,3
OECD.IEA:RDDPRIVATE(1.1),Private sector energy technology RD&D expenditures,ITALY,Italy,PRIVATE,Private sector,RDD,"Research, development and demonstration",D,Nuclear fission and fusion,NC_N,National currency (nominal),2017,2017,A,Annual,2.396,2.396,6,Millions,A,Normal Value,F,Non-confidential,3,3
OECD.IEA:RDDPRIVATE(1.1),Private sector energy technology RD&D expenditures,ITALY,Italy,PRIVATE,Private sector,RDD,"Research, development and demonstration",D,Nuclear fission and fusion,NC_N,National currency (nominal),2018,2018,A,Annual,2.466,2.466,6,Millions,A,Normal Value,F,Non-confidential,3,3
OECD.IEA:RDDPRIVATE(1.1),Private sector energy technology RD&D expenditures,ITALY,Italy,PRIVATE,Private sector,RDD,"Research, development and demonstration",D,Nuclear fission and fusion,NC_N,National currency (nominal),2019,2019,A,Annual,9.698,9.698,6,Millions,A,Normal Value,F,Non-confidential,3,3
OECD.IEA:RDDPRIVATE(1.1),Private sector energy technology RD&D expenditures,ITALY,Italy,PRIVATE,Private sector,RDD,"Research, development and demonstration",D,Nuclear fission and fusion,NC_N,National currency (nominal),2020,2020,A,Annual,2.888,2.888,6,Millions,A,Normal Value,F,Non-confidential,3,3
OECD.IEA:RDDPRIVATE(1.1),Private sector energy technology RD&D expenditures,ITALY,Italy,PRIVATE,Private sector,RDD,"Research, development and demonstration",D,Nuclear fission and fusion,NC_N,National currency (nominal),2021,2021,A,Annual,1.706,1.706,6,Millions,A,Normal Value,F,Non-confidential,3,3
OECD.IEA:RDDPRIVATE(1.1),Private sector energy technology RD&D expenditures,ITALY,Italy,PRIVATE,Private sector,RDD,"Research, development and demonstration",D,Nuclear fission and fusion,NC_N,National currency (nominal),2022,2022,A,Annual,5.803,5.803,6,Millions,A,Normal Value,F,Non-confidential,3,3
OECD.IEA:RDDPRIVATE(1.1),Private sector energy technology RD&D expenditures,ITALY,Italy,PRIVATE,Private sector,RDD,"Research, development and demonstration",D,Nuclear fission and fusion,NC_N,National currency (nominal),2023,2023,A,Annual,22.242,22.242,6,Millions,A,Normal Value,F,Non-confidential,3,3
OECD.IEA:RDDPRIVATE(1.1),Private sector energy technology RD&D expenditures,ITALY,Italy,PRIVATE,Private sector,RDD,"Research, development and demonstration",D,Nuclear fission and fusion,NC_R,National currency (constant prices),2013,2013,A,Annual,3.359,3.359,6,Millions,I,Imputed Value,F,Non-confidential,3,3
OECD.IEA:RDDPRIVATE(1.1),Private sector energy technology RD&D expenditures,ITALY,Italy,PRIVATE,Private sector,RDD,"Research, development and demonstration",D,Nuclear fission and fusion,NC_R,National currency (constant prices),2014,2014,A,Annual,1.509,1.509,6,Millions,I,Imputed Value,F,Non-confidential,3,3
OECD.IEA:RDDPRIVATE(1.1),Private sector energy technology RD&D expenditures,ITALY,Italy,PRIVATE,Private sector,RDD,"Research, development and demonstration",D,Nuclear fission and fusion,NC_R,National currency (constant prices),2015,2015,A,Annual,3.069,3.069,6,Millions,I,Imputed Value,F,Non-confidential,3,3
OECD.IEA:RDDPRIVATE(1.1),Private sector energy technology RD&D expenditures,ITALY,Italy,PRIVATE,Private sector,RDD,"Research, development and demonstration",D,Nuclear fission and fusion,NC_R,National currency (constant prices),2016,2016,A,Annual,2.846,2.846,6,Millions,I,Imputed Value,F,Non-confidential,3,3
OECD.IEA:RDDPRIVATE(1.1),Private sector energy technology RD&D expenditures,ITALY,Italy,PRIVATE,Private sector,RDD,"Research, development and demonstration",D,Nuclear fission and fusion,NC_R,National currency (constant prices),2017,2017,A,Annual,2.878,2.878,6,Millions,I,Imputed Value,F,Non-confidential,3,3
OECD.IEA:RDDPRIVATE(1.1),Private sector energy technology RD&D expenditures,ITALY,Italy,PRIVATE,Private sector,RDD,"Research, development and demonstration",D,Nuclear fission and fusion,NC_R,National currency (constant prices),2018,2018,A,Annual,2.928,2.928,6,Millions,I,Imputed Value,F,Non-confidential,3,3
OECD.IEA:RDDPRIVATE(1.1),Private sector energy technology RD&D expenditures,ITALY,Italy,PRIVATE,Private sector,RDD,"Research, development and demonstration",D,Nuclear fission and fusion,NC_R,National currency (constant prices),2019,2019,A,Annual,11.399,11.399,6,Millions,I,Imputed Value,F,Non-confidential,3,3
OECD.IEA:RDDPRIVATE(1.1),Private sector energy technology RD&D expenditures,ITALY,Italy,PRIVATE,Private sector,RDD,"Research, development and demonstration",D,Nuclear fission and fusion,NC_R,National currency (constant prices),2020,2020,A,Annual,3.345,3.345,6,Millions,I,Imputed Value,F,Non-confidential,3,3
OECD.IEA:RDDPRIVATE(1.1),Private sector energy technology RD&D expenditures,ITALY,Italy,PRIVATE,Private sector,RDD,"Research, development and demonstration",D,Nuclear fission and fusion,NC_R,National currency (constant prices),2021,2021,A,Annual,1.948,1.948,6,Millions,I,Imputed Value,F,Non-confidential,3,3
OECD.IEA:RDDPRIVATE(1.1),Private sector energy technology RD&D expenditures,ITALY,Italy,PRIVATE,Private sector,RDD,"Research, development and demonstration",D,Nuclear fission and fusion,NC_R,National currency (constant prices),2022,2022,A,Annual,6.404,6.404,6,Millions,I,Imputed Value,F,Non-confidential,3,3
OECD.IEA:RDDPRIVATE(1.1),Private sector energy technology RD&D expenditures,ITALY,Italy,PRIVATE,Private sector,RDD,"Research, development and demonstration",D,Nuclear fission and fusion,NC_R,National currency (constant prices),2023,2023,A,Annual,23.112,23.112,6,Millions,I,Imputed Value,F,Non-confidential,3,3
OECD.IEA:RDDPRIVATE(1.1),Private sector energy technology RD&D expenditures,ITALY,Italy,PRIVATE,Private sector,RDD,"Research, development and demonstration",D,Nuclear fission and fusion,USD_R,USD (constant prices and exchange rates),2013,2013,A,Annual,3.795,3.795,6,Millions,I,Imputed Value,F,Non-confidential,3,3
OECD.IEA:RDDPRIVATE(1.1),Private sector energy technology RD&D expenditures,ITALY,Italy,PRIVATE,Private sector,RDD,"Research, development and demonstration",D,Nuclear fission and fusion,USD_R,USD (constant prices and exchange rates),2014,2014,A,Annual,1.705,1.705,6,Millions,I,Imputed Value,F,Non-confidential,3,3
OECD.IEA:RDDPRIVATE(1.1),Private sector energy technology RD&D expenditures,ITALY,Italy,PRIVATE,Private sector,RDD,"Research, development and demonstration",D,Nuclear fission and fusion,USD_R,USD (constant prices and exchange rates),2015,2015,A,Annual,3.468,3.468,6,Millions,I,Imputed Value,F,Non-confidential,3,3
OECD.IEA:RDDPRIVATE(1.1),Private sector energy technology RD&D expenditures,ITALY,Italy,PRIVATE,Private sector,RDD,"Research, development and demonstration",D,Nuclear fission and fusion,USD_R,USD (constant prices and exchange rates),2016,2016,A,Annual,3.216,3.216,6,Millions,I,Imputed Value,F,Non-confidential,3,3
OECD.IEA:RDDPRIVATE(1.1),Private sector energy technology RD&D expenditures,ITALY,Italy,PRIVATE,Private sector,RDD,"Research, development and demonstration",D,Nuclear fission and fusion,USD_R,USD (constant prices and exchange rates),2017,2017,A,Annual,3.252,3.252,6,Millions,I,Imputed Value,F,Non-confidential,3,3
OECD.IEA:RDDPRIVATE(1.1),Private sector energy technology RD&D expenditures,ITALY,Italy,PRIVATE,Private sector,RDD,"Research, development and demonstration",D,Nuclear fission and fusion,USD_R,USD (constant prices and exchange rates),2018,2018,A,Annual,3.309,3.309,6,Millions,I,Imputed Value,F,Non-confidential,3,3
OECD.IEA:RDDPRIVATE(1.1),Private sector energy technology RD&D expenditures,ITALY,Italy,PRIVATE,Private sector,RDD,"Research, development and demonstration",D,Nuclear fission and fusion,USD_R,USD (constant prices and exchange rates),2019,2019,A,Annual,12.881,12.881,6,Millions,I,Imputed Value,F,Non-confidential,3,3
OECD.IEA:RDDPRIVATE(1.1),Private sector energy technology RD&D expenditures,ITALY,Italy,PRIVATE,Private sector,RDD,"Research, development and demonstration",D,Nuclear fission and fusion,USD_R,USD (constant prices and exchange rates),2020,2020,A,Annual,3.78,3.78,6,Millions,I,Imputed Value,F,Non-confidential,3,3
OECD.IEA:RDDPRIVATE(1.1),Private sector energy technology RD&D expenditures,ITALY,Italy,PRIVATE,Private sector,RDD,"Research, development and demonstration",D,Nuclear fission and fusion,USD_R,USD (constant prices and exchange rates),2021,2021,A,Annual,2.201,2.201,6,Millions,I,Imputed Value,F,Non-confidential,3,3
OECD.IEA:RDDPRIVATE(1.1),Private sector energy technology RD&D expenditures,ITALY,Italy,PRIVATE,Private sector,RDD,"Research, development and demonstration",D,Nuclear fission and fusion,USD_R,USD (constant prices and exchange rates),2022,2022,A,Annual,7.237,7.237,6,Millions,I,Imputed Value,F,Non-confidential,3,3
OECD.IEA:RDDPRIVATE(1.1),Private sector energy technology RD&D expenditures,ITALY,Italy,PRIVATE,Private sector,RDD,"Research, development and demonstration",D,Nuclear fission and fusion,USD_R,USD (constant prices and exchange rates),2023,2023,A,Annual,26.116,26.116,6,Millions,I,Imputed Value,F,Non-confidential,3,3
OECD.IEA:RDDPRIVATE(1.1),Private sector energy technology RD&D expenditures,ITALY,Italy,PRIVATE,Private sector,RDD,"Research, development and demonstration",D,Nuclear fission and fusion,USD_R_PPP,USD (constant prices and PPP),2013,2013,A,Annual,5.57,5.57,6,Millions,I,Imputed Value,F,Non-confidential,3,3
OECD.IEA:RDDPRIVATE(1.1),Private sector energy technology RD&D expenditures,ITALY,Italy,PRIVATE,Private sector,RDD,"Research, development and demonstration",D,Nuclear fission and fusion,USD_R_PPP,USD (constant prices and PPP),2014,2014,A,Annual,2.502,2.502,6,Millions,I,Imputed Value,F,Non-confidential,3,3
OECD.IEA:RDDPRIVATE(1.1),Private sector energy technology RD&D expenditures,ITALY,Italy,PRIVATE,Private sector,RDD,"Research, development and demonstration",D,Nuclear fission and fusion,USD_R_PPP,USD (constant prices and PPP),2015,2015,A,Annual,5.089,5.089,6,Millions,I,Imputed Value,F,Non-confidential,3,3
OECD.IEA:RDDPRIVATE(1.1),Private sector energy technology RD&D expenditures,ITALY,Italy,PRIVATE,Private sector,RDD,"Research, development and demonstration",D,Nuclear fission and fusion,USD_R_PPP,USD (constant prices and PPP),2016,2016,A,Annual,4.719,4.719,6,Millions,I,Imputed Value,F,Non-confidential,3,3
OECD.IEA:RDDPRIVATE(1.1),Private sector energy technology RD&D expenditures,ITALY,Italy,PRIVATE,Private sector,RDD,"Research, development and demonstration",D,Nuclear fission and fusion,USD_R_PPP,USD (constant prices and PPP),2017,2017,A,Annual,4.772,4.772,6,Millions,I,Imputed Value,F,Non-confidential,3,3
OECD.IEA:RDDPRIVATE(1.1),Private sector energy technology RD&D expenditures,ITALY,Italy,PRIVATE,Private sector,RDD,"Research, development and demonstration",D,Nuclear fission and fusion,USD_R_PPP,USD (constant prices and PPP),2018,2018,A,Annual,4.856,4.856,6,Millions,I,Imputed Value,F,Non-confidential,3,3
OECD.IEA:RDDPRIVATE(1.1),Private sector energy technology RD&D expenditures,ITALY,Italy,PRIVATE,Private sector,RDD,"Research, development and demonstration",D,Nuclear fission and fusion,USD_R_PPP,USD (constant prices and PPP),2019,2019,A,Annual,18.904,18.904,6,Millions,I,Imputed Value,F,Non-confidential,3,3
OECD.IEA:RDDPRIVATE(1.1),Private sector energy technology RD&D expenditures,ITALY,Italy,PRIVATE,Private sector,RDD,"Research, development and demonstration",D,Nuclear fission and fusion,USD_R_PPP,USD (constant prices and PPP),2020,2020,A,Annual,5.547,5.547,6,Millions,I,Imputed Value,F,Non-confidential,3,3
OECD.IEA:RDDPRIVATE(1.1),Private sector energy technology RD&D expenditures,ITALY,Italy,PRIVATE,Private sector,RDD,"Research, development and demonstration",D,Nuclear fission and fusion,USD_R_PPP,USD (constant prices and PPP),2021,2021,A,Annual,3.231,3.231,6,Millions,I,Imputed Value,F,Non-confidential,3,3
OECD.IEA:RDDPRIVATE(1.1),Private sector energy technology RD&D expenditures,ITALY,Italy,PRIVATE,Private sector,RDD,"Research, development and demonstration",D,Nuclear fission and fusion,USD_R_PPP,USD (constant prices and PPP),2022,2022,A,Annual,10.62,10.62,6,Millions,I,Imputed Value,F,Non-confidential,3,3
OECD.IEA:RDDPRIVATE(1.1),Private sector energy technology RD&D expenditures,ITALY,Italy,PRIVATE,Private sector,RDD,"Research, development and demonstration",D,Nuclear fission and fusion,USD_R_PPP,USD (constant prices and PPP),2023,2023,A,Annual,38.327,38.327,6,Millions,I,Imputed Value,F,Non-confidential,3,3
OECD.IEA:RDDPRIVATE(1.1),Private sector energy technology RD&D expenditures,ITALY,Italy,PRIVATE,Private sector,RDD,"Research, development and demonstration",E,"Hydrogen, hydrogen-based fuels and fuel cells",EUR_R,Euro (constant prices and exchange rates),2013,2013,A,Annual,11.077,11.077,6,Millions,I,Imputed Value,F,Non-confidential,3,3
OECD.IEA:RDDPRIVATE(1.1),Private sector energy technology RD&D expenditures,ITALY,Italy,PRIVATE,Private sector,RDD,"Research, development and demonstration",E,"Hydrogen, hydrogen-based fuels and fuel cells",EUR_R,Euro (constant prices and exchange rates),2014,2014,A,Annual,9.593,9.593,6,Millions,I,Imputed Value,F,Non-confidential,3,3
OECD.IEA:RDDPRIVATE(1.1),Private sector energy technology RD&D expenditures,ITALY,Italy,PRIVATE,Private sector,RDD,"Research, development and demonstration",E,"Hydrogen, hydrogen-based fuels and fuel cells",EUR_R,Euro (constant prices and exchange rates),2015,2015,A,Annual,8.44,8.44,6,Millions,I,Imputed Value,F,Non-confidential,3,3
OECD.IEA:RDDPRIVATE(1.1),Private sector energy technology RD&D expenditures,ITALY,Italy,PRIVATE,Private sector,RDD,"Research, development and demonstration",E,"Hydrogen, hydrogen-based fuels and fuel cells",EUR_R,Euro (constant prices and exchange rates),2016,2016,A,Annual,13.005,13.005,6,Millions,I,Imputed Value,F,Non-confidential,3,3
OECD.IEA:RDDPRIVATE(1.1),Private sector energy technology RD&D expenditures,ITALY,Italy,PRIVATE,Private sector,RDD,"Research, development and demonstration",E,"Hydrogen, hydrogen-based fuels and fuel cells",EUR_R,Euro (constant prices and exchange rates),2017,2017,A,Annual,13.152,13.152,6,Millions,I,Imputed Value,F,Non-confidential,3,3
OECD.IEA:RDDPRIVATE(1.1),Private sector energy technology RD&D expenditures,ITALY,Italy,PRIVATE,Private sector,RDD,"Research, development and demonstration",E,"Hydrogen, hydrogen-based fuels and fuel cells",EUR_R,Euro (constant prices and exchange rates),2018,2018,A,Annual,13.38,13.38,6,Millions,I,Imputed Value,F,Non-confidential,3,3
OECD.IEA:RDDPRIVATE(1.1),Private sector energy technology RD&D expenditures,ITALY,Italy,PRIVATE,Private sector,RDD,"Research, development and demonstration",E,"Hydrogen, hydrogen-based fuels and fuel cells",EUR_R,Euro (constant prices and exchange rates),2019,2019,A,Annual,13.02,13.02,6,Millions,I,Imputed Value,F,Non-confidential,3,3
OECD.IEA:RDDPRIVATE(1.1),Private sector energy technology RD&D expenditures,ITALY,Italy,PRIVATE,Private sector,RDD,"Research, development and demonstration",E,"Hydrogen, hydrogen-based fuels and fuel cells",EUR_R,Euro (constant prices and exchange rates),2020,2020,A,Annual,26.462,26.462,6,Millions,I,Imputed Value,F,Non-confidential,3,3
OECD.IEA:RDDPRIVATE(1.1),Private sector energy technology RD&D expenditures,ITALY,Italy,PRIVATE,Private sector,RDD,"Research, development and demonstration",E,"Hydrogen, hydrogen-based fuels and fuel cells",EUR_R,Euro (constant prices and exchange rates),2021,2021,A,Annual,27.249,27.249,6,Millions,I,Imputed Value,F,Non-confidential,3,3
OECD.IEA:RDDPRIVATE(1.1),Private sector energy technology RD&D expenditures,ITALY,Italy,PRIVATE,Private sector,RDD,"Research, development and demonstration",E,"Hydrogen, hydrogen-based fuels and fuel cells",EUR_R,Euro (constant prices and exchange rates),2022,2022,A,Annual,24.968,24.968,6,Millions,I,Imputed Value,F,Non-confidential,3,3
OECD.IEA:RDDPRIVATE(1.1),Private sector energy technology RD&D expenditures,ITALY,Italy,PRIVATE,Private sector,RDD,"Research, development and demonstration",E,"Hydrogen, hydrogen-based fuels and fuel cells",EUR_R,Euro (constant prices and exchange rates),2023,2023,A,Annual,37.032,37.032,6,Millions,I,Imputed Value,F,Non-confidential,3,3
OECD.IEA:RDDPRIVATE(1.1),Private sector energy technology RD&D expenditures,ITALY,Italy,PRIVATE,Private sector,RDD,"Research, development and demonstration",E,"Hydrogen, hydrogen-based fuels and fuel cells",NC_N,National currency (nominal),2013,2013,A,Annual,8.898,8.898,6,Millions,A,Normal Value,F,Non-confidential,3,3
OECD.IEA:RDDPRIVATE(1.1),Private sector energy technology RD&D expenditures,ITALY,Italy,PRIVATE,Private sector,RDD,"Research, development and demonstration",E,"Hydrogen, hydrogen-based fuels and fuel cells",NC_N,National currency (nominal),2014,2014,A,Annual,7.777,7.777,6,Millions,A,Normal Value,F,Non-confidential,3,3
OECD.IEA:RDDPRIVATE(1.1),Private sector energy technology RD&D expenditures,ITALY,Italy,PRIVATE,Private sector,RDD,"Research, development and demonstration",E,"Hydrogen, hydrogen-based fuels and fuel cells",NC_N,National currency (nominal),2015,2015,A,Annual,6.895,6.895,6,Millions,A,Normal Value,F,Non-confidential,3,3
OECD.IEA:RDDPRIVATE(1.1),Private sector energy technology RD&D expenditures,ITALY,Italy,PRIVATE,Private sector,RDD,"Research, development and demonstration",E,"Hydrogen, hydrogen-based fuels and fuel cells",NC_N,National currency (nominal),2016,2016,A,Annual,10.753,10.753,6,Millions,A,Normal Value,F,Non-confidential,3,3
OECD.IEA:RDDPRIVATE(1.1),Private sector energy technology RD&D expenditures,ITALY,Italy,PRIVATE,Private sector,RDD,"Research, development and demonstration",E,"Hydrogen, hydrogen-based fuels and fuel cells",NC_N,National currency (nominal),2017,2017,A,Annual,10.951,10.951,6,Millions,A,Normal Value,F,Non-confidential,3,3
OECD.IEA:RDDPRIVATE(1.1),Private sector energy technology RD&D expenditures,ITALY,Italy,PRIVATE,Private sector,RDD,"Research, development and demonstration",E,"Hydrogen, hydrogen-based fuels and fuel cells",NC_N,National currency (nominal),2018,2018,A,Annual,11.269,11.269,6,Millions,A,Normal Value,F,Non-confidential,3,3
OECD.IEA:RDDPRIVATE(1.1),Private sector energy technology RD&D expenditures,ITALY,Italy,PRIVATE,Private sector,RDD,"Research, development and demonstration",E,"Hydrogen, hydrogen-based fuels and fuel cells",NC_N,National currency (nominal),2019,2019,A,Annual,11.077,11.077,6,Millions,A,Normal Value,F,Non-confidential,3,3
OECD.IEA:RDDPRIVATE(1.1),Private sector energy technology RD&D expenditures,ITALY,Italy,PRIVATE,Private sector,RDD,"Research, development and demonstration",E,"Hydrogen, hydrogen-based fuels and fuel cells",NC_N,National currency (nominal),2020,2020,A,Annual,22.847,22.847,6,Millions,A,Normal Value,F,Non-confidential,3,3
OECD.IEA:RDDPRIVATE(1.1),Private sector energy technology RD&D expenditures,ITALY,Italy,PRIVATE,Private sector,RDD,"Research, development and demonstration",E,"Hydrogen, hydrogen-based fuels and fuel cells",NC_N,National currency (nominal),2021,2021,A,Annual,23.863,23.863,6,Millions,A,Normal Value,F,Non-confidential,3,3
OECD.IEA:RDDPRIVATE(1.1),Private sector energy technology RD&D expenditures,ITALY,Italy,PRIVATE,Private sector,RDD,"Research, development and demonstration",E,"Hydrogen, hydrogen-based fuels and fuel cells",NC_N,National currency (nominal),2022,2022,A,Annual,22.624,22.624,6,Millions,A,Normal Value,F,Non-confidential,3,3
OECD.IEA:RDDPRIVATE(1.1),Private sector energy technology RD&D expenditures,ITALY,Italy,PRIVATE,Private sector,RDD,"Research, development and demonstration",E,"Hydrogen, hydrogen-based fuels and fuel cells",NC_N,National currency (nominal),2023,2023,A,Annual,35.638,35.638,6,Millions,A,Normal Value,F,Non-confidential,3,3
OECD.IEA:RDDPRIVATE(1.1),Private sector energy technology RD&D expenditures,ITALY,Italy,PRIVATE,Private sector,RDD,"Research, development and demonstration",E,"Hydrogen, hydrogen-based fuels and fuel cells",NC_R,National currency (constant prices),2013,2013,A,Annual,11.077,11.077,6,Millions,I,Imputed Value,F,Non-confidential,3,3
OECD.IEA:RDDPRIVATE(1.1),Private sector energy technology RD&D expenditures,ITALY,Italy,PRIVATE,Private sector,RDD,"Research, development and demonstration",E,"Hydrogen, hydrogen-based fuels and fuel cells",NC_R,National currency (constant prices),2014,2014,A,Annual,9.593,9.593,6,Millions,I,Imputed Value,F,Non-confidential,3,3
OECD.IEA:RDDPRIVATE(1.1),Private sector energy technology RD&D expenditures,ITALY,Italy,PRIVATE,Private sector,RDD,"Research, development and demonstration",E,"Hydrogen, hydrogen-based fuels and fuel cells",NC_R,National currency (constant prices),2015,2015,A,Annual,8.44,8.44,6,Millions,I,Imputed Value,F,Non-confidential,3,3
OECD.IEA:RDDPRIVATE(1.1),Private sector energy technology RD&D expenditures,ITALY,Italy,PRIVATE,Private sector,RDD,"Research, development and demonstration",E,"Hydrogen, hydrogen-based fuels and fuel cells",NC_R,National currency (constant prices),2016,2016,A,Annual,13.005,13.005,6,Millions,I,Imputed Value,F,Non-confidential,3,3
OECD.IEA:RDDPRIVATE(1.1),Private sector energy technology RD&D expenditures,ITALY,Italy,PRIVATE,Private sector,RDD,"Research, development and demonstration",E,"Hydrogen, hydrogen-based fuels and fuel cells",NC_R,National currency (constant prices),2017,2017,A,Annual,13.152,13.152,6,Millions,I,Imputed Value,F,Non-confidential,3,3
OECD.IEA:RDDPRIVATE(1.1),Private sector energy technology RD&D expenditures,ITALY,Italy,PRIVATE,Private sector,RDD,"Research, development and demonstration",E,"Hydrogen, hydrogen-based fuels and fuel cells",NC_R,National currency (constant prices),2018,2018,A,Annual,13.38,13.38,6,Millions,I,Imputed Value,F,Non-confidential,3,3
OECD.IEA:RDDPRIVATE(1.1),Private sector energy technology RD&D expenditures,ITALY,Italy,PRIVATE,Private sector,RDD,"Research, development and demonstration",E,"Hydrogen, hydrogen-based fuels and fuel cells",NC_R,National currency (constant prices),2019,2019,A,Annual,13.02,13.02,6,Millions,I,Imputed Value,F,Non-confidential,3,3
OECD.IEA:RDDPRIVATE(1.1),Private sector energy technology RD&D expenditures,ITALY,Italy,PRIVATE,Private sector,RDD,"Research, development and demonstration",E,"Hydrogen, hydrogen-based fuels and fuel cells",NC_R,National currency (constant prices),2020,2020,A,Annual,26.462,26.462,6,Millions,I,Imputed Value,F,Non-confidential,3,3
OECD.IEA:RDDPRIVATE(1.1),Private sector energy technology RD&D expenditures,ITALY,Italy,PRIVATE,Private sector,RDD,"Research, development and demonstration",E,"Hydrogen, hydrogen-based fuels and fuel cells",NC_R,National currency (constant prices),2021,2021,A,Annual,27.249,27.249,6,Millions,I,Imputed Value,F,Non-confidential,3,3
OECD.IEA:RDDPRIVATE(1.1),Private sector energy technology RD&D expenditures,ITALY,Italy,PRIVATE,Private sector,RDD,"Research, development and demonstration",E,"Hydrogen, hydrogen-based fuels and fuel cells",NC_R,National currency (constant prices),2022,2022,A,Annual,24.968,24.968,6,Millions,I,Imputed Value,F,Non-confidential,3,3
OECD.IEA:RDDPRIVATE(1.1),Private sector energy technology RD&D expenditures,ITALY,Italy,PRIVATE,Private sector,RDD,"Research, development and demonstration",E,"Hydrogen, hydrogen-based fuels and fuel cells",NC_R,National currency (constant prices),2023,2023,A,Annual,37.032,37.032,6,Millions,I,Imputed Value,F,Non-confidential,3,3
OECD.IEA:RDDPRIVATE(1.1),Private sector energy technology RD&D expenditures,ITALY,Italy,PRIVATE,Private sector,RDD,"Research, development and demonstration",E,"Hydrogen, hydrogen-based fuels and fuel cells",USD_R,USD (constant prices and exchange rates),2013,2013,A,Annual,12.517,12.517,6,Millions,I,Imputed Value,F,Non-confidential,3,3
OECD.IEA:RDDPRIVATE(1.1),Private sector energy technology RD&D expenditures,ITALY,Italy,PRIVATE,Private sector,RDD,"Research, development and demonstration",E,"Hydrogen, hydrogen-based fuels and fuel cells",USD_R,USD (constant prices and exchange rates),2014,2014,A,Annual,10.84,10.84,6,Millions,I,Imputed Value,F,Non-confidential,3,3
OECD.IEA:RDDPRIVATE(1.1),Private sector energy technology RD&D expenditures,ITALY,Italy,PRIVATE,Private sector,RDD,"Research, development and demonstration",E,"Hydrogen, hydrogen-based fuels and fuel cells",USD_R,USD (constant prices and exchange rates),2015,2015,A,Annual,9.537,9.537,6,Millions,I,Imputed Value,F,Non-confidential,3,3
OECD.IEA:RDDPRIVATE(1.1),Private sector energy technology RD&D expenditures,ITALY,Italy,PRIVATE,Private sector,RDD,"Research, development and demonstration",E,"Hydrogen, hydrogen-based fuels and fuel cells",USD_R,USD (constant prices and exchange rates),2016,2016,A,Annual,14.696,14.696,6,Millions,I,Imputed Value,F,Non-confidential,3,3
OECD.IEA:RDDPRIVATE(1.1),Private sector energy technology RD&D expenditures,ITALY,Italy,PRIVATE,Private sector,RDD,"Research, development and demonstration",E,"Hydrogen, hydrogen-based fuels and fuel cells",USD_R,USD (constant prices and exchange rates),2017,2017,A,Annual,14.862,14.862,6,Millions,I,Imputed Value,F,Non-confidential,3,3
OECD.IEA:RDDPRIVATE(1.1),Private sector energy technology RD&D expenditures,ITALY,Italy,PRIVATE,Private sector,RDD,"Research, development and demonstration",E,"Hydrogen, hydrogen-based fuels and fuel cells",USD_R,USD (constant prices and exchange rates),2018,2018,A,Annual,15.119,15.119,6,Millions,I,Imputed Value,F,Non-confidential,3,3
OECD.IEA:RDDPRIVATE(1.1),Private sector energy technology RD&D expenditures,ITALY,Italy,PRIVATE,Private sector,RDD,"Research, development and demonstration",E,"Hydrogen, hydrogen-based fuels and fuel cells",USD_R,USD (constant prices and exchange rates),2019,2019,A,Annual,14.713,14.713,6,Millions,I,Imputed Value,F,Non-confidential,3,3
OECD.IEA:RDDPRIVATE(1.1),Private sector energy technology RD&D expenditures,ITALY,Italy,PRIVATE,Private sector,RDD,"Research, development and demonstration",E,"Hydrogen, hydrogen-based fuels and fuel cells",USD_R,USD (constant prices and exchange rates),2020,2020,A,Annual,29.902,29.902,6,Millions,I,Imputed Value,F,Non-confidential,3,3
OECD.IEA:RDDPRIVATE(1.1),Private sector energy technology RD&D expenditures,ITALY,Italy,PRIVATE,Private sector,RDD,"Research, development and demonstration",E,"Hydrogen, hydrogen-based fuels and fuel cells",USD_R,USD (constant prices and exchange rates),2021,2021,A,Annual,30.791,30.791,6,Millions,I,Imputed Value,F,Non-confidential,3,3
OECD.IEA:RDDPRIVATE(1.1),Private sector energy technology RD&D expenditures,ITALY,Italy,PRIVATE,Private sector,RDD,"Research, development and demonstration",E,"Hydrogen, hydrogen-based fuels and fuel cells",USD_R,USD (constant prices and exchange rates),2022,2022,A,Annual,28.214,28.214,6,Millions,I,Imputed Value,F,Non-confidential,3,3
OECD.IEA:RDDPRIVATE(1.1),Private sector energy technology RD&D expenditures,ITALY,Italy,PRIVATE,Private sector,RDD,"Research, development and demonstration",E,"Hydrogen, hydrogen-based fuels and fuel cells",USD_R,USD (constant prices and exchange rates),2023,2023,A,Annual,41.846,41.846,6,Millions,I,Imputed Value,F,Non-confidential,3,3
OECD.IEA:RDDPRIVATE(1.1),Private sector energy technology RD&D expenditures,ITALY,Italy,PRIVATE,Private sector,RDD,"Research, development and demonstration",E,"Hydrogen, hydrogen-based fuels and fuel cells",USD_R_PPP,USD (constant prices and PPP),2013,2013,A,Annual,18.37,18.37,6,Millions,I,Imputed Value,F,Non-confidential,3,3
OECD.IEA:RDDPRIVATE(1.1),Private sector energy technology RD&D expenditures,ITALY,Italy,PRIVATE,Private sector,RDD,"Research, development and demonstration",E,"Hydrogen, hydrogen-based fuels and fuel cells",USD_R_PPP,USD (constant prices and PPP),2014,2014,A,Annual,15.908,15.908,6,Millions,I,Imputed Value,F,Non-confidential,3,3
OECD.IEA:RDDPRIVATE(1.1),Private sector energy technology RD&D expenditures,ITALY,Italy,PRIVATE,Private sector,RDD,"Research, development and demonstration",E,"Hydrogen, hydrogen-based fuels and fuel cells",USD_R_PPP,USD (constant prices and PPP),2015,2015,A,Annual,13.996,13.996,6,Millions,I,Imputed Value,F,Non-confidential,3,3
OECD.IEA:RDDPRIVATE(1.1),Private sector energy technology RD&D expenditures,ITALY,Italy,PRIVATE,Private sector,RDD,"Research, development and demonstration",E,"Hydrogen, hydrogen-based fuels and fuel cells",USD_R_PPP,USD (constant prices and PPP),2016,2016,A,Annual,21.567,21.567,6,Millions,I,Imputed Value,F,Non-confidential,3,3
OECD.IEA:RDDPRIVATE(1.1),Private sector energy technology RD&D expenditures,ITALY,Italy,PRIVATE,Private sector,RDD,"Research, development and demonstration",E,"Hydrogen, hydrogen-based fuels and fuel cells",USD_R_PPP,USD (constant prices and PPP),2017,2017,A,Annual,21.811,21.811,6,Millions,I,Imputed Value,F,Non-confidential,3,3
OECD.IEA:RDDPRIVATE(1.1),Private sector energy technology RD&D expenditures,ITALY,Italy,PRIVATE,Private sector,RDD,"Research, development and demonstration",E,"Hydrogen, hydrogen-based fuels and fuel cells",USD_R_PPP,USD (constant prices and PPP),2018,2018,A,Annual,22.189,22.189,6,Millions,I,Imputed Value,F,Non-confidential,3,3
OECD.IEA:RDDPRIVATE(1.1),Private sector energy technology RD&D expenditures,ITALY,Italy,PRIVATE,Private sector,RDD,"Research, development and demonstration",E,"Hydrogen, hydrogen-based fuels and fuel cells",USD_R_PPP,USD (constant prices and PPP),2019,2019,A,Annual,21.592,21.592,6,Millions,I,Imputed Value,F,Non-confidential,3,3
OECD.IEA:RDDPRIVATE(1.1),Private sector energy technology RD&D expenditures,ITALY,Italy,PRIVATE,Private sector,RDD,"Research, development and demonstration",E,"Hydrogen, hydrogen-based fuels and fuel cells",USD_R_PPP,USD (constant prices and PPP),2020,2020,A,Annual,43.883,43.883,6,Millions,I,Imputed Value,F,Non-confidential,3,3
OECD.IEA:RDDPRIVATE(1.1),Private sector energy technology RD&D expenditures,ITALY,Italy,PRIVATE,Private sector,RDD,"Research, development and demonstration",E,"Hydrogen, hydrogen-based fuels and fuel cells",USD_R_PPP,USD (constant prices and PPP),2021,2021,A,Annual,45.188,45.188,6,Millions,I,Imputed Value,F,Non-confidential,3,3
OECD.IEA:RDDPRIVATE(1.1),Private sector energy technology RD&D expenditures,ITALY,Italy,PRIVATE,Private sector,RDD,"Research, development and demonstration",E,"Hydrogen, hydrogen-based fuels and fuel cells",USD_R_PPP,USD (constant prices and PPP),2022,2022,A,Annual,41.405,41.405,6,Millions,I,Imputed Value,F,Non-confidential,3,3
OECD.IEA:RDDPRIVATE(1.1),Private sector energy technology RD&D expenditures,ITALY,Italy,PRIVATE,Private sector,RDD,"Research, development and demonstration",E,"Hydrogen, hydrogen-based fuels and fuel cells",USD_R_PPP,USD (constant prices and PPP),2023,2023,A,Annual,61.411,61.411,6,Millions,I,Imputed Value,F,Non-confidential,3,3
OECD.IEA:RDDPRIVATE(1.1),Private sector energy technology RD&D expenditures,ITALY,Italy,PRIVATE,Private sector,RDD,"Research, development and demonstration",F,"Heat and power generation, storage and supply",EUR_R,Euro (constant prices and exchange rates),2013,2013,A,Annual,31.254,31.254,6,Millions,I,Imputed Value,F,Non-confidential,3,3
OECD.IEA:RDDPRIVATE(1.1),Private sector energy technology RD&D expenditures,ITALY,Italy,PRIVATE,Private sector,RDD,"Research, development and demonstration",F,"Heat and power generation, storage and supply",EUR_R,Euro (constant prices and exchange rates),2014,2014,A,Annual,32.991,32.991,6,Millions,I,Imputed Value,F,Non-confidential,3,3
OECD.IEA:RDDPRIVATE(1.1),Private sector energy technology RD&D expenditures,ITALY,Italy,PRIVATE,Private sector,RDD,"Research, development and demonstration",F,"Heat and power generation, storage and supply",EUR_R,Euro (constant prices and exchange rates),2015,2015,A,Annual,51.863,51.863,6,Millions,I,Imputed Value,F,Non-confidential,3,3
OECD.IEA:RDDPRIVATE(1.1),Private sector energy technology RD&D expenditures,ITALY,Italy,PRIVATE,Private sector,RDD,"Research, development and demonstration",F,"Heat and power generation, storage and supply",EUR_R,Euro (constant prices and exchange rates),2016,2016,A,Annual,71.611,71.611,6,Millions,I,Imputed Value,F,Non-confidential,3,3
OECD.IEA:RDDPRIVATE(1.1),Private sector energy technology RD&D expenditures,ITALY,Italy,PRIVATE,Private sector,RDD,"Research, development and demonstration",F,"Heat and power generation, storage and supply",EUR_R,Euro (constant prices and exchange rates),2017,2017,A,Annual,72.419,72.419,6,Millions,I,Imputed Value,F,Non-confidential,3,3
OECD.IEA:RDDPRIVATE(1.1),Private sector energy technology RD&D expenditures,ITALY,Italy,PRIVATE,Private sector,RDD,"Research, development and demonstration",F,"Heat and power generation, storage and supply",EUR_R,Euro (constant prices and exchange rates),2018,2018,A,Annual,73.676,73.676,6,Millions,I,Imputed Value,F,Non-confidential,3,3
OECD.IEA:RDDPRIVATE(1.1),Private sector energy technology RD&D expenditures,ITALY,Italy,PRIVATE,Private sector,RDD,"Research, development and demonstration",F,"Heat and power generation, storage and supply",EUR_R,Euro (constant prices and exchange rates),2019,2019,A,Annual,86.915,86.915,6,Millions,I,Imputed Value,F,Non-confidential,3,3
OECD.IEA:RDDPRIVATE(1.1),Private sector energy technology RD&D expenditures,ITALY,Italy,PRIVATE,Private sector,RDD,"Research, development and demonstration",F,"Heat and power generation, storage and supply",EUR_R,Euro (constant prices and exchange rates),2020,2020,A,Annual,45.334,45.334,6,Millions,I,Imputed Value,F,Non-confidential,3,3
OECD.IEA:RDDPRIVATE(1.1),Private sector energy technology RD&D expenditures,ITALY,Italy,PRIVATE,Private sector,RDD,"Research, development and demonstration",F,"Heat and power generation, storage and supply",EUR_R,Euro (constant prices and exchange rates),2021,2021,A,Annual,51.331,51.331,6,Millions,I,Imputed Value,F,Non-confidential,3,3
OECD.IEA:RDDPRIVATE(1.1),Private sector energy technology RD&D expenditures,ITALY,Italy,PRIVATE,Private sector,RDD,"Research, development and demonstration",F,"Heat and power generation, storage and supply",EUR_R,Euro (constant prices and exchange rates),2022,2022,A,Annual,64.89,64.89,6,Millions,I,Imputed Value,F,Non-confidential,3,3
OECD.IEA:RDDPRIVATE(1.1),Private sector energy technology RD&D expenditures,ITALY,Italy,PRIVATE,Private sector,RDD,"Research, development and demonstration",F,"Heat and power generation, storage and supply",EUR_R,Euro (constant prices and exchange rates),2023,2023,A,Annual,83.466,83.466,6,Millions,I,Imputed Value,F,Non-confidential,3,3
OECD.IEA:RDDPRIVATE(1.1),Private sector energy technology RD&D expenditures,ITALY,Italy,PRIVATE,Private sector,RDD,"Research, development and demonstration",F,"Heat and power generation, storage and supply",NC_N,National currency (nominal),2013,2013,A,Annual,25.105,25.105,6,Millions,A,Normal Value,F,Non-confidential,3,3
OECD.IEA:RDDPRIVATE(1.1),Private sector energy technology RD&D expenditures,ITALY,Italy,PRIVATE,Private sector,RDD,"Research, development and demonstration",F,"Heat and power generation, storage and supply",NC_N,National currency (nominal),2014,2014,A,Annual,26.746,26.746,6,Millions,A,Normal Value,F,Non-confidential,3,3
OECD.IEA:RDDPRIVATE(1.1),Private sector energy technology RD&D expenditures,ITALY,Italy,PRIVATE,Private sector,RDD,"Research, development and demonstration",F,"Heat and power generation, storage and supply",NC_N,National currency (nominal),2015,2015,A,Annual,42.369,42.369,6,Millions,A,Normal Value,F,Non-confidential,3,3
OECD.IEA:RDDPRIVATE(1.1),Private sector energy technology RD&D expenditures,ITALY,Italy,PRIVATE,Private sector,RDD,"Research, development and demonstration",F,"Heat and power generation, storage and supply",NC_N,National currency (nominal),2016,2016,A,Annual,59.209,59.209,6,Millions,A,Normal Value,F,Non-confidential,3,3
OECD.IEA:RDDPRIVATE(1.1),Private sector energy technology RD&D expenditures,ITALY,Italy,PRIVATE,Private sector,RDD,"Research, development and demonstration",F,"Heat and power generation, storage and supply",NC_N,National currency (nominal),2017,2017,A,Annual,60.298,60.298,6,Millions,A,Normal Value,F,Non-confidential,3,3
OECD.IEA:RDDPRIVATE(1.1),Private sector energy technology RD&D expenditures,ITALY,Italy,PRIVATE,Private sector,RDD,"Research, development and demonstration",F,"Heat and power generation, storage and supply",NC_N,National currency (nominal),2018,2018,A,Annual,62.051,62.051,6,Millions,A,Normal Value,F,Non-confidential,3,3
OECD.IEA:RDDPRIVATE(1.1),Private sector energy technology RD&D expenditures,ITALY,Italy,PRIVATE,Private sector,RDD,"Research, development and demonstration",F,"Heat and power generation, storage and supply",NC_N,National currency (nominal),2019,2019,A,Annual,73.942,73.942,6,Millions,A,Normal Value,F,Non-confidential,3,3
OECD.IEA:RDDPRIVATE(1.1),Private sector energy technology RD&D expenditures,ITALY,Italy,PRIVATE,Private sector,RDD,"Research, development and demonstration",F,"Heat and power generation, storage and supply",NC_N,National currency (nominal),2020,2020,A,Annual,39.14,39.14,6,Millions,A,Normal Value,F,Non-confidential,3,3
OECD.IEA:RDDPRIVATE(1.1),Private sector energy technology RD&D expenditures,ITALY,Italy,PRIVATE,Private sector,RDD,"Research, development and demonstration",F,"Heat and power generation, storage and supply",NC_N,National currency (nominal),2021,2021,A,Annual,44.952,44.952,6,Millions,A,Normal Value,F,Non-confidential,3,3
OECD.IEA:RDDPRIVATE(1.1),Private sector energy technology RD&D expenditures,ITALY,Italy,PRIVATE,Private sector,RDD,"Research, development and demonstration",F,"Heat and power generation, storage and supply",NC_N,National currency (nominal),2022,2022,A,Annual,58.797,58.797,6,Millions,A,Normal Value,F,Non-confidential,3,3
OECD.IEA:RDDPRIVATE(1.1),Private sector energy technology RD&D expenditures,ITALY,Italy,PRIVATE,Private sector,RDD,"Research, development and demonstration",F,"Heat and power generation, storage and supply",NC_N,National currency (nominal),2023,2023,A,Annual,80.324,80.324,6,Millions,A,Normal Value,F,Non-confidential,3,3
OECD.IEA:RDDPRIVATE(1.1),Private sector energy technology RD&D expenditures,ITALY,Italy,PRIVATE,Private sector,RDD,"Research, development and demonstration",F,"Heat and power generation, storage and supply",NC_R,National currency (constant prices),2013,2013,A,Annual,31.254,31.254,6,Millions,I,Imputed Value,F,Non-confidential,3,3
OECD.IEA:RDDPRIVATE(1.1),Private sector energy technology RD&D expenditures,ITALY,Italy,PRIVATE,Private sector,RDD,"Research, development and demonstration",F,"Heat and power generation, storage and supply",NC_R,National currency (constant prices),2014,2014,A,Annual,32.991,32.991,6,Millions,I,Imputed Value,F,Non-confidential,3,3
OECD.IEA:RDDPRIVATE(1.1),Private sector energy technology RD&D expenditures,ITALY,Italy,PRIVATE,Private sector,RDD,"Research, development and demonstration",F,"Heat and power generation, storage and supply",NC_R,National currency (constant prices),2015,2015,A,Annual,51.863,51.863,6,Millions,I,Imputed Value,F,Non-confidential,3,3
OECD.IEA:RDDPRIVATE(1.1),Private sector energy technology RD&D expenditures,ITALY,Italy,PRIVATE,Private sector,RDD,"Research, development and demonstration",F,"Heat and power generation, storage and supply",NC_R,National currency (constant prices),2016,2016,A,Annual,71.611,71.611,6,Millions,I,Imputed Value,F,Non-confidential,3,3
OECD.IEA:RDDPRIVATE(1.1),Private sector energy technology RD&D expenditures,ITALY,Italy,PRIVATE,Private sector,RDD,"Research, development and demonstration",F,"Heat and power generation, storage and supply",NC_R,National currency (constant prices),2017,2017,A,Annual,72.419,72.419,6,Millions,I,Imputed Value,F,Non-confidential,3,3
OECD.IEA:RDDPRIVATE(1.1),Private sector energy technology RD&D expenditures,ITALY,Italy,PRIVATE,Private sector,RDD,"Research, development and demonstration",F,"Heat and power generation, storage and supply",NC_R,National currency (constant prices),2018,2018,A,Annual,73.676,73.676,6,Millions,I,Imputed Value,F,Non-confidential,3,3
OECD.IEA:RDDPRIVATE(1.1),Private sector energy technology RD&D expenditures,ITALY,Italy,PRIVATE,Private sector,RDD,"Research, development and demonstration",F,"Heat and power generation, storage and supply",NC_R,National currency (constant prices),2019,2019,A,Annual,86.915,86.915,6,Millions,I,Imputed Value,F,Non-confidential,3,3
OECD.IEA:RDDPRIVATE(1.1),Private sector energy technology RD&D expenditures,ITALY,Italy,PRIVATE,Private sector,RDD,"Research, development and demonstration",F,"Heat and power generation, storage and supply",NC_R,National currency (constant prices),2020,2020,A,Annual,45.334,45.334,6,Millions,I,Imputed Value,F,Non-confidential,3,3
OECD.IEA:RDDPRIVATE(1.1),Private sector energy technology RD&D expenditures,ITALY,Italy,PRIVATE,Private sector,RDD,"Research, development and demonstration",F,"Heat and power generation, storage and supply",NC_R,National currency (constant prices),2021,2021,A,Annual,51.331,51.331,6,Millions,I,Imputed Value,F,Non-confidential,3,3
OECD.IEA:RDDPRIVATE(1.1),Private sector energy technology RD&D expenditures,ITALY,Italy,PRIVATE,Private sector,RDD,"Research, development and demonstration",F,"Heat and power generation, storage and supply",NC_R,National currency (constant prices),2022,2022,A,Annual,64.89,64.89,6,Millions,I,Imputed Value,F,Non-confidential,3,3
OECD.IEA:RDDPRIVATE(1.1),Private sector energy technology RD&D expenditures,ITALY,Italy,PRIVATE,Private sector,RDD,"Research, development and demonstration",F,"Heat and power generation, storage and supply",NC_R,National currency (constant prices),2023,2023,A,Annual,83.466,83.466,6,Millions,I,Imputed Value,F,Non-confidential,3,3
OECD.IEA:RDDPRIVATE(1.1),Private sector energy technology RD&D expenditures,ITALY,Italy,PRIVATE,Private sector,RDD,"Research, development and demonstration",F,"Heat and power generation, storage and supply",USD_R,USD (constant prices and exchange rates),2013,2013,A,Annual,35.316,35.316,6,Millions,I,Imputed Value,F,Non-confidential,3,3
OECD.IEA:RDDPRIVATE(1.1),Private sector energy technology RD&D expenditures,ITALY,Italy,PRIVATE,Private sector,RDD,"Research, development and demonstration",F,"Heat and power generation, storage and supply",USD_R,USD (constant prices and exchange rates),2014,2014,A,Annual,37.279,37.279,6,Millions,I,Imputed Value,F,Non-confidential,3,3
OECD.IEA:RDDPRIVATE(1.1),Private sector energy technology RD&D expenditures,ITALY,Italy,PRIVATE,Private sector,RDD,"Research, development and demonstration",F,"Heat and power generation, storage and supply",USD_R,USD (constant prices and exchange rates),2015,2015,A,Annual,58.605,58.605,6,Millions,I,Imputed Value,F,Non-confidential,3,3
OECD.IEA:RDDPRIVATE(1.1),Private sector energy technology RD&D expenditures,ITALY,Italy,PRIVATE,Private sector,RDD,"Research, development and demonstration",F,"Heat and power generation, storage and supply",USD_R,USD (constant prices and exchange rates),2016,2016,A,Annual,80.919,80.919,6,Millions,I,Imputed Value,F,Non-confidential,3,3
OECD.IEA:RDDPRIVATE(1.1),Private sector energy technology RD&D expenditures,ITALY,Italy,PRIVATE,Private sector,RDD,"Research, development and demonstration",F,"Heat and power generation, storage and supply",USD_R,USD (constant prices and exchange rates),2017,2017,A,Annual,81.833,81.833,6,Millions,I,Imputed Value,F,Non-confidential,3,3
OECD.IEA:RDDPRIVATE(1.1),Private sector energy technology RD&D expenditures,ITALY,Italy,PRIVATE,Private sector,RDD,"Research, development and demonstration",F,"Heat and power generation, storage and supply",USD_R,USD (constant prices and exchange rates),2018,2018,A,Annual,83.253,83.253,6,Millions,I,Imputed Value,F,Non-confidential,3,3
OECD.IEA:RDDPRIVATE(1.1),Private sector energy technology RD&D expenditures,ITALY,Italy,PRIVATE,Private sector,RDD,"Research, development and demonstration",F,"Heat and power generation, storage and supply",USD_R,USD (constant prices and exchange rates),2019,2019,A,Annual,98.212,98.212,6,Millions,I,Imputed Value,F,Non-confidential,3,3
OECD.IEA:RDDPRIVATE(1.1),Private sector energy technology RD&D expenditures,ITALY,Italy,PRIVATE,Private sector,RDD,"Research, development and demonstration",F,"Heat and power generation, storage and supply",USD_R,USD (constant prices and exchange rates),2020,2020,A,Annual,51.226,51.226,6,Millions,I,Imputed Value,F,Non-confidential,3,3
OECD.IEA:RDDPRIVATE(1.1),Private sector energy technology RD&D expenditures,ITALY,Italy,PRIVATE,Private sector,RDD,"Research, development and demonstration",F,"Heat and power generation, storage and supply",USD_R,USD (constant prices and exchange rates),2021,2021,A,Annual,58.003,58.003,6,Millions,I,Imputed Value,F,Non-confidential,3,3
OECD.IEA:RDDPRIVATE(1.1),Private sector energy technology RD&D expenditures,ITALY,Italy,PRIVATE,Private sector,RDD,"Research, development and demonstration",F,"Heat and power generation, storage and supply",USD_R,USD (constant prices and exchange rates),2022,2022,A,Annual,73.324,73.324,6,Millions,I,Imputed Value,F,Non-confidential,3,3
OECD.IEA:RDDPRIVATE(1.1),Private sector energy technology RD&D expenditures,ITALY,Italy,PRIVATE,Private sector,RDD,"Research, development and demonstration",F,"Heat and power generation, storage and supply",USD_R,USD (constant prices and exchange rates),2023,2023,A,Annual,94.316,94.316,6,Millions,I,Imputed Value,F,Non-confidential,3,3
OECD.IEA:RDDPRIVATE(1.1),Private sector energy technology RD&D expenditures,ITALY,Italy,PRIVATE,Private sector,RDD,"Research, development and demonstration",F,"Heat and power generation, storage and supply",USD_R_PPP,USD (constant prices and PPP),2013,2013,A,Annual,51.828,51.828,6,Millions,I,Imputed Value,F,Non-confidential,3,3
OECD.IEA:RDDPRIVATE(1.1),Private sector energy technology RD&D expenditures,ITALY,Italy,PRIVATE,Private sector,RDD,"Research, development and demonstration",F,"Heat and power generation, storage and supply",USD_R_PPP,USD (constant prices and PPP),2014,2014,A,Annual,54.709,54.709,6,Millions,I,Imputed Value,F,Non-confidential,3,3
OECD.IEA:RDDPRIVATE(1.1),Private sector energy technology RD&D expenditures,ITALY,Italy,PRIVATE,Private sector,RDD,"Research, development and demonstration",F,"Heat and power generation, storage and supply",USD_R_PPP,USD (constant prices and PPP),2015,2015,A,Annual,86.006,86.006,6,Millions,I,Imputed Value,F,Non-confidential,3,3
OECD.IEA:RDDPRIVATE(1.1),Private sector energy technology RD&D expenditures,ITALY,Italy,PRIVATE,Private sector,RDD,"Research, development and demonstration",F,"Heat and power generation, storage and supply",USD_R_PPP,USD (constant prices and PPP),2016,2016,A,Annual,118.754,118.754,6,Millions,I,Imputed Value,F,Non-confidential,3,3
OECD.IEA:RDDPRIVATE(1.1),Private sector energy technology RD&D expenditures,ITALY,Italy,PRIVATE,Private sector,RDD,"Research, development and demonstration",F,"Heat and power generation, storage and supply",USD_R_PPP,USD (constant prices and PPP),2017,2017,A,Annual,120.094,120.094,6,Millions,I,Imputed Value,F,Non-confidential,3,3
OECD.IEA:RDDPRIVATE(1.1),Private sector energy technology RD&D expenditures,ITALY,Italy,PRIVATE,Private sector,RDD,"Research, development and demonstration",F,"Heat and power generation, storage and supply",USD_R_PPP,USD (constant prices and PPP),2018,2018,A,Annual,122.178,122.178,6,Millions,I,Imputed Value,F,Non-confidential,3,3
OECD.IEA:RDDPRIVATE(1.1),Private sector energy technology RD&D expenditures,ITALY,Italy,PRIVATE,Private sector,RDD,"Research, development and demonstration",F,"Heat and power generation, storage and supply",USD_R_PPP,USD (constant prices and PPP),2019,2019,A,Annual,144.132,144.132,6,Millions,I,Imputed Value,F,Non-confidential,3,3
OECD.IEA:RDDPRIVATE(1.1),Private sector energy technology RD&D expenditures,ITALY,Italy,PRIVATE,Private sector,RDD,"Research, development and demonstration",F,"Heat and power generation, storage and supply",USD_R_PPP,USD (constant prices and PPP),2020,2020,A,Annual,75.178,75.178,6,Millions,I,Imputed Value,F,Non-confidential,3,3
OECD.IEA:RDDPRIVATE(1.1),Private sector energy technology RD&D expenditures,ITALY,Italy,PRIVATE,Private sector,RDD,"Research, development and demonstration",F,"Heat and power generation, storage and supply",USD_R_PPP,USD (constant prices and PPP),2021,2021,A,Annual,85.122,85.122,6,Millions,I,Imputed Value,F,Non-confidential,3,3
OECD.IEA:RDDPRIVATE(1.1),Private sector energy technology RD&D expenditures,ITALY,Italy,PRIVATE,Private sector,RDD,"Research, development and demonstration",F,"Heat and power generation, storage and supply",USD_R_PPP,USD (constant prices and PPP),2022,2022,A,Annual,107.608,107.608,6,Millions,I,Imputed Value,F,Non-confidential,3,3
OECD.IEA:RDDPRIVATE(1.1),Private sector energy technology RD&D expenditures,ITALY,Italy,PRIVATE,Private sector,RDD,"Research, development and demonstration",F,"Heat and power generation, storage and supply",USD_R_PPP,USD (constant prices and PPP),2023,2023,A,Annual,138.414,138.414,6,Millions,I,Imputed Value,F,Non-confidential,3,3
OECD.IEA:RDDPRIVATE(1.1),Private sector energy technology RD&D expenditures,ITALY,Italy,PRIVATE,Private sector,RDD,"Research, development and demonstration",G,CO2 capture and storage,EUR_R,Euro (constant prices and exchange rates),2013,2013,A,Annual,0.354,0.354,6,Millions,I,Imputed Value,F,Non-confidential,3,3
OECD.IEA:RDDPRIVATE(1.1),Private sector energy technology RD&D expenditures,ITALY,Italy,PRIVATE,Private sector,RDD,"Research, development and demonstration",G,CO2 capture and storage,EUR_R,Euro (constant prices and exchange rates),2014,2014,A,Annual,0.851,0.851,6,Millions,I,Imputed Value,F,Non-confidential,3,3
OECD.IEA:RDDPRIVATE(1.1),Private sector energy technology RD&D expenditures,ITALY,Italy,PRIVATE,Private sector,RDD,"Research, development and demonstration",G,CO2 capture and storage,EUR_R,Euro (constant prices and exchange rates),2020,2020,A,Annual,5.767,5.767,6,Millions,I,Imputed Value,F,Non-confidential,3,3
OECD.IEA:RDDPRIVATE(1.1),Private sector energy technology RD&D expenditures,ITALY,Italy,PRIVATE,Private sector,RDD,"Research, development and demonstration",G,CO2 capture and storage,EUR_R,Euro (constant prices and exchange rates),2021,2021,A,Annual,6.912,6.912,6,Millions,I,Imputed Value,F,Non-confidential,3,3
OECD.IEA:RDDPRIVATE(1.1),Private sector energy technology RD&D expenditures,ITALY,Italy,PRIVATE,Private sector,RDD,"Research, development and demonstration",G,CO2 capture and storage,EUR_R,Euro (constant prices and exchange rates),2022,2022,A,Annual,7.654,7.654,6,Millions,I,Imputed Value,F,Non-confidential,3,3
OECD.IEA:RDDPRIVATE(1.1),Private sector energy technology RD&D expenditures,ITALY,Italy,PRIVATE,Private sector,RDD,"Research, development and demonstration",G,CO2 capture and storage,EUR_R,Euro (constant prices and exchange rates),2023,2023,A,Annual,5.719,5.719,6,Millions,I,Imputed Value,F,Non-confidential,3,3
OECD.IEA:RDDPRIVATE(1.1),Private sector energy technology RD&D expenditures,ITALY,Italy,PRIVATE,Private sector,RDD,"Research, development and demonstration",G,CO2 capture and storage,NC_N,National currency (nominal),2013,2013,A,Annual,0.284,0.284,6,Millions,A,Normal Value,F,Non-confidential,3,3
OECD.IEA:RDDPRIVATE(1.1),Private sector energy technology RD&D expenditures,ITALY,Italy,PRIVATE,Private sector,RDD,"Research, development and demonstration",G,CO2 capture and storage,NC_N,National currency (nominal),2014,2014,A,Annual,0.69,0.69,6,Millions,A,Normal Value,F,Non-confidential,3,3
OECD.IEA:RDDPRIVATE(1.1),Private sector energy technology RD&D expenditures,ITALY,Italy,PRIVATE,Private sector,RDD,"Research, development and demonstration",G,CO2 capture and storage,NC_N,National currency (nominal),2020,2020,A,Annual,4.979,4.979,6,Millions,A,Normal Value,F,Non-confidential,3,3
OECD.IEA:RDDPRIVATE(1.1),Private sector energy technology RD&D expenditures,ITALY,Italy,PRIVATE,Private sector,RDD,"Research, development and demonstration",G,CO2 capture and storage,NC_N,National currency (nominal),2021,2021,A,Annual,6.053,6.053,6,Millions,A,Normal Value,F,Non-confidential,3,3
OECD.IEA:RDDPRIVATE(1.1),Private sector energy technology RD&D expenditures,ITALY,Italy,PRIVATE,Private sector,RDD,"Research, development and demonstration",G,CO2 capture and storage,NC_N,National currency (nominal),2022,2022,A,Annual,6.935,6.935,6,Millions,A,Normal Value,F,Non-confidential,3,3
OECD.IEA:RDDPRIVATE(1.1),Private sector energy technology RD&D expenditures,ITALY,Italy,PRIVATE,Private sector,RDD,"Research, development and demonstration",G,CO2 capture and storage,NC_N,National currency (nominal),2023,2023,A,Annual,5.504,5.504,6,Millions,A,Normal Value,F,Non-confidential,3,3
OECD.IEA:RDDPRIVATE(1.1),Private sector energy technology RD&D expenditures,ITALY,Italy,PRIVATE,Private sector,RDD,"Research, development and demonstration",G,CO2 capture and storage,NC_R,National currency (constant prices),2013,2013,A,Annual,0.354,0.354,6,Millions,I,Imputed Value,F,Non-confidential,3,3
OECD.IEA:RDDPRIVATE(1.1),Private sector energy technology RD&D expenditures,ITALY,Italy,PRIVATE,Private sector,RDD,"Research, development and demonstration",G,CO2 capture and storage,NC_R,National currency (constant prices),2014,2014,A,Annual,0.851,0.851,6,Millions,I,Imputed Value,F,Non-confidential,3,3
OECD.IEA:RDDPRIVATE(1.1),Private sector energy technology RD&D expenditures,ITALY,Italy,PRIVATE,Private sector,RDD,"Research, development and demonstration",G,CO2 capture and storage,NC_R,National currency (constant prices),2020,2020,A,Annual,5.767,5.767,6,Millions,I,Imputed Value,F,Non-confidential,3,3
OECD.IEA:RDDPRIVATE(1.1),Private sector energy technology RD&D expenditures,ITALY,Italy,PRIVATE,Private sector,RDD,"Research, development and demonstration",G,CO2 capture and storage,NC_R,National currency (constant prices),2021,2021,A,Annual,6.912,6.912,6,Millions,I,Imputed Value,F,Non-confidential,3,3
OECD.IEA:RDDPRIVATE(1.1),Private sector energy technology RD&D expenditures,ITALY,Italy,PRIVATE,Private sector,RDD,"Research, development and demonstration",G,CO2 capture and storage,NC_R,National currency (constant prices),2022,2022,A,Annual,7.654,7.654,6,Millions,I,Imputed Value,F,Non-confidential,3,3
OECD.IEA:RDDPRIVATE(1.1),Private sector energy technology RD&D expenditures,ITALY,Italy,PRIVATE,Private sector,RDD,"Research, development and demonstration",G,CO2 capture and storage,NC_R,National currency (constant prices),2023,2023,A,Annual,5.719,5.719,6,Millions,I,Imputed Value,F,Non-confidential,3,3
OECD.IEA:RDDPRIVATE(1.1),Private sector energy technology RD&D expenditures,ITALY,Italy,PRIVATE,Private sector,RDD,"Research, development and demonstration",G,CO2 capture and storage,USD_R,USD (constant prices and exchange rates),2013,2013,A,Annual,0.4,0.4,6,Millions,I,Imputed Value,F,Non-confidential,3,3
OECD.IEA:RDDPRIVATE(1.1),Private sector energy technology RD&D expenditures,ITALY,Italy,PRIVATE,Private sector,RDD,"Research, development and demonstration",G,CO2 capture and storage,USD_R,USD (constant prices and exchange rates),2014,2014,A,Annual,0.962,0.962,6,Millions,I,Imputed Value,F,Non-confidential,3,3
OECD.IEA:RDDPRIVATE(1.1),Private sector energy technology RD&D expenditures,ITALY,Italy,PRIVATE,Private sector,RDD,"Research, development and demonstration",G,CO2 capture and storage,USD_R,USD (constant prices and exchange rates),2020,2020,A,Annual,6.517,6.517,6,Millions,I,Imputed Value,F,Non-confidential,3,3
OECD.IEA:RDDPRIVATE(1.1),Private sector energy technology RD&D expenditures,ITALY,Italy,PRIVATE,Private sector,RDD,"Research, development and demonstration",G,CO2 capture and storage,USD_R,USD (constant prices and exchange rates),2021,2021,A,Annual,7.81,7.81,6,Millions,I,Imputed Value,F,Non-confidential,3,3
OECD.IEA:RDDPRIVATE(1.1),Private sector energy technology RD&D expenditures,ITALY,Italy,PRIVATE,Private sector,RDD,"Research, development and demonstration",G,CO2 capture and storage,USD_R,USD (constant prices and exchange rates),2022,2022,A,Annual,8.648,8.648,6,Millions,I,Imputed Value,F,Non-confidential,3,3
OECD.IEA:RDDPRIVATE(1.1),Private sector energy technology RD&D expenditures,ITALY,Italy,PRIVATE,Private sector,RDD,"Research, development and demonstration",G,CO2 capture and storage,USD_R,USD (constant prices and exchange rates),2023,2023,A,Annual,6.463,6.463,6,Millions,I,Imputed Value,F,Non-confidential,3,3
OECD.IEA:RDDPRIVATE(1.1),Private sector energy technology RD&D expenditures,ITALY,Italy,PRIVATE,Private sector,RDD,"Research, development and demonstration",G,CO2 capture and storage,USD_R_PPP,USD (constant prices and PPP),2013,2013,A,Annual,0.586,0.586,6,Millions,I,Imputed Value,F,Non-confidential,3,3
OECD.IEA:RDDPRIVATE(1.1),Private sector energy technology RD&D expenditures,ITALY,Italy,PRIVATE,Private sector,RDD,"Research, development and demonstration",G,CO2 capture and storage,USD_R_PPP,USD (constant prices and PPP),2014,2014,A,Annual,1.411,1.411,6,Millions,I,Imputed Value,F,Non-confidential,3,3
OECD.IEA:RDDPRIVATE(1.1),Private sector energy technology RD&D expenditures,ITALY,Italy,PRIVATE,Private sector,RDD,"Research, development and demonstration",G,CO2 capture and storage,USD_R_PPP,USD (constant prices and PPP),2020,2020,A,Annual,9.563,9.563,6,Millions,I,Imputed Value,F,Non-confidential,3,3
OECD.IEA:RDDPRIVATE(1.1),Private sector energy technology RD&D expenditures,ITALY,Italy,PRIVATE,Private sector,RDD,"Research, development and demonstration",G,CO2 capture and storage,USD_R_PPP,USD (constant prices and PPP),2021,2021,A,Annual,11.462,11.462,6,Millions,I,Imputed Value,F,Non-confidential,3,3
OECD.IEA:RDDPRIVATE(1.1),Private sector energy technology RD&D expenditures,ITALY,Italy,PRIVATE,Private sector,RDD,"Research, development and demonstration",G,CO2 capture and storage,USD_R_PPP,USD (constant prices and PPP),2022,2022,A,Annual,12.692,12.692,6,Millions,I,Imputed Value,F,Non-confidential,3,3
OECD.IEA:RDDPRIVATE(1.1),Private sector energy technology RD&D expenditures,ITALY,Italy,PRIVATE,Private sector,RDD,"Research, development and demonstration",G,CO2 capture and storage,USD_R_PPP,USD (constant prices and PPP),2023,2023,A,Annual,9.484,9.484,6,Millions,I,Imputed Value,F,Non-confidential,3,3
OECD.IEA:RDDPRIVATE(1.1),Private sector energy technology RD&D expenditures,ITALY,Italy,PRIVATE,Private sector,RDD,"Research, development and demonstration",H,Critical minerals,EUR_R,Euro (constant prices and exchange rates),2021,2021,A,Annual,0.0,0.0,6,Millions,I,Imputed Value,F,Non-confidential,3,3
OECD.IEA:RDDPRIVATE(1.1),Private sector energy technology RD&D expenditures,ITALY,Italy,PRIVATE,Private sector,RDD,"Research, development and demonstration",H,Critical minerals,EUR_R,Euro (constant prices and exchange rates),2022,2022,A,Annual,0.0,0.0,6,Millions,I,Imputed Value,F,Non-confidential,3,3
OECD.IEA:RDDPRIVATE(1.1),Private sector energy technology RD&D expenditures,ITALY,Italy,PRIVATE,Private sector,RDD,"Research, development and demonstration",H,Critical minerals,EUR_R,Euro (constant prices and exchange rates),2023,2023,A,Annual,0.0,0.0,6,Millions,I,Imputed Value,F,Non-confidential,3,3
OECD.IEA:RDDPRIVATE(1.1),Private sector energy technology RD&D expenditures,ITALY,Italy,PRIVATE,Private sector,RDD,"Research, development and demonstration",H,Critical minerals,NC_N,National currency (nominal),2021,2021,A,Annual,0.0,0.0,6,Millions,A,Normal Value,F,Non-confidential,3,3
OECD.IEA:RDDPRIVATE(1.1),Private sector energy technology RD&D expenditures,ITALY,Italy,PRIVATE,Private sector,RDD,"Research, development and demonstration",H,Critical minerals,NC_N,National currency (nominal),2022,2022,A,Annual,0.0,0.0,6,Millions,A,Normal Value,F,Non-confidential,3,3
OECD.IEA:RDDPRIVATE(1.1),Private sector energy technology RD&D expenditures,ITALY,Italy,PRIVATE,Private sector,RDD,"Research, development and demonstration",H,Critical minerals,NC_N,National currency (nominal),2023,2023,A,Annual,0.0,0.0,6,Millions,A,Normal Value,F,Non-confidential,3,3
OECD.IEA:RDDPRIVATE(1.1),Private sector energy technology RD&D expenditures,ITALY,Italy,PRIVATE,Private sector,RDD,"Research, development and demonstration",H,Critical minerals,NC_R,National currency (constant prices),2021,2021,A,Annual,0.0,0.0,6,Millions,I,Imputed Value,F,Non-confidential,3,3
OECD.IEA:RDDPRIVATE(1.1),Private sector energy technology RD&D expenditures,ITALY,Italy,PRIVATE,Private sector,RDD,"Research, development and demonstration",H,Critical minerals,NC_R,National currency (constant prices),2022,2022,A,Annual,0.0,0.0,6,Millions,I,Imputed Value,F,Non-confidential,3,3
OECD.IEA:RDDPRIVATE(1.1),Private sector energy technology RD&D expenditures,ITALY,Italy,PRIVATE,Private sector,RDD,"Research, development and demonstration",H,Critical minerals,NC_R,National currency (constant prices),2023,2023,A,Annual,0.0,0.0,6,Millions,I,Imputed Value,F,Non-confidential,3,3
OECD.IEA:RDDPRIVATE(1.1),Private sector energy technology RD&D expenditures,ITALY,Italy,PRIVATE,Private sector,RDD,"Research, development and demonstration",H,Critical minerals,USD_R,USD (constant prices and exchange rates),2021,2021,A,Annual,0.0,0.0,6,Millions,I,Imputed Value,F,Non-confidential,3,3
OECD.IEA:RDDPRIVATE(1.1),Private sector energy technology RD&D expenditures,ITALY,Italy,PRIVATE,Private sector,RDD,"Research, development and demonstration",H,Critical minerals,USD_R,USD (constant prices and exchange rates),2022,2022,A,Annual,0.0,0.0,6,Millions,I,Imputed Value,F,Non-confidential,3,3
OECD.IEA:RDDPRIVATE(1.1),Private sector energy technology RD&D expenditures,ITALY,Italy,PRIVATE,Private sector,RDD,"Research, development and demonstration",H,Critical minerals,USD_R,USD (constant prices and exchange rates),2023,2023,A,Annual,0.0,0.0,6,Millions,I,Imputed Value,F,Non-confidential,3,3
OECD.IEA:RDDPRIVATE(1.1),Private sector energy technology RD&D expenditures,ITALY,Italy,PRIVATE,Private sector,RDD,"Research, development and demonstration",H,Critical minerals,USD_R_PPP,USD (constant prices and PPP),2021,2021,A,Annual,0.0,0.0,6,Millions,I,Imputed Value,F,Non-confidential,3,3
OECD.IEA:RDDPRIVATE(1.1),Private sector energy technology RD&D expenditures,ITALY,Italy,PRIVATE,Private sector,RDD,"Research, development and demonstration",H,Critical minerals,USD_R_PPP,USD (constant prices and PPP),2022,2022,A,Annual,0.0,0.0,6,Millions,I,Imputed Value,F,Non-confidential,3,3
OECD.IEA:RDDPRIVATE(1.1),Private sector energy technology RD&D expenditures,ITALY,Italy,PRIVATE,Private sector,RDD,"Research, development and demonstration",H,Critical minerals,USD_R_PPP,USD (constant prices and PPP),2023,2023,A,Annual,0.0,0.0,6,Millions,I,Imputed Value,F,Non-confidential,3,3
OECD.IEA:RDDPRIVATE(1.1),Private sector energy technology RD&D expenditures,ITALY,Italy,PRIVATE,Private sector,RDD,"Research, development and demonstration",TOTAL,Total budget,EUR_R,Euro (constant prices and exchange rates),2013,2013,A,Annual,381.325,381.325,6,Millions,I,Imputed Value,F,Non-confidential,3,3
OECD.IEA:RDDPRIVATE(1.1),Private sector energy technology RD&D expenditures,ITALY,Italy,PRIVATE,Private sector,RDD,"Research, development and demonstration",TOTAL,Total budget,EUR_R,Euro (constant prices and exchange rates),2014,2014,A,Annual,456.057,456.057,6,Millions,I,Imputed Value,F,Non-confidential,3,3
OECD.IEA:RDDPRIVATE(1.1),Private sector energy technology RD&D expenditures,ITALY,Italy,PRIVATE,Private sector,RDD,"Research, development and demonstration",TOTAL,Total budget,EUR_R,Euro (constant prices and exchange rates),2015,2015,A,Annual,1278.124,1278.124,6,Millions,I,Imputed Value,F,Non-confidential,3,3
OECD.IEA:RDDPRIVATE(1.1),Private sector energy technology RD&D expenditures,ITALY,Italy,PRIVATE,Private sector,RDD,"Research, development and demonstration",TOTAL,Total budget,EUR_R,Euro (constant prices and exchange rates),2016,2016,A,Annual,1309.575,1309.575,6,Millions,I,Imputed Value,F,Non-confidential,3,3
OECD.IEA:RDDPRIVATE(1.1),Private sector energy technology RD&D expenditures,ITALY,Italy,PRIVATE,Private sector,RDD,"Research, development and demonstration",TOTAL,Total budget,EUR_R,Euro (constant prices and exchange rates),2017,2017,A,Annual,1324.372,1324.372,6,Millions,I,Imputed Value,F,Non-confidential,3,3
OECD.IEA:RDDPRIVATE(1.1),Private sector energy technology RD&D expenditures,ITALY,Italy,PRIVATE,Private sector,RDD,"Research, development and demonstration",TOTAL,Total budget,EUR_R,Euro (constant prices and exchange rates),2018,2018,A,Annual,1347.341,1347.341,6,Millions,I,Imputed Value,F,Non-confidential,3,3
OECD.IEA:RDDPRIVATE(1.1),Private sector energy technology RD&D expenditures,ITALY,Italy,PRIVATE,Private sector,RDD,"Research, development and demonstration",TOTAL,Total budget,EUR_R,Euro (constant prices and exchange rates),2019,2019,A,Annual,1357.708,1357.708,6,Millions,I,Imputed Value,F,Non-confidential,3,3
OECD.IEA:RDDPRIVATE(1.1),Private sector energy technology RD&D expenditures,ITALY,Italy,PRIVATE,Private sector,RDD,"Research, development and demonstration",TOTAL,Total budget,EUR_R,Euro (constant prices and exchange rates),2020,2020,A,Annual,1160.267,1160.267,6,Millions,I,Imputed Value,F,Non-confidential,3,3
OECD.IEA:RDDPRIVATE(1.1),Private sector energy technology RD&D expenditures,ITALY,Italy,PRIVATE,Private sector,RDD,"Research, development and demonstration",TOTAL,Total budget,EUR_R,Euro (constant prices and exchange rates),2021,2021,A,Annual,1133.655,1133.655,6,Millions,I,Imputed Value,F,Non-confidential,3,3
OECD.IEA:RDDPRIVATE(1.1),Private sector energy technology RD&D expenditures,ITALY,Italy,PRIVATE,Private sector,RDD,"Research, development and demonstration",TOTAL,Total budget,EUR_R,Euro (constant prices and exchange rates),2022,2022,A,Annual,1324.479,1324.479,6,Millions,I,Imputed Value,F,Non-confidential,3,3
OECD.IEA:RDDPRIVATE(1.1),Private sector energy technology RD&D expenditures,ITALY,Italy,PRIVATE,Private sector,RDD,"Research, development and demonstration",TOTAL,Total budget,EUR_R,Euro (constant prices and exchange rates),2023,2023,A,Annual,1212.381,1212.381,6,Millions,I,Imputed Value,F,Non-confidential,3,3
OECD.IEA:RDDPRIVATE(1.1),Private sector energy technology RD&D expenditures,ITALY,Italy,PRIVATE,Private sector,RDD,"Research, development and demonstration",TOTAL,Total budget,NC_N,National currency (nominal),2013,2013,A,Annual,306.306,306.306,6,Millions,A,Normal Value,F,Non-confidential,3,3
OECD.IEA:RDDPRIVATE(1.1),Private sector energy technology RD&D expenditures,ITALY,Italy,PRIVATE,Private sector,RDD,"Research, development and demonstration",TOTAL,Total budget,NC_N,National currency (nominal),2014,2014,A,Annual,369.732,369.732,6,Millions,A,Normal Value,F,Non-confidential,3,3
OECD.IEA:RDDPRIVATE(1.1),Private sector energy technology RD&D expenditures,ITALY,Italy,PRIVATE,Private sector,RDD,"Research, development and demonstration",TOTAL,Total budget,NC_N,National currency (nominal),2015,2015,A,Annual,1044.142,1044.142,6,Millions,A,Normal Value,F,Non-confidential,3,3
OECD.IEA:RDDPRIVATE(1.1),Private sector energy technology RD&D expenditures,ITALY,Italy,PRIVATE,Private sector,RDD,"Research, development and demonstration",TOTAL,Total budget,NC_N,National currency (nominal),2016,2016,A,Annual,1082.779,1082.779,6,Millions,A,Normal Value,F,Non-confidential,3,3
OECD.IEA:RDDPRIVATE(1.1),Private sector energy technology RD&D expenditures,ITALY,Italy,PRIVATE,Private sector,RDD,"Research, development and demonstration",TOTAL,Total budget,NC_N,National currency (nominal),2017,2017,A,Annual,1102.702,1102.702,6,Millions,A,Normal Value,F,Non-confidential,3,3
OECD.IEA:RDDPRIVATE(1.1),Private sector energy technology RD&D expenditures,ITALY,Italy,PRIVATE,Private sector,RDD,"Research, development and demonstration",TOTAL,Total budget,NC_N,National currency (nominal),2018,2018,A,Annual,1134.752,1134.752,6,Millions,A,Normal Value,F,Non-confidential,3,3
OECD.IEA:RDDPRIVATE(1.1),Private sector energy technology RD&D expenditures,ITALY,Italy,PRIVATE,Private sector,RDD,"Research, development and demonstration",TOTAL,Total budget,NC_N,National currency (nominal),2019,2019,A,Annual,1155.059,1155.059,6,Millions,A,Normal Value,F,Non-confidential,3,3
OECD.IEA:RDDPRIVATE(1.1),Private sector energy technology RD&D expenditures,ITALY,Italy,PRIVATE,Private sector,RDD,"Research, development and demonstration",TOTAL,Total budget,NC_N,National currency (nominal),2020,2020,A,Annual,1001.745,1001.745,6,Millions,A,Normal Value,F,Non-confidential,3,3
OECD.IEA:RDDPRIVATE(1.1),Private sector energy technology RD&D expenditures,ITALY,Italy,PRIVATE,Private sector,RDD,"Research, development and demonstration",TOTAL,Total budget,NC_N,National currency (nominal),2021,2021,A,Annual,992.783,992.783,6,Millions,A,Normal Value,F,Non-confidential,3,3
OECD.IEA:RDDPRIVATE(1.1),Private sector energy technology RD&D expenditures,ITALY,Italy,PRIVATE,Private sector,RDD,"Research, development and demonstration",TOTAL,Total budget,NC_N,National currency (nominal),2022,2022,A,Annual,1200.121,1200.121,6,Millions,A,Normal Value,F,Non-confidential,3,3
OECD.IEA:RDDPRIVATE(1.1),Private sector energy technology RD&D expenditures,ITALY,Italy,PRIVATE,Private sector,RDD,"Research, development and demonstration",TOTAL,Total budget,NC_N,National currency (nominal),2023,2023,A,Annual,1166.735,1166.735,6,Millions,A,Normal Value,F,Non-confidential,3,3
OECD.IEA:RDDPRIVATE(1.1),Private sector energy technology RD&D expenditures,ITALY,Italy,PRIVATE,Private sector,RDD,"Research, development and demonstration",TOTAL,Total budget,NC_R,National currency (constant prices),2013,2013,A,Annual,381.325,381.325,6,Millions,I,Imputed Value,F,Non-confidential,3,3
OECD.IEA:RDDPRIVATE(1.1),Private sector energy technology RD&D expenditures,ITALY,Italy,PRIVATE,Private sector,RDD,"Research, development and demonstration",TOTAL,Total budget,NC_R,National currency (constant prices),2014,2014,A,Annual,456.057,456.057,6,Millions,I,Imputed Value,F,Non-confidential,3,3
OECD.IEA:RDDPRIVATE(1.1),Private sector energy technology RD&D expenditures,ITALY,Italy,PRIVATE,Private sector,RDD,"Research, development and demonstration",TOTAL,Total budget,NC_R,National currency (constant prices),2015,2015,A,Annual,1278.124,1278.124,6,Millions,I,Imputed Value,F,Non-confidential,3,3
OECD.IEA:RDDPRIVATE(1.1),Private sector energy technology RD&D expenditures,ITALY,Italy,PRIVATE,Private sector,RDD,"Research, development and demonstration",TOTAL,Total budget,NC_R,National currency (constant prices),2016,2016,A,Annual,1309.575,1309.575,6,Millions,I,Imputed Value,F,Non-confidential,3,3
OECD.IEA:RDDPRIVATE(1.1),Private sector energy technology RD&D expenditures,ITALY,Italy,PRIVATE,Private sector,RDD,"Research, development and demonstration",TOTAL,Total budget,NC_R,National currency (constant prices),2017,2017,A,Annual,1324.372,1324.372,6,Millions,I,Imputed Value,F,Non-confidential,3,3
OECD.IEA:RDDPRIVATE(1.1),Private sector energy technology RD&D expenditures,ITALY,Italy,PRIVATE,Private sector,RDD,"Research, development and demonstration",TOTAL,Total budget,NC_R,National currency (constant prices),2018,2018,A,Annual,1347.341,1347.341,6,Millions,I,Imputed Value,F,Non-confidential,3,3
OECD.IEA:RDDPRIVATE(1.1),Private sector energy technology RD&D expenditures,ITALY,Italy,PRIVATE,Private sector,RDD,"Research, development and demonstration",TOTAL,Total budget,NC_R,National currency (constant prices),2019,2019,A,Annual,1357.708,1357.708,6,Millions,I,Imputed Value,F,Non-confidential,3,3
OECD.IEA:RDDPRIVATE(1.1),Private sector energy technology RD&D expenditures,ITALY,Italy,PRIVATE,Private sector,RDD,"Research, development and demonstration",TOTAL,Total budget,NC_R,National currency (constant prices),2020,2020,A,Annual,1160.267,1160.267,6,Millions,I,Imputed Value,F,Non-confidential,3,3
OECD.IEA:RDDPRIVATE(1.1),Private sector energy technology RD&D expenditures,ITALY,Italy,PRIVATE,Private sector,RDD,"Research, development and demonstration",TOTAL,Total budget,NC_R,National currency (constant prices),2021,2021,A,Annual,1133.655,1133.655,6,Millions,I,Imputed Value,F,Non-confidential,3,3
OECD.IEA:RDDPRIVATE(1.1),Private sector energy technology RD&D expenditures,ITALY,Italy,PRIVATE,Private sector,RDD,"Research, development and demonstration",TOTAL,Total budget,NC_R,National currency (constant prices),2022,2022,A,Annual,1324.479,1324.479,6,Millions,I,Imputed Value,F,Non-confidential,3,3
OECD.IEA:RDDPRIVATE(1.1),Private sector energy technology RD&D expenditures,ITALY,Italy,PRIVATE,Private sector,RDD,"Research, development and demonstration",TOTAL,Total budget,NC_R,National currency (constant prices),2023,2023,A,Annual,1212.381,1212.381,6,Millions,I,Imputed Value,F,Non-confidential,3,3
OECD.IEA:RDDPRIVATE(1.1),Private sector energy technology RD&D expenditures,ITALY,Italy,PRIVATE,Private sector,RDD,"Research, development and demonstration",TOTAL,Total budget,USD_R,USD (constant prices and exchange rates),2013,2013,A,Annual,430.891,430.891,6,Millions,I,Imputed Value,F,Non-confidential,3,3
OECD.IEA:RDDPRIVATE(1.1),Private sector energy technology RD&D expenditures,ITALY,Italy,PRIVATE,Private sector,RDD,"Research, development and demonstration",TOTAL,Total budget,USD_R,USD (constant prices and exchange rates),2014,2014,A,Annual,515.336,515.336,6,Millions,I,Imputed Value,F,Non-confidential,3,3
OECD.IEA:RDDPRIVATE(1.1),Private sector energy technology RD&D expenditures,ITALY,Italy,PRIVATE,Private sector,RDD,"Research, development and demonstration",TOTAL,Total budget,USD_R,USD (constant prices and exchange rates),2015,2015,A,Annual,1444.259,1444.259,6,Millions,I,Imputed Value,F,Non-confidential,3,3
OECD.IEA:RDDPRIVATE(1.1),Private sector energy technology RD&D expenditures,ITALY,Italy,PRIVATE,Private sector,RDD,"Research, development and demonstration",TOTAL,Total budget,USD_R,USD (constant prices and exchange rates),2016,2016,A,Annual,1479.798,1479.798,6,Millions,I,Imputed Value,F,Non-confidential,3,3
OECD.IEA:RDDPRIVATE(1.1),Private sector energy technology RD&D expenditures,ITALY,Italy,PRIVATE,Private sector,RDD,"Research, development and demonstration",TOTAL,Total budget,USD_R,USD (constant prices and exchange rates),2017,2017,A,Annual,1496.518,1496.518,6,Millions,I,Imputed Value,F,Non-confidential,3,3
OECD.IEA:RDDPRIVATE(1.1),Private sector energy technology RD&D expenditures,ITALY,Italy,PRIVATE,Private sector,RDD,"Research, development and demonstration",TOTAL,Total budget,USD_R,USD (constant prices and exchange rates),2018,2018,A,Annual,1522.473,1522.473,6,Millions,I,Imputed Value,F,Non-confidential,3,3
OECD.IEA:RDDPRIVATE(1.1),Private sector energy technology RD&D expenditures,ITALY,Italy,PRIVATE,Private sector,RDD,"Research, development and demonstration",TOTAL,Total budget,USD_R,USD (constant prices and exchange rates),2019,2019,A,Annual,1534.188,1534.188,6,Millions,I,Imputed Value,F,Non-confidential,3,3
OECD.IEA:RDDPRIVATE(1.1),Private sector energy technology RD&D expenditures,ITALY,Italy,PRIVATE,Private sector,RDD,"Research, development and demonstration",TOTAL,Total budget,USD_R,USD (constant prices and exchange rates),2020,2020,A,Annual,1311.082,1311.082,6,Millions,I,Imputed Value,F,Non-confidential,3,3
OECD.IEA:RDDPRIVATE(1.1),Private sector energy technology RD&D expenditures,ITALY,Italy,PRIVATE,Private sector,RDD,"Research, development and demonstration",TOTAL,Total budget,USD_R,USD (constant prices and exchange rates),2021,2021,A,Annual,1281.011,1281.011,6,Millions,I,Imputed Value,F,Non-confidential,3,3
OECD.IEA:RDDPRIVATE(1.1),Private sector energy technology RD&D expenditures,ITALY,Italy,PRIVATE,Private sector,RDD,"Research, development and demonstration",TOTAL,Total budget,USD_R,USD (constant prices and exchange rates),2022,2022,A,Annual,1496.639,1496.639,6,Millions,I,Imputed Value,F,Non-confidential,3,3
OECD.IEA:RDDPRIVATE(1.1),Private sector energy technology RD&D expenditures,ITALY,Italy,PRIVATE,Private sector,RDD,"Research, development and demonstration",TOTAL,Total budget,USD_R,USD (constant prices and exchange rates),2023,2023,A,Annual,1369.97,1369.97,6,Millions,I,Imputed Value,F,Non-confidential,3,3
OECD.IEA:RDDPRIVATE(1.1),Private sector energy technology RD&D expenditures,ITALY,Italy,PRIVATE,Private sector,RDD,"Research, development and demonstration",TOTAL,Total budget,USD_R_PPP,USD (constant prices and PPP),2013,2013,A,Annual,632.359,632.359,6,Millions,I,Imputed Value,F,Non-confidential,3,3
OECD.IEA:RDDPRIVATE(1.1),Private sector energy technology RD&D expenditures,ITALY,Italy,PRIVATE,Private sector,RDD,"Research, development and demonstration",TOTAL,Total budget,USD_R_PPP,USD (constant prices and PPP),2014,2014,A,Annual,756.288,756.288,6,Millions,I,Imputed Value,F,Non-confidential,3,3
OECD.IEA:RDDPRIVATE(1.1),Private sector energy technology RD&D expenditures,ITALY,Italy,PRIVATE,Private sector,RDD,"Research, development and demonstration",TOTAL,Total budget,USD_R_PPP,USD (constant prices and PPP),2015,2015,A,Annual,2119.539,2119.539,6,Millions,I,Imputed Value,F,Non-confidential,3,3
OECD.IEA:RDDPRIVATE(1.1),Private sector energy technology RD&D expenditures,ITALY,Italy,PRIVATE,Private sector,RDD,"Research, development and demonstration",TOTAL,Total budget,USD_R_PPP,USD (constant prices and PPP),2016,2016,A,Annual,2171.695,2171.695,6,Millions,I,Imputed Value,F,Non-confidential,3,3
OECD.IEA:RDDPRIVATE(1.1),Private sector energy technology RD&D expenditures,ITALY,Italy,PRIVATE,Private sector,RDD,"Research, development and demonstration",TOTAL,Total budget,USD_R_PPP,USD (constant prices and PPP),2017,2017,A,Annual,2196.232,2196.232,6,Millions,I,Imputed Value,F,Non-confidential,3,3
OECD.IEA:RDDPRIVATE(1.1),Private sector energy technology RD&D expenditures,ITALY,Italy,PRIVATE,Private sector,RDD,"Research, development and demonstration",TOTAL,Total budget,USD_R_PPP,USD (constant prices and PPP),2018,2018,A,Annual,2234.323,2234.323,6,Millions,I,Imputed Value,F,Non-confidential,3,3
OECD.IEA:RDDPRIVATE(1.1),Private sector energy technology RD&D expenditures,ITALY,Italy,PRIVATE,Private sector,RDD,"Research, development and demonstration",TOTAL,Total budget,USD_R_PPP,USD (constant prices and PPP),2019,2019,A,Annual,2251.515,2251.515,6,Millions,I,Imputed Value,F,Non-confidential,3,3
OECD.IEA:RDDPRIVATE(1.1),Private sector energy technology RD&D expenditures,ITALY,Italy,PRIVATE,Private sector,RDD,"Research, development and demonstration",TOTAL,Total budget,USD_R_PPP,USD (constant prices and PPP),2020,2020,A,Annual,1924.094,1924.094,6,Millions,I,Imputed Value,F,Non-confidential,3,3
OECD.IEA:RDDPRIVATE(1.1),Private sector energy technology RD&D expenditures,ITALY,Italy,PRIVATE,Private sector,RDD,"Research, development and demonstration",TOTAL,Total budget,USD_R_PPP,USD (constant prices and PPP),2021,2021,A,Annual,1879.963,1879.963,6,Millions,I,Imputed Value,F,Non-confidential,3,3
OECD.IEA:RDDPRIVATE(1.1),Private sector energy technology RD&D expenditures,ITALY,Italy,PRIVATE,Private sector,RDD,"Research, development and demonstration",TOTAL,Total budget,USD_R_PPP,USD (constant prices and PPP),2022,2022,A,Annual,2196.41,2196.41,6,Millions,I,Imputed Value,F,Non-confidential,3,3
OECD.IEA:RDDPRIVATE(1.1),Private sector energy technology RD&D expenditures,ITALY,Italy,PRIVATE,Private sector,RDD,"Research, development and demonstration",TOTAL,Total budget,USD_R_PPP,USD (constant prices and PPP),2023,2023,A,Annual,2010.515,2010.515,6,Millions,I,Imputed Value,F,Non-confidential,3,3
OECD.IEA:RDDPRIVATE(1.1),Private sector energy technology RD&D expenditures,ITALY,Italy,PRIVATE,Private sector,RDD,"Research, development and demonstration",UN,Unallocated,EUR_R,Euro (constant prices and exchange rates),2013,2013,A,Annual,0.0,0.0,6,Millions,I,Imputed Value,F,Non-confidential,3,3
OECD.IEA:RDDPRIVATE(1.1),Private sector energy technology RD&D expenditures,ITALY,Italy,PRIVATE,Private sector,RDD,"Research, development and demonstration",UN,Unallocated,EUR_R,Euro (constant prices and exchange rates),2014,2014,A,Annual,0.0,0.0,6,Millions,I,Imputed Value,F,Non-confidential,3,3
OECD.IEA:RDDPRIVATE(1.1),Private sector energy technology RD&D expenditures,ITALY,Italy,PRIVATE,Private sector,RDD,"Research, development and demonstration",UN,Unallocated,EUR_R,Euro (constant prices and exchange rates),2015,2015,A,Annual,0.0,0.0,6,Millions,I,Imputed Value,F,Non-confidential,3,3
OECD.IEA:RDDPRIVATE(1.1),Private sector energy technology RD&D expenditures,ITALY,Italy,PRIVATE,Private sector,RDD,"Research, development and demonstration",UN,Unallocated,EUR_R,Euro (constant prices and exchange rates),2016,2016,A,Annual,0.0,0.0,6,Millions,I,Imputed Value,F,Non-confidential,3,3
OECD.IEA:RDDPRIVATE(1.1),Private sector energy technology RD&D expenditures,ITALY,Italy,PRIVATE,Private sector,RDD,"Research, development and demonstration",UN,Unallocated,EUR_R,Euro (constant prices and exchange rates),2017,2017,A,Annual,0.0,0.0,6,Millions,I,Imputed Value,F,Non-confidential,3,3
OECD.IEA:RDDPRIVATE(1.1),Private sector energy technology RD&D expenditures,ITALY,Italy,PRIVATE,Private sector,RDD,"Research, development and demonstration",UN,Unallocated,EUR_R,Euro (constant prices and exchange rates),2018,2018,A,Annual,0.0,0.0,6,Millions,I,Imputed Value,F,Non-confidential,3,3
OECD.IEA:RDDPRIVATE(1.1),Private sector energy technology RD&D expenditures,ITALY,Italy,PRIVATE,Private sector,RDD,"Research, development and demonstration",UN,Unallocated,EUR_R,Euro (constant prices and exchange rates),2019,2019,A,Annual,0.0,0.0,6,Millions,I,Imputed Value,F,Non-confidential,3,3
OECD.IEA:RDDPRIVATE(1.1),Private sector energy technology RD&D expenditures,ITALY,Italy,PRIVATE,Private sector,RDD,"Research, development and demonstration",UN,Unallocated,EUR_R,Euro (constant prices and exchange rates),2020,2020,A,Annual,0.0,0.0,6,Millions,I,Imputed Value,F,Non-confidential,3,3
OECD.IEA:RDDPRIVATE(1.1),Private sector energy technology RD&D expenditures,ITALY,Italy,PRIVATE,Private sector,RDD,"Research, development and demonstration",UN,Unallocated,EUR_R,Euro (constant prices and exchange rates),2021,2021,A,Annual,0.0,0.0,6,Millions,I,Imputed Value,F,Non-confidential,3,3
OECD.IEA:RDDPRIVATE(1.1),Private sector energy technology RD&D expenditures,ITALY,Italy,PRIVATE,Private sector,RDD,"Research, development and demonstration",UN,Unallocated,EUR_R,Euro (constant prices and exchange rates),2022,2022,A,Annual,0.0,0.0,6,Millions,I,Imputed Value,F,Non-confidential,3,3
OECD.IEA:RDDPRIVATE(1.1),Private sector energy technology RD&D expenditures,ITALY,Italy,PRIVATE,Private sector,RDD,"Research, development and demonstration",UN,Unallocated,EUR_R,Euro (constant prices and exchange rates),2023,2023,A,Annual,0.0,0.0,6,Millions,I,Imputed Value,F,Non-confidential,3,3
OECD.IEA:RDDPRIVATE(1.1),Private sector energy technology RD&D expenditures,ITALY,Italy,PRIVATE,Private sector,RDD,"Research, development and demonstration",UN,Unallocated,NC_N,National currency (nominal),2013,2013,A,Annual,0.0,0.0,6,Millions,A,Normal Value,F,Non-confidential,3,3
OECD.IEA:RDDPRIVATE(1.1),Private sector energy technology RD&D expenditures,ITALY,Italy,PRIVATE,Private sector,RDD,"Research, development and demonstration",UN,Unallocated,NC_N,National currency (nominal),2014,2014,A,Annual,0.0,0.0,6,Millions,A,Normal Value,F,Non-confidential,3,3
OECD.IEA:RDDPRIVATE(1.1),Private sector energy technology RD&D expenditures,ITALY,Italy,PRIVATE,Private sector,RDD,"Research, development and demonstration",UN,Unallocated,NC_N,National currency (nominal),2015,2015,A,Annual,0.0,0.0,6,Millions,A,Normal Value,F,Non-confidential,3,3
OECD.IEA:RDDPRIVATE(1.1),Private sector energy technology RD&D expenditures,ITALY,Italy,PRIVATE,Private sector,RDD,"Research, development and demonstration",UN,Unallocated,NC_N,National currency (nominal),2016,2016,A,Annual,0.0,0.0,6,Millions,A,Normal Value,F,Non-confidential,3,3
OECD.IEA:RDDPRIVATE(1.1),Private sector energy technology RD&D expenditures,ITALY,Italy,PRIVATE,Private sector,RDD,"Research, development and demonstration",UN,Unallocated,NC_N,National currency (nominal),2017,2017,A,Annual,0.0,0.0,6,Millions,A,Normal Value,F,Non-confidential,3,3
OECD.IEA:RDDPRIVATE(1.1),Private sector energy technology RD&D expenditures,ITALY,Italy,PRIVATE,Private sector,RDD,"Research, development and demonstration",UN,Unallocated,NC_N,National currency (nominal),2018,2018,A,Annual,0.0,0.0,6,Millions,A,Normal Value,F,Non-confidential,3,3
OECD.IEA:RDDPRIVATE(1.1),Private sector energy technology RD&D expenditures,ITALY,Italy,PRIVATE,Private sector,RDD,"Research, development and demonstration",UN,Unallocated,NC_N,National currency (nominal),2019,2019,A,Annual,0.0,0.0,6,Millions,A,Normal Value,F,Non-confidential,3,3
OECD.IEA:RDDPRIVATE(1.1),Private sector energy technology RD&D expenditures,ITALY,Italy,PRIVATE,Private sector,RDD,"Research, development and demonstration",UN,Unallocated,NC_N,National currency (nominal),2020,2020,A,Annual,0.0,0.0,6,Millions,A,Normal Value,F,Non-confidential,3,3
OECD.IEA:RDDPRIVATE(1.1),Private sector energy technology RD&D expenditures,ITALY,Italy,PRIVATE,Private sector,RDD,"Research, development and demonstration",UN,Unallocated,NC_N,National currency (nominal),2021,2021,A,Annual,0.0,0.0,6,Millions,A,Normal Value,F,Non-confidential,3,3
OECD.IEA:RDDPRIVATE(1.1),Private sector energy technology RD&D expenditures,ITALY,Italy,PRIVATE,Private sector,RDD,"Research, development and demonstration",UN,Unallocated,NC_N,National currency (nominal),2022,2022,A,Annual,0.0,0.0,6,Millions,A,Normal Value,F,Non-confidential,3,3
OECD.IEA:RDDPRIVATE(1.1),Private sector energy technology RD&D expenditures,ITALY,Italy,PRIVATE,Private sector,RDD,"Research, development and demonstration",UN,Unallocated,NC_N,National currency (nominal),2023,2023,A,Annual,0.0,0.0,6,Millions,A,Normal Value,F,Non-confidential,3,3
OECD.IEA:RDDPRIVATE(1.1),Private sector energy technology RD&D expenditures,ITALY,Italy,PRIVATE,Private sector,RDD,"Research, development and demonstration",UN,Unallocated,NC_R,National currency (constant prices),2013,2013,A,Annual,0.0,0.0,6,Millions,I,Imputed Value,F,Non-confidential,3,3
OECD.IEA:RDDPRIVATE(1.1),Private sector energy technology RD&D expenditures,ITALY,Italy,PRIVATE,Private sector,RDD,"Research, development and demonstration",UN,Unallocated,NC_R,National currency (constant prices),2014,2014,A,Annual,0.0,0.0,6,Millions,I,Imputed Value,F,Non-confidential,3,3
OECD.IEA:RDDPRIVATE(1.1),Private sector energy technology RD&D expenditures,ITALY,Italy,PRIVATE,Private sector,RDD,"Research, development and demonstration",UN,Unallocated,NC_R,National currency (constant prices),2015,2015,A,Annual,0.0,0.0,6,Millions,I,Imputed Value,F,Non-confidential,3,3
OECD.IEA:RDDPRIVATE(1.1),Private sector energy technology RD&D expenditures,ITALY,Italy,PRIVATE,Private sector,RDD,"Research, development and demonstration",UN,Unallocated,NC_R,National currency (constant prices),2016,2016,A,Annual,0.0,0.0,6,Millions,I,Imputed Value,F,Non-confidential,3,3
OECD.IEA:RDDPRIVATE(1.1),Private sector energy technology RD&D expenditures,ITALY,Italy,PRIVATE,Private sector,RDD,"Research, development and demonstration",UN,Unallocated,NC_R,National currency (constant prices),2017,2017,A,Annual,0.0,0.0,6,Millions,I,Imputed Value,F,Non-confidential,3,3
OECD.IEA:RDDPRIVATE(1.1),Private sector energy technology RD&D expenditures,ITALY,Italy,PRIVATE,Private sector,RDD,"Research, development and demonstration",UN,Unallocated,NC_R,National currency (constant prices),2018,2018,A,Annual,0.0,0.0,6,Millions,I,Imputed Value,F,Non-confidential,3,3
OECD.IEA:RDDPRIVATE(1.1),Private sector energy technology RD&D expenditures,ITALY,Italy,PRIVATE,Private sector,RDD,"Research, development and demonstration",UN,Unallocated,NC_R,National currency (constant prices),2019,2019,A,Annual,0.0,0.0,6,Millions,I,Imputed Value,F,Non-confidential,3,3
OECD.IEA:RDDPRIVATE(1.1),Private sector energy technology RD&D expenditures,ITALY,Italy,PRIVATE,Private sector,RDD,"Research, development and demonstration",UN,Unallocated,NC_R,National currency (constant prices),2020,2020,A,Annual,0.0,0.0,6,Millions,I,Imputed Value,F,Non-confidential,3,3
OECD.IEA:RDDPRIVATE(1.1),Private sector energy technology RD&D expenditures,ITALY,Italy,PRIVATE,Private sector,RDD,"Research, development and demonstration",UN,Unallocated,NC_R,National currency (constant prices),2021,2021,A,Annual,0.0,0.0,6,Millions,I,Imputed Value,F,Non-confidential,3,3
OECD.IEA:RDDPRIVATE(1.1),Private sector energy technology RD&D expenditures,ITALY,Italy,PRIVATE,Private sector,RDD,"Research, development and demonstration",UN,Unallocated,NC_R,National currency (constant prices),2022,2022,A,Annual,0.0,0.0,6,Millions,I,Imputed Value,F,Non-confidential,3,3
OECD.IEA:RDDPRIVATE(1.1),Private sector energy technology RD&D expenditures,ITALY,Italy,PRIVATE,Private sector,RDD,"Research, development and demonstration",UN,Unallocated,NC_R,National currency (constant prices),2023,2023,A,Annual,0.0,0.0,6,Millions,I,Imputed Value,F,Non-confidential,3,3
OECD.IEA:RDDPRIVATE(1.1),Private sector energy technology RD&D expenditures,ITALY,Italy,PRIVATE,Private sector,RDD,"Research, development and demonstration",UN,Unallocated,USD_R,USD (constant prices and exchange rates),2013,2013,A,Annual,0.0,0.0,6,Millions,I,Imputed Value,F,Non-confidential,3,3
OECD.IEA:RDDPRIVATE(1.1),Private sector energy technology RD&D expenditures,ITALY,Italy,PRIVATE,Private sector,RDD,"Research, development and demonstration",UN,Unallocated,USD_R,USD (constant prices and exchange rates),2014,2014,A,Annual,0.0,0.0,6,Millions,I,Imputed Value,F,Non-confidential,3,3
OECD.IEA:RDDPRIVATE(1.1),Private sector energy technology RD&D expenditures,ITALY,Italy,PRIVATE,Private sector,RDD,"Research, development and demonstration",UN,Unallocated,USD_R,USD (constant prices and exchange rates),2015,2015,A,Annual,0.0,0.0,6,Millions,I,Imputed Value,F,Non-confidential,3,3
OECD.IEA:RDDPRIVATE(1.1),Private sector energy technology RD&D expenditures,ITALY,Italy,PRIVATE,Private sector,RDD,"Research, development and demonstration",UN,Unallocated,USD_R,USD (constant prices and exchange rates),2016,2016,A,Annual,0.0,0.0,6,Millions,I,Imputed Value,F,Non-confidential,3,3
OECD.IEA:RDDPRIVATE(1.1),Private sector energy technology RD&D expenditures,ITALY,Italy,PRIVATE,Private sector,RDD,"Research, development and demonstration",UN,Unallocated,USD_R,USD (constant prices and exchange rates),2017,2017,A,Annual,0.0,0.0,6,Millions,I,Imputed Value,F,Non-confidential,3,3
OECD.IEA:RDDPRIVATE(1.1),Private sector energy technology RD&D expenditures,ITALY,Italy,PRIVATE,Private sector,RDD,"Research, development and demonstration",UN,Unallocated,USD_R,USD (constant prices and exchange rates),2018,2018,A,Annual,0.0,0.0,6,Millions,I,Imputed Value,F,Non-confidential,3,3
OECD.IEA:RDDPRIVATE(1.1),Private sector energy technology RD&D expenditures,ITALY,Italy,PRIVATE,Private sector,RDD,"Research, development and demonstration",UN,Unallocated,USD_R,USD (constant prices and exchange rates),2019,2019,A,Annual,0.0,0.0,6,Millions,I,Imputed Value,F,Non-confidential,3,3
OECD.IEA:RDDPRIVATE(1.1),Private sector energy technology RD&D expenditures,ITALY,Italy,PRIVATE,Private sector,RDD,"Research, development and demonstration",UN,Unallocated,USD_R,USD (constant prices and exchange rates),2020,2020,A,Annual,0.0,0.0,6,Millions,I,Imputed Value,F,Non-confidential,3,3
OECD.IEA:RDDPRIVATE(1.1),Private sector energy technology RD&D expenditures,ITALY,Italy,PRIVATE,Private sector,RDD,"Research, development and demonstration",UN,Unallocated,USD_R,USD (constant prices and exchange rates),2021,2021,A,Annual,0.0,0.0,6,Millions,I,Imputed Value,F,Non-confidential,3,3
OECD.IEA:RDDPRIVATE(1.1),Private sector energy technology RD&D expenditures,ITALY,Italy,PRIVATE,Private sector,RDD,"Research, development and demonstration",UN,Unallocated,USD_R,USD (constant prices and exchange rates),2022,2022,A,Annual,0.0,0.0,6,Millions,I,Imputed Value,F,Non-confidential,3,3
OECD.IEA:RDDPRIVATE(1.1),Private sector energy technology RD&D expenditures,ITALY,Italy,PRIVATE,Private sector,RDD,"Research, development and demonstration",UN,Unallocated,USD_R,USD (constant prices and exchange rates),2023,2023,A,Annual,0.0,0.0,6,Millions,I,Imputed Value,F,Non-confidential,3,3
OECD.IEA:RDDPRIVATE(1.1),Private sector energy technology RD&D expenditures,ITALY,Italy,PRIVATE,Private sector,RDD,"Research, development and demonstration",UN,Unallocated,USD_R_PPP,USD (constant prices and PPP),2013,2013,A,Annual,0.0,0.0,6,Millions,I,Imputed Value,F,Non-confidential,3,3
OECD.IEA:RDDPRIVATE(1.1),Private sector energy technology RD&D expenditures,ITALY,Italy,PRIVATE,Private sector,RDD,"Research, development and demonstration",UN,Unallocated,USD_R_PPP,USD (constant prices and PPP),2014,2014,A,Annual,0.0,0.0,6,Millions,I,Imputed Value,F,Non-confidential,3,3
OECD.IEA:RDDPRIVATE(1.1),Private sector energy technology RD&D expenditures,ITALY,Italy,PRIVATE,Private sector,RDD,"Research, development and demonstration",UN,Unallocated,USD_R_PPP,USD (constant prices and PPP),2015,2015,A,Annual,0.0,0.0,6,Millions,I,Imputed Value,F,Non-confidential,3,3
OECD.IEA:RDDPRIVATE(1.1),Private sector energy technology RD&D expenditures,ITALY,Italy,PRIVATE,Private sector,RDD,"Research, development and demonstration",UN,Unallocated,USD_R_PPP,USD (constant prices and PPP),2016,2016,A,Annual,0.0,0.0,6,Millions,I,Imputed Value,F,Non-confidential,3,3
OECD.IEA:RDDPRIVATE(1.1),Private sector energy technology RD&D expenditures,ITALY,Italy,PRIVATE,Private sector,RDD,"Research, development and demonstration",UN,Unallocated,USD_R_PPP,USD (constant prices and PPP),2017,2017,A,Annual,0.0,0.0,6,Millions,I,Imputed Value,F,Non-confidential,3,3
OECD.IEA:RDDPRIVATE(1.1),Private sector energy technology RD&D expenditures,ITALY,Italy,PRIVATE,Private sector,RDD,"Research, development and demonstration",UN,Unallocated,USD_R_PPP,USD (constant prices and PPP),2018,2018,A,Annual,0.0,0.0,6,Millions,I,Imputed Value,F,Non-confidential,3,3
OECD.IEA:RDDPRIVATE(1.1),Private sector energy technology RD&D expenditures,ITALY,Italy,PRIVATE,Private sector,RDD,"Research, development and demonstration",UN,Unallocated,USD_R_PPP,USD (constant prices and PPP),2019,2019,A,Annual,0.0,0.0,6,Millions,I,Imputed Value,F,Non-confidential,3,3
OECD.IEA:RDDPRIVATE(1.1),Private sector energy technology RD&D expenditures,ITALY,Italy,PRIVATE,Private sector,RDD,"Research, development and demonstration",UN,Unallocated,USD_R_PPP,USD (constant prices and PPP),2020,2020,A,Annual,0.0,0.0,6,Millions,I,Imputed Value,F,Non-confidential,3,3
OECD.IEA:RDDPRIVATE(1.1),Private sector energy technology RD&D expenditures,ITALY,Italy,PRIVATE,Private sector,RDD,"Research, development and demonstration",UN,Unallocated,USD_R_PPP,USD (constant prices and PPP),2021,2021,A,Annual,0.0,0.0,6,Millions,I,Imputed Value,F,Non-confidential,3,3
OECD.IEA:RDDPRIVATE(1.1),Private sector energy technology RD&D expenditures,ITALY,Italy,PRIVATE,Private sector,RDD,"Research, development and demonstration",UN,Unallocated,USD_R_PPP,USD (constant prices and PPP),2022,2022,A,Annual,0.0,0.0,6,Millions,I,Imputed Value,F,Non-confidential,3,3
OECD.IEA:RDDPRIVATE(1.1),Private sector energy technology RD&D expenditures,ITALY,Italy,PRIVATE,Private sector,RDD,"Research, development and demonstration",UN,Unallocated,USD_R_PPP,USD (constant prices and PPP),2023,2023,A,Annual,0.0,0.0,6,Millions,I,Imputed Value,F,Non-confidential,3,3
OECD.IEA:RDDPRIVATE(1.1),Private sector energy technology RD&D expenditures,ITALY,Italy,PRIVATE,Private sector,RDD,"Research, development and demonstration",Z,Cross-cutting technologies and research,EUR_R,Euro (constant prices and exchange rates),2013,2013,A,Annual,38.28,38.28,6,Millions,I,Imputed Value,F,Non-confidential,3,3
OECD.IEA:RDDPRIVATE(1.1),Private sector energy technology RD&D expenditures,ITALY,Italy,PRIVATE,Private sector,RDD,"Research, development and demonstration",Z,Cross-cutting technologies and research,EUR_R,Euro (constant prices and exchange rates),2014,2014,A,Annual,34.515,34.515,6,Millions,I,Imputed Value,F,Non-confidential,3,3
OECD.IEA:RDDPRIVATE(1.1),Private sector energy technology RD&D expenditures,ITALY,Italy,PRIVATE,Private sector,RDD,"Research, development and demonstration",Z,Cross-cutting technologies and research,EUR_R,Euro (constant prices and exchange rates),2015,2015,A,Annual,22.559,22.559,6,Millions,I,Imputed Value,F,Non-confidential,3,3
OECD.IEA:RDDPRIVATE(1.1),Private sector energy technology RD&D expenditures,ITALY,Italy,PRIVATE,Private sector,RDD,"Research, development and demonstration",Z,Cross-cutting technologies and research,EUR_R,Euro (constant prices and exchange rates),2016,2016,A,Annual,50.547,50.547,6,Millions,I,Imputed Value,F,Non-confidential,3,3
OECD.IEA:RDDPRIVATE(1.1),Private sector energy technology RD&D expenditures,ITALY,Italy,PRIVATE,Private sector,RDD,"Research, development and demonstration",Z,Cross-cutting technologies and research,EUR_R,Euro (constant prices and exchange rates),2017,2017,A,Annual,51.118,51.118,6,Millions,I,Imputed Value,F,Non-confidential,3,3
OECD.IEA:RDDPRIVATE(1.1),Private sector energy technology RD&D expenditures,ITALY,Italy,PRIVATE,Private sector,RDD,"Research, development and demonstration",Z,Cross-cutting technologies and research,EUR_R,Euro (constant prices and exchange rates),2018,2018,A,Annual,52.004,52.004,6,Millions,I,Imputed Value,F,Non-confidential,3,3
OECD.IEA:RDDPRIVATE(1.1),Private sector energy technology RD&D expenditures,ITALY,Italy,PRIVATE,Private sector,RDD,"Research, development and demonstration",Z,Cross-cutting technologies and research,EUR_R,Euro (constant prices and exchange rates),2019,2019,A,Annual,28.018,28.018,6,Millions,I,Imputed Value,F,Non-confidential,3,3
OECD.IEA:RDDPRIVATE(1.1),Private sector energy technology RD&D expenditures,ITALY,Italy,PRIVATE,Private sector,RDD,"Research, development and demonstration",Z,Cross-cutting technologies and research,EUR_R,Euro (constant prices and exchange rates),2020,2020,A,Annual,82.592,82.592,6,Millions,I,Imputed Value,F,Non-confidential,3,3
OECD.IEA:RDDPRIVATE(1.1),Private sector energy technology RD&D expenditures,ITALY,Italy,PRIVATE,Private sector,RDD,"Research, development and demonstration",Z,Cross-cutting technologies and research,EUR_R,Euro (constant prices and exchange rates),2021,2021,A,Annual,98.678,98.678,6,Millions,I,Imputed Value,F,Non-confidential,3,3
OECD.IEA:RDDPRIVATE(1.1),Private sector energy technology RD&D expenditures,ITALY,Italy,PRIVATE,Private sector,RDD,"Research, development and demonstration",Z,Cross-cutting technologies and research,EUR_R,Euro (constant prices and exchange rates),2022,2022,A,Annual,90.185,90.185,6,Millions,I,Imputed Value,F,Non-confidential,3,3
OECD.IEA:RDDPRIVATE(1.1),Private sector energy technology RD&D expenditures,ITALY,Italy,PRIVATE,Private sector,RDD,"Research, development and demonstration",Z,Cross-cutting technologies and research,EUR_R,Euro (constant prices and exchange rates),2023,2023,A,Annual,34.905,34.905,6,Millions,I,Imputed Value,F,Non-confidential,3,3
OECD.IEA:RDDPRIVATE(1.1),Private sector energy technology RD&D expenditures,ITALY,Italy,PRIVATE,Private sector,RDD,"Research, development and demonstration",Z,Cross-cutting technologies and research,NC_N,National currency (nominal),2013,2013,A,Annual,30.749,30.749,6,Millions,A,Normal Value,F,Non-confidential,3,3
OECD.IEA:RDDPRIVATE(1.1),Private sector energy technology RD&D expenditures,ITALY,Italy,PRIVATE,Private sector,RDD,"Research, development and demonstration",Z,Cross-cutting technologies and research,NC_N,National currency (nominal),2014,2014,A,Annual,27.982,27.982,6,Millions,A,Normal Value,F,Non-confidential,3,3
OECD.IEA:RDDPRIVATE(1.1),Private sector energy technology RD&D expenditures,ITALY,Italy,PRIVATE,Private sector,RDD,"Research, development and demonstration",Z,Cross-cutting technologies and research,NC_N,National currency (nominal),2015,2015,A,Annual,18.429,18.429,6,Millions,A,Normal Value,F,Non-confidential,3,3
OECD.IEA:RDDPRIVATE(1.1),Private sector energy technology RD&D expenditures,ITALY,Italy,PRIVATE,Private sector,RDD,"Research, development and demonstration",Z,Cross-cutting technologies and research,NC_N,National currency (nominal),2016,2016,A,Annual,41.793,41.793,6,Millions,A,Normal Value,F,Non-confidential,3,3
OECD.IEA:RDDPRIVATE(1.1),Private sector energy technology RD&D expenditures,ITALY,Italy,PRIVATE,Private sector,RDD,"Research, development and demonstration",Z,Cross-cutting technologies and research,NC_N,National currency (nominal),2017,2017,A,Annual,42.562,42.562,6,Millions,A,Normal Value,F,Non-confidential,3,3
OECD.IEA:RDDPRIVATE(1.1),Private sector energy technology RD&D expenditures,ITALY,Italy,PRIVATE,Private sector,RDD,"Research, development and demonstration",Z,Cross-cutting technologies and research,NC_N,National currency (nominal),2018,2018,A,Annual,43.799,43.799,6,Millions,A,Normal Value,F,Non-confidential,3,3
OECD.IEA:RDDPRIVATE(1.1),Private sector energy technology RD&D expenditures,ITALY,Italy,PRIVATE,Private sector,RDD,"Research, development and demonstration",Z,Cross-cutting technologies and research,NC_N,National currency (nominal),2019,2019,A,Annual,23.836,23.836,6,Millions,A,Normal Value,F,Non-confidential,3,3
OECD.IEA:RDDPRIVATE(1.1),Private sector energy technology RD&D expenditures,ITALY,Italy,PRIVATE,Private sector,RDD,"Research, development and demonstration",Z,Cross-cutting technologies and research,NC_N,National currency (nominal),2020,2020,A,Annual,71.308,71.308,6,Millions,A,Normal Value,F,Non-confidential,3,3
OECD.IEA:RDDPRIVATE(1.1),Private sector energy technology RD&D expenditures,ITALY,Italy,PRIVATE,Private sector,RDD,"Research, development and demonstration",Z,Cross-cutting technologies and research,NC_N,National currency (nominal),2021,2021,A,Annual,86.416,86.416,6,Millions,A,Normal Value,F,Non-confidential,3,3
OECD.IEA:RDDPRIVATE(1.1),Private sector energy technology RD&D expenditures,ITALY,Italy,PRIVATE,Private sector,RDD,"Research, development and demonstration",Z,Cross-cutting technologies and research,NC_N,National currency (nominal),2022,2022,A,Annual,81.717,81.717,6,Millions,A,Normal Value,F,Non-confidential,3,3
OECD.IEA:RDDPRIVATE(1.1),Private sector energy technology RD&D expenditures,ITALY,Italy,PRIVATE,Private sector,RDD,"Research, development and demonstration",Z,Cross-cutting technologies and research,NC_N,National currency (nominal),2023,2023,A,Annual,33.591,33.591,6,Millions,A,Normal Value,F,Non-confidential,3,3
OECD.IEA:RDDPRIVATE(1.1),Private sector energy technology RD&D expenditures,ITALY,Italy,PRIVATE,Private sector,RDD,"Research, development and demonstration",Z,Cross-cutting technologies and research,NC_R,National currency (constant prices),2013,2013,A,Annual,38.28,38.28,6,Millions,I,Imputed Value,F,Non-confidential,3,3
OECD.IEA:RDDPRIVATE(1.1),Private sector energy technology RD&D expenditures,ITALY,Italy,PRIVATE,Private sector,RDD,"Research, development and demonstration",Z,Cross-cutting technologies and research,NC_R,National currency (constant prices),2014,2014,A,Annual,34.515,34.515,6,Millions,I,Imputed Value,F,Non-confidential,3,3
OECD.IEA:RDDPRIVATE(1.1),Private sector energy technology RD&D expenditures,ITALY,Italy,PRIVATE,Private sector,RDD,"Research, development and demonstration",Z,Cross-cutting technologies and research,NC_R,National currency (constant prices),2015,2015,A,Annual,22.559,22.559,6,Millions,I,Imputed Value,F,Non-confidential,3,3
OECD.IEA:RDDPRIVATE(1.1),Private sector energy technology RD&D expenditures,ITALY,Italy,PRIVATE,Private sector,RDD,"Research, development and demonstration",Z,Cross-cutting technologies and research,NC_R,National currency (constant prices),2016,2016,A,Annual,50.547,50.547,6,Millions,I,Imputed Value,F,Non-confidential,3,3
OECD.IEA:RDDPRIVATE(1.1),Private sector energy technology RD&D expenditures,ITALY,Italy,PRIVATE,Private sector,RDD,"Research, development and demonstration",Z,Cross-cutting technologies and research,NC_R,National currency (constant prices),2017,2017,A,Annual,51.118,51.118,6,Millions,I,Imputed Value,F,Non-confidential,3,3
OECD.IEA:RDDPRIVATE(1.1),Private sector energy technology RD&D expenditures,ITALY,Italy,PRIVATE,Private sector,RDD,"Research, development and demonstration",Z,Cross-cutting technologies and research,NC_R,National currency (constant prices),2018,2018,A,Annual,52.004,52.004,6,Millions,I,Imputed Value,F,Non-confidential,3,3
OECD.IEA:RDDPRIVATE(1.1),Private sector energy technology RD&D expenditures,ITALY,Italy,PRIVATE,Private sector,RDD,"Research, development and demonstration",Z,Cross-cutting technologies and research,NC_R,National currency (constant prices),2019,2019,A,Annual,28.018,28.018,6,Millions,I,Imputed Value,F,Non-confidential,3,3
OECD.IEA:RDDPRIVATE(1.1),Private sector energy technology RD&D expenditures,ITALY,Italy,PRIVATE,Private sector,RDD,"Research, development and demonstration",Z,Cross-cutting technologies and research,NC_R,National currency (constant prices),2020,2020,A,Annual,82.592,82.592,6,Millions,I,Imputed Value,F,Non-confidential,3,3
OECD.IEA:RDDPRIVATE(1.1),Private sector energy technology RD&D expenditures,ITALY,Italy,PRIVATE,Private sector,RDD,"Research, development and demonstration",Z,Cross-cutting technologies and research,NC_R,National currency (constant prices),2021,2021,A,Annual,98.678,98.678,6,Millions,I,Imputed Value,F,Non-confidential,3,3
OECD.IEA:RDDPRIVATE(1.1),Private sector energy technology RD&D expenditures,ITALY,Italy,PRIVATE,Private sector,RDD,"Research, development and demonstration",Z,Cross-cutting technologies and research,NC_R,National currency (constant prices),2022,2022,A,Annual,90.185,90.185,6,Millions,I,Imputed Value,F,Non-confidential,3,3
OECD.IEA:RDDPRIVATE(1.1),Private sector energy technology RD&D expenditures,ITALY,Italy,PRIVATE,Private sector,RDD,"Research, development and demonstration",Z,Cross-cutting technologies and research,NC_R,National currency (constant prices),2023,2023,A,Annual,34.905,34.905,6,Millions,I,Imputed Value,F,Non-confidential,3,3
OECD.IEA:RDDPRIVATE(1.1),Private sector energy technology RD&D expenditures,ITALY,Italy,PRIVATE,Private sector,RDD,"Research, development and demonstration",Z,Cross-cutting technologies and research,USD_R,USD (constant prices and exchange rates),2013,2013,A,Annual,43.256,43.256,6,Millions,I,Imputed Value,F,Non-confidential,3,3
OECD.IEA:RDDPRIVATE(1.1),Private sector energy technology RD&D expenditures,ITALY,Italy,PRIVATE,Private sector,RDD,"Research, development and demonstration",Z,Cross-cutting technologies and research,USD_R,USD (constant prices and exchange rates),2014,2014,A,Annual,39.002,39.002,6,Millions,I,Imputed Value,F,Non-confidential,3,3
OECD.IEA:RDDPRIVATE(1.1),Private sector energy technology RD&D expenditures,ITALY,Italy,PRIVATE,Private sector,RDD,"Research, development and demonstration",Z,Cross-cutting technologies and research,USD_R,USD (constant prices and exchange rates),2015,2015,A,Annual,25.491,25.491,6,Millions,I,Imputed Value,F,Non-confidential,3,3
OECD.IEA:RDDPRIVATE(1.1),Private sector energy technology RD&D expenditures,ITALY,Italy,PRIVATE,Private sector,RDD,"Research, development and demonstration",Z,Cross-cutting technologies and research,USD_R,USD (constant prices and exchange rates),2016,2016,A,Annual,57.117,57.117,6,Millions,I,Imputed Value,F,Non-confidential,3,3
OECD.IEA:RDDPRIVATE(1.1),Private sector energy technology RD&D expenditures,ITALY,Italy,PRIVATE,Private sector,RDD,"Research, development and demonstration",Z,Cross-cutting technologies and research,USD_R,USD (constant prices and exchange rates),2017,2017,A,Annual,57.762,57.762,6,Millions,I,Imputed Value,F,Non-confidential,3,3
OECD.IEA:RDDPRIVATE(1.1),Private sector energy technology RD&D expenditures,ITALY,Italy,PRIVATE,Private sector,RDD,"Research, development and demonstration",Z,Cross-cutting technologies and research,USD_R,USD (constant prices and exchange rates),2018,2018,A,Annual,58.764,58.764,6,Millions,I,Imputed Value,F,Non-confidential,3,3
OECD.IEA:RDDPRIVATE(1.1),Private sector energy technology RD&D expenditures,ITALY,Italy,PRIVATE,Private sector,RDD,"Research, development and demonstration",Z,Cross-cutting technologies and research,USD_R,USD (constant prices and exchange rates),2019,2019,A,Annual,31.66,31.66,6,Millions,I,Imputed Value,F,Non-confidential,3,3
OECD.IEA:RDDPRIVATE(1.1),Private sector energy technology RD&D expenditures,ITALY,Italy,PRIVATE,Private sector,RDD,"Research, development and demonstration",Z,Cross-cutting technologies and research,USD_R,USD (constant prices and exchange rates),2020,2020,A,Annual,93.328,93.328,6,Millions,I,Imputed Value,F,Non-confidential,3,3
OECD.IEA:RDDPRIVATE(1.1),Private sector energy technology RD&D expenditures,ITALY,Italy,PRIVATE,Private sector,RDD,"Research, development and demonstration",Z,Cross-cutting technologies and research,USD_R,USD (constant prices and exchange rates),2021,2021,A,Annual,111.505,111.505,6,Millions,I,Imputed Value,F,Non-confidential,3,3
OECD.IEA:RDDPRIVATE(1.1),Private sector energy technology RD&D expenditures,ITALY,Italy,PRIVATE,Private sector,RDD,"Research, development and demonstration",Z,Cross-cutting technologies and research,USD_R,USD (constant prices and exchange rates),2022,2022,A,Annual,101.907,101.907,6,Millions,I,Imputed Value,F,Non-confidential,3,3
OECD.IEA:RDDPRIVATE(1.1),Private sector energy technology RD&D expenditures,ITALY,Italy,PRIVATE,Private sector,RDD,"Research, development and demonstration",Z,Cross-cutting technologies and research,USD_R,USD (constant prices and exchange rates),2023,2023,A,Annual,39.442,39.442,6,Millions,I,Imputed Value,F,Non-confidential,3,3
OECD.IEA:RDDPRIVATE(1.1),Private sector energy technology RD&D expenditures,ITALY,Italy,PRIVATE,Private sector,RDD,"Research, development and demonstration",Z,Cross-cutting technologies and research,USD_R_PPP,USD (constant prices and PPP),2013,2013,A,Annual,63.48,63.48,6,Millions,I,Imputed Value,F,Non-confidential,3,3
OECD.IEA:RDDPRIVATE(1.1),Private sector energy technology RD&D expenditures,ITALY,Italy,PRIVATE,Private sector,RDD,"Research, development and demonstration",Z,Cross-cutting technologies and research,USD_R_PPP,USD (constant prices and PPP),2014,2014,A,Annual,57.237,57.237,6,Millions,I,Imputed Value,F,Non-confidential,3,3
OECD.IEA:RDDPRIVATE(1.1),Private sector energy technology RD&D expenditures,ITALY,Italy,PRIVATE,Private sector,RDD,"Research, development and demonstration",Z,Cross-cutting technologies and research,USD_R_PPP,USD (constant prices and PPP),2015,2015,A,Annual,37.41,37.41,6,Millions,I,Imputed Value,F,Non-confidential,3,3
OECD.IEA:RDDPRIVATE(1.1),Private sector energy technology RD&D expenditures,ITALY,Italy,PRIVATE,Private sector,RDD,"Research, development and demonstration",Z,Cross-cutting technologies and research,USD_R_PPP,USD (constant prices and PPP),2016,2016,A,Annual,83.823,83.823,6,Millions,I,Imputed Value,F,Non-confidential,3,3
OECD.IEA:RDDPRIVATE(1.1),Private sector energy technology RD&D expenditures,ITALY,Italy,PRIVATE,Private sector,RDD,"Research, development and demonstration",Z,Cross-cutting technologies and research,USD_R_PPP,USD (constant prices and PPP),2017,2017,A,Annual,84.77,84.77,6,Millions,I,Imputed Value,F,Non-confidential,3,3
OECD.IEA:RDDPRIVATE(1.1),Private sector energy technology RD&D expenditures,ITALY,Italy,PRIVATE,Private sector,RDD,"Research, development and demonstration",Z,Cross-cutting technologies and research,USD_R_PPP,USD (constant prices and PPP),2018,2018,A,Annual,86.24,86.24,6,Millions,I,Imputed Value,F,Non-confidential,3,3
OECD.IEA:RDDPRIVATE(1.1),Private sector energy technology RD&D expenditures,ITALY,Italy,PRIVATE,Private sector,RDD,"Research, development and demonstration",Z,Cross-cutting technologies and research,USD_R_PPP,USD (constant prices and PPP),2019,2019,A,Annual,46.463,46.463,6,Millions,I,Imputed Value,F,Non-confidential,3,3
OECD.IEA:RDDPRIVATE(1.1),Private sector energy technology RD&D expenditures,ITALY,Italy,PRIVATE,Private sector,RDD,"Research, development and demonstration",Z,Cross-cutting technologies and research,USD_R_PPP,USD (constant prices and PPP),2020,2020,A,Annual,136.964,136.964,6,Millions,I,Imputed Value,F,Non-confidential,3,3
OECD.IEA:RDDPRIVATE(1.1),Private sector energy technology RD&D expenditures,ITALY,Italy,PRIVATE,Private sector,RDD,"Research, development and demonstration",Z,Cross-cutting technologies and research,USD_R_PPP,USD (constant prices and PPP),2021,2021,A,Annual,163.64,163.64,6,Millions,I,Imputed Value,F,Non-confidential,3,3
OECD.IEA:RDDPRIVATE(1.1),Private sector energy technology RD&D expenditures,ITALY,Italy,PRIVATE,Private sector,RDD,"Research, development and demonstration",Z,Cross-cutting technologies and research,USD_R_PPP,USD (constant prices and PPP),2022,2022,A,Annual,149.555,149.555,6,Millions,I,Imputed Value,F,Non-confidential,3,3
OECD.IEA:RDDPRIVATE(1.1),Private sector energy technology RD&D expenditures,ITALY,Italy,PRIVATE,Private sector,RDD,"Research, development and demonstration",Z,Cross-cutting technologies and research,USD_R_PPP,USD (constant prices and PPP),2023,2023,A,Annual,57.884,57.884,6,Millions,I,Imputed Value,F,Non-confidential,3,3
OECD.IEA:RDDPRIVATE(1.1),Private sector energy technology RD&D expenditures,PORTUGAL,Portugal,PRIVATE,Private sector,RDD,"Research, development and demonstration",A,Energy end uses,EUR_R,Euro (constant prices and exchange rates),2019,2019,A,Annual,33.312,33.312,6,Millions,I,Imputed Value,F,Non-confidential,3,3
OECD.IEA:RDDPRIVATE(1.1),Private sector energy technology RD&D expenditures,PORTUGAL,Portugal,PRIVATE,Private sector,RDD,"Research, development and demonstration",A,Energy end uses,EUR_R,Euro (constant prices and exchange rates),2020,2020,A,Annual,46.126,46.126,6,Millions,I,Imputed Value,F,Non-confidential,3,3
OECD.IEA:RDDPRIVATE(1.1),Private sector energy technology RD&D expenditures,PORTUGAL,Portugal,PRIVATE,Private sector,RDD,"Research, development and demonstration",A,Energy end uses,EUR_R,Euro (constant prices and exchange rates),2021,2021,A,Annual,67.846,67.846,6,Millions,I,Imputed Value,F,Non-confidential,3,3
OECD.IEA:RDDPRIVATE(1.1),Private sector energy technology RD&D expenditures,PORTUGAL,Portugal,PRIVATE,Private sector,RDD,"Research, development and demonstration",A,Energy end uses,EUR_R,Euro (constant prices and exchange rates),2022,2022,A,Annual,86.86,86.86,6,Millions,I,Imputed Value,F,Non-confidential,3,3
OECD.IEA:RDDPRIVATE(1.1),Private sector energy technology RD&D expenditures,PORTUGAL,Portugal,PRIVATE,Private sector,RDD,"Research, development and demonstration",A,Energy end uses,EUR_R,Euro (constant prices and exchange rates),2023,2023,A,Annual,91.627,91.627,6,Millions,I,Imputed Value,F,Non-confidential,3,3
OECD.IEA:RDDPRIVATE(1.1),Private sector energy technology RD&D expenditures,PORTUGAL,Portugal,PRIVATE,Private sector,RDD,"Research, development and demonstration",A,Energy end uses,EUR_R,Euro (constant prices and exchange rates),2024,2024,A,Annual,106.757,106.757,6,Millions,I,Imputed Value,F,Non-confidential,3,3
OECD.IEA:RDDPRIVATE(1.1),Private sector energy technology RD&D expenditures,PORTUGAL,Portugal,PRIVATE,Private sector,RDD,"Research, development and demonstration",A,Energy end uses,NC_N,National currency (nominal),2019,2019,A,Annual,25.94,25.94,6,Millions,A,Normal Value,F,Non-confidential,3,3
OECD.IEA:RDDPRIVATE(1.1),Private sector energy technology RD&D expenditures,PORTUGAL,Portugal,PRIVATE,Private sector,RDD,"Research, development and demonstration",A,Energy end uses,NC_N,National currency (nominal),2020,2020,A,Annual,36.64,36.64,6,Millions,A,Normal Value,F,Non-confidential,3,3
OECD.IEA:RDDPRIVATE(1.1),Private sector energy technology RD&D expenditures,PORTUGAL,Portugal,PRIVATE,Private sector,RDD,"Research, development and demonstration",A,Energy end uses,NC_N,National currency (nominal),2021,2021,A,Annual,55.062,55.062,6,Millions,A,Normal Value,F,Non-confidential,3,3
OECD.IEA:RDDPRIVATE(1.1),Private sector energy technology RD&D expenditures,PORTUGAL,Portugal,PRIVATE,Private sector,RDD,"Research, development and demonstration",A,Energy end uses,NC_N,National currency (nominal),2022,2022,A,Annual,74.258,74.258,6,Millions,A,Normal Value,F,Non-confidential,3,3
OECD.IEA:RDDPRIVATE(1.1),Private sector energy technology RD&D expenditures,PORTUGAL,Portugal,PRIVATE,Private sector,RDD,"Research, development and demonstration",A,Energy end uses,NC_N,National currency (nominal),2023,2023,A,Annual,84.157,84.157,6,Millions,A,Normal Value,F,Non-confidential,3,3
OECD.IEA:RDDPRIVATE(1.1),Private sector energy technology RD&D expenditures,PORTUGAL,Portugal,PRIVATE,Private sector,RDD,"Research, development and demonstration",A,Energy end uses,NC_N,National currency (nominal),2024,2024,A,Annual,102.764,102.764,6,Millions,A,Normal Value,F,Non-confidential,3,3
OECD.IEA:RDDPRIVATE(1.1),Private sector energy technology RD&D expenditures,PORTUGAL,Portugal,PRIVATE,Private sector,RDD,"Research, development and demonstration",A,Energy end uses,NC_R,National currency (constant prices),2019,2019,A,Annual,33.312,33.312,6,Millions,I,Imputed Value,F,Non-confidential,3,3
OECD.IEA:RDDPRIVATE(1.1),Private sector energy technology RD&D expenditures,PORTUGAL,Portugal,PRIVATE,Private sector,RDD,"Research, development and demonstration",A,Energy end uses,NC_R,National currency (constant prices),2020,2020,A,Annual,46.126,46.126,6,Millions,I,Imputed Value,F,Non-confidential,3,3
OECD.IEA:RDDPRIVATE(1.1),Private sector energy technology RD&D expenditures,PORTUGAL,Portugal,PRIVATE,Private sector,RDD,"Research, development and demonstration",A,Energy end uses,NC_R,National currency (constant prices),2021,2021,A,Annual,67.846,67.846,6,Millions,I,Imputed Value,F,Non-confidential,3,3
OECD.IEA:RDDPRIVATE(1.1),Private sector energy technology RD&D expenditures,PORTUGAL,Portugal,PRIVATE,Private sector,RDD,"Research, development and demonstration",A,Energy end uses,NC_R,National currency (constant prices),2022,2022,A,Annual,86.86,86.86,6,Millions,I,Imputed Value,F,Non-confidential,3,3
OECD.IEA:RDDPRIVATE(1.1),Private sector energy technology RD&D expenditures,PORTUGAL,Portugal,PRIVATE,Private sector,RDD,"Research, development and demonstration",A,Energy end uses,NC_R,National currency (constant prices),2023,2023,A,Annual,91.627,91.627,6,Millions,I,Imputed Value,F,Non-confidential,3,3
OECD.IEA:RDDPRIVATE(1.1),Private sector energy technology RD&D expenditures,PORTUGAL,Portugal,PRIVATE,Private sector,RDD,"Research, development and demonstration",A,Energy end uses,NC_R,National currency (constant prices),2024,2024,A,Annual,106.757,106.757,6,Millions,I,Imputed Value,F,Non-confidential,3,3
OECD.IEA:RDDPRIVATE(1.1),Private sector energy technology RD&D expenditures,PORTUGAL,Portugal,PRIVATE,Private sector,RDD,"Research, development and demonstration",A,Energy end uses,USD_R,USD (constant prices and exchange rates),2019,2019,A,Annual,37.642,37.642,6,Millions,I,Imputed Value,F,Non-confidential,3,3
OECD.IEA:RDDPRIVATE(1.1),Private sector energy technology RD&D expenditures,PORTUGAL,Portugal,PRIVATE,Private sector,RDD,"Research, development and demonstration",A,Energy end uses,USD_R,USD (constant prices and exchange rates),2020,2020,A,Annual,52.122,52.122,6,Millions,I,Imputed Value,F,Non-confidential,3,3
OECD.IEA:RDDPRIVATE(1.1),Private sector energy technology RD&D expenditures,PORTUGAL,Portugal,PRIVATE,Private sector,RDD,"Research, development and demonstration",A,Energy end uses,USD_R,USD (constant prices and exchange rates),2021,2021,A,Annual,76.664,76.664,6,Millions,I,Imputed Value,F,Non-confidential,3,3
OECD.IEA:RDDPRIVATE(1.1),Private sector energy technology RD&D expenditures,PORTUGAL,Portugal,PRIVATE,Private sector,RDD,"Research, development and demonstration",A,Energy end uses,USD_R,USD (constant prices and exchange rates),2022,2022,A,Annual,98.15,98.15,6,Millions,I,Imputed Value,F,Non-confidential,3,3
OECD.IEA:RDDPRIVATE(1.1),Private sector energy technology RD&D expenditures,PORTUGAL,Portugal,PRIVATE,Private sector,RDD,"Research, development and demonstration",A,Energy end uses,USD_R,USD (constant prices and exchange rates),2023,2023,A,Annual,103.537,103.537,6,Millions,I,Imputed Value,F,Non-confidential,3,3
OECD.IEA:RDDPRIVATE(1.1),Private sector energy technology RD&D expenditures,PORTUGAL,Portugal,PRIVATE,Private sector,RDD,"Research, development and demonstration",A,Energy end uses,USD_R,USD (constant prices and exchange rates),2024,2024,A,Annual,120.634,120.634,6,Millions,I,Imputed Value,F,Non-confidential,3,3
OECD.IEA:RDDPRIVATE(1.1),Private sector energy technology RD&D expenditures,PORTUGAL,Portugal,PRIVATE,Private sector,RDD,"Research, development and demonstration",A,Energy end uses,USD_R_PPP,USD (constant prices and PPP),2019,2019,A,Annual,58.794,58.794,6,Millions,I,Imputed Value,F,Non-confidential,3,3
OECD.IEA:RDDPRIVATE(1.1),Private sector energy technology RD&D expenditures,PORTUGAL,Portugal,PRIVATE,Private sector,RDD,"Research, development and demonstration",A,Energy end uses,USD_R_PPP,USD (constant prices and PPP),2020,2020,A,Annual,81.409,81.409,6,Millions,I,Imputed Value,F,Non-confidential,3,3
OECD.IEA:RDDPRIVATE(1.1),Private sector energy technology RD&D expenditures,PORTUGAL,Portugal,PRIVATE,Private sector,RDD,"Research, development and demonstration",A,Energy end uses,USD_R_PPP,USD (constant prices and PPP),2021,2021,A,Annual,119.743,119.743,6,Millions,I,Imputed Value,F,Non-confidential,3,3
OECD.IEA:RDDPRIVATE(1.1),Private sector energy technology RD&D expenditures,PORTUGAL,Portugal,PRIVATE,Private sector,RDD,"Research, development and demonstration",A,Energy end uses,USD_R_PPP,USD (constant prices and PPP),2022,2022,A,Annual,153.302,153.302,6,Millions,I,Imputed Value,F,Non-confidential,3,3
OECD.IEA:RDDPRIVATE(1.1),Private sector energy technology RD&D expenditures,PORTUGAL,Portugal,PRIVATE,Private sector,RDD,"Research, development and demonstration",A,Energy end uses,USD_R_PPP,USD (constant prices and PPP),2023,2023,A,Annual,161.716,161.716,6,Millions,I,Imputed Value,F,Non-confidential,3,3
OECD.IEA:RDDPRIVATE(1.1),Private sector energy technology RD&D expenditures,PORTUGAL,Portugal,PRIVATE,Private sector,RDD,"Research, development and demonstration",A,Energy end uses,USD_R_PPP,USD (constant prices and PPP),2024,2024,A,Annual,188.42,188.42,6,Millions,I,Imputed Value,F,Non-confidential,3,3
OECD.IEA:RDDPRIVATE(1.1),Private sector energy technology RD&D expenditures,PORTUGAL,Portugal,PRIVATE,Private sector,RDD,"Research, development and demonstration",B,Fossil fuels,EUR_R,Euro (constant prices and exchange rates),2019,2019,A,Annual,5.573,5.573,6,Millions,I,Imputed Value,F,Non-confidential,3,3
OECD.IEA:RDDPRIVATE(1.1),Private sector energy technology RD&D expenditures,PORTUGAL,Portugal,PRIVATE,Private sector,RDD,"Research, development and demonstration",B,Fossil fuels,EUR_R,Euro (constant prices and exchange rates),2020,2020,A,Annual,10.046,10.046,6,Millions,I,Imputed Value,F,Non-confidential,3,3
OECD.IEA:RDDPRIVATE(1.1),Private sector energy technology RD&D expenditures,PORTUGAL,Portugal,PRIVATE,Private sector,RDD,"Research, development and demonstration",B,Fossil fuels,EUR_R,Euro (constant prices and exchange rates),2021,2021,A,Annual,11.81,11.81,6,Millions,I,Imputed Value,F,Non-confidential,3,3
OECD.IEA:RDDPRIVATE(1.1),Private sector energy technology RD&D expenditures,PORTUGAL,Portugal,PRIVATE,Private sector,RDD,"Research, development and demonstration",B,Fossil fuels,EUR_R,Euro (constant prices and exchange rates),2022,2022,A,Annual,15.363,15.363,6,Millions,I,Imputed Value,F,Non-confidential,3,3
OECD.IEA:RDDPRIVATE(1.1),Private sector energy technology RD&D expenditures,PORTUGAL,Portugal,PRIVATE,Private sector,RDD,"Research, development and demonstration",B,Fossil fuels,EUR_R,Euro (constant prices and exchange rates),2023,2023,A,Annual,9.153,9.153,6,Millions,I,Imputed Value,F,Non-confidential,3,3
OECD.IEA:RDDPRIVATE(1.1),Private sector energy technology RD&D expenditures,PORTUGAL,Portugal,PRIVATE,Private sector,RDD,"Research, development and demonstration",B,Fossil fuels,EUR_R,Euro (constant prices and exchange rates),2024,2024,A,Annual,11.023,11.023,6,Millions,I,Imputed Value,F,Non-confidential,3,3
OECD.IEA:RDDPRIVATE(1.1),Private sector energy technology RD&D expenditures,PORTUGAL,Portugal,PRIVATE,Private sector,RDD,"Research, development and demonstration",B,Fossil fuels,NC_N,National currency (nominal),2019,2019,A,Annual,4.34,4.34,6,Millions,A,Normal Value,F,Non-confidential,3,3
OECD.IEA:RDDPRIVATE(1.1),Private sector energy technology RD&D expenditures,PORTUGAL,Portugal,PRIVATE,Private sector,RDD,"Research, development and demonstration",B,Fossil fuels,NC_N,National currency (nominal),2020,2020,A,Annual,7.98,7.98,6,Millions,A,Normal Value,F,Non-confidential,3,3
OECD.IEA:RDDPRIVATE(1.1),Private sector energy technology RD&D expenditures,PORTUGAL,Portugal,PRIVATE,Private sector,RDD,"Research, development and demonstration",B,Fossil fuels,NC_N,National currency (nominal),2021,2021,A,Annual,9.585,9.585,6,Millions,A,Normal Value,F,Non-confidential,3,3
OECD.IEA:RDDPRIVATE(1.1),Private sector energy technology RD&D expenditures,PORTUGAL,Portugal,PRIVATE,Private sector,RDD,"Research, development and demonstration",B,Fossil fuels,NC_N,National currency (nominal),2022,2022,A,Annual,13.134,13.134,6,Millions,A,Normal Value,F,Non-confidential,3,3
OECD.IEA:RDDPRIVATE(1.1),Private sector energy technology RD&D expenditures,PORTUGAL,Portugal,PRIVATE,Private sector,RDD,"Research, development and demonstration",B,Fossil fuels,NC_N,National currency (nominal),2023,2023,A,Annual,8.407,8.407,6,Millions,A,Normal Value,F,Non-confidential,3,3
OECD.IEA:RDDPRIVATE(1.1),Private sector energy technology RD&D expenditures,PORTUGAL,Portugal,PRIVATE,Private sector,RDD,"Research, development and demonstration",B,Fossil fuels,NC_N,National currency (nominal),2024,2024,A,Annual,10.611,10.611,6,Millions,A,Normal Value,F,Non-confidential,3,3
OECD.IEA:RDDPRIVATE(1.1),Private sector energy technology RD&D expenditures,PORTUGAL,Portugal,PRIVATE,Private sector,RDD,"Research, development and demonstration",B,Fossil fuels,NC_R,National currency (constant prices),2019,2019,A,Annual,5.573,5.573,6,Millions,I,Imputed Value,F,Non-confidential,3,3
OECD.IEA:RDDPRIVATE(1.1),Private sector energy technology RD&D expenditures,PORTUGAL,Portugal,PRIVATE,Private sector,RDD,"Research, development and demonstration",B,Fossil fuels,NC_R,National currency (constant prices),2020,2020,A,Annual,10.046,10.046,6,Millions,I,Imputed Value,F,Non-confidential,3,3
OECD.IEA:RDDPRIVATE(1.1),Private sector energy technology RD&D expenditures,PORTUGAL,Portugal,PRIVATE,Private sector,RDD,"Research, development and demonstration",B,Fossil fuels,NC_R,National currency (constant prices),2021,2021,A,Annual,11.81,11.81,6,Millions,I,Imputed Value,F,Non-confidential,3,3
OECD.IEA:RDDPRIVATE(1.1),Private sector energy technology RD&D expenditures,PORTUGAL,Portugal,PRIVATE,Private sector,RDD,"Research, development and demonstration",B,Fossil fuels,NC_R,National currency (constant prices),2022,2022,A,Annual,15.363,15.363,6,Millions,I,Imputed Value,F,Non-confidential,3,3
OECD.IEA:RDDPRIVATE(1.1),Private sector energy technology RD&D expenditures,PORTUGAL,Portugal,PRIVATE,Private sector,RDD,"Research, development and demonstration",B,Fossil fuels,NC_R,National currency (constant prices),2023,2023,A,Annual,9.153,9.153,6,Millions,I,Imputed Value,F,Non-confidential,3,3
OECD.IEA:RDDPRIVATE(1.1),Private sector energy technology RD&D expenditures,PORTUGAL,Portugal,PRIVATE,Private sector,RDD,"Research, development and demonstration",B,Fossil fuels,NC_R,National currency (constant prices),2024,2024,A,Annual,11.023,11.023,6,Millions,I,Imputed Value,F,Non-confidential,3,3
OECD.IEA:RDDPRIVATE(1.1),Private sector energy technology RD&D expenditures,PORTUGAL,Portugal,PRIVATE,Private sector,RDD,"Research, development and demonstration",B,Fossil fuels,USD_R,USD (constant prices and exchange rates),2019,2019,A,Annual,6.298,6.298,6,Millions,I,Imputed Value,F,Non-confidential,3,3
OECD.IEA:RDDPRIVATE(1.1),Private sector energy technology RD&D expenditures,PORTUGAL,Portugal,PRIVATE,Private sector,RDD,"Research, development and demonstration",B,Fossil fuels,USD_R,USD (constant prices and exchange rates),2020,2020,A,Annual,11.352,11.352,6,Millions,I,Imputed Value,F,Non-confidential,3,3
OECD.IEA:RDDPRIVATE(1.1),Private sector energy technology RD&D expenditures,PORTUGAL,Portugal,PRIVATE,Private sector,RDD,"Research, development and demonstration",B,Fossil fuels,USD_R,USD (constant prices and exchange rates),2021,2021,A,Annual,13.345,13.345,6,Millions,I,Imputed Value,F,Non-confidential,3,3
OECD.IEA:RDDPRIVATE(1.1),Private sector energy technology RD&D expenditures,PORTUGAL,Portugal,PRIVATE,Private sector,RDD,"Research, development and demonstration",B,Fossil fuels,USD_R,USD (constant prices and exchange rates),2022,2022,A,Annual,17.36,17.36,6,Millions,I,Imputed Value,F,Non-confidential,3,3
OECD.IEA:RDDPRIVATE(1.1),Private sector energy technology RD&D expenditures,PORTUGAL,Portugal,PRIVATE,Private sector,RDD,"Research, development and demonstration",B,Fossil fuels,USD_R,USD (constant prices and exchange rates),2023,2023,A,Annual,10.343,10.343,6,Millions,I,Imputed Value,F,Non-confidential,3,3
OECD.IEA:RDDPRIVATE(1.1),Private sector energy technology RD&D expenditures,PORTUGAL,Portugal,PRIVATE,Private sector,RDD,"Research, development and demonstration",B,Fossil fuels,USD_R,USD (constant prices and exchange rates),2024,2024,A,Annual,12.456,12.456,6,Millions,I,Imputed Value,F,Non-confidential,3,3
OECD.IEA:RDDPRIVATE(1.1),Private sector energy technology RD&D expenditures,PORTUGAL,Portugal,PRIVATE,Private sector,RDD,"Research, development and demonstration",B,Fossil fuels,USD_R_PPP,USD (constant prices and PPP),2019,2019,A,Annual,9.837,9.837,6,Millions,I,Imputed Value,F,Non-confidential,3,3
OECD.IEA:RDDPRIVATE(1.1),Private sector energy technology RD&D expenditures,PORTUGAL,Portugal,PRIVATE,Private sector,RDD,"Research, development and demonstration",B,Fossil fuels,USD_R_PPP,USD (constant prices and PPP),2020,2020,A,Annual,17.731,17.731,6,Millions,I,Imputed Value,F,Non-confidential,3,3
OECD.IEA:RDDPRIVATE(1.1),Private sector energy technology RD&D expenditures,PORTUGAL,Portugal,PRIVATE,Private sector,RDD,"Research, development and demonstration",B,Fossil fuels,USD_R_PPP,USD (constant prices and PPP),2021,2021,A,Annual,20.844,20.844,6,Millions,I,Imputed Value,F,Non-confidential,3,3
OECD.IEA:RDDPRIVATE(1.1),Private sector energy technology RD&D expenditures,PORTUGAL,Portugal,PRIVATE,Private sector,RDD,"Research, development and demonstration",B,Fossil fuels,USD_R_PPP,USD (constant prices and PPP),2022,2022,A,Annual,27.114,27.114,6,Millions,I,Imputed Value,F,Non-confidential,3,3
OECD.IEA:RDDPRIVATE(1.1),Private sector energy technology RD&D expenditures,PORTUGAL,Portugal,PRIVATE,Private sector,RDD,"Research, development and demonstration",B,Fossil fuels,USD_R_PPP,USD (constant prices and PPP),2023,2023,A,Annual,16.155,16.155,6,Millions,I,Imputed Value,F,Non-confidential,3,3
OECD.IEA:RDDPRIVATE(1.1),Private sector energy technology RD&D expenditures,PORTUGAL,Portugal,PRIVATE,Private sector,RDD,"Research, development and demonstration",B,Fossil fuels,USD_R_PPP,USD (constant prices and PPP),2024,2024,A,Annual,19.456,19.456,6,Millions,I,Imputed Value,F,Non-confidential,3,3
OECD.IEA:RDDPRIVATE(1.1),Private sector energy technology RD&D expenditures,PORTUGAL,Portugal,PRIVATE,Private sector,RDD,"Research, development and demonstration",C,Renewable energy sources,EUR_R,Euro (constant prices and exchange rates),2019,2019,A,Annual,15.526,15.526,6,Millions,I,Imputed Value,F,Non-confidential,3,3
OECD.IEA:RDDPRIVATE(1.1),Private sector energy technology RD&D expenditures,PORTUGAL,Portugal,PRIVATE,Private sector,RDD,"Research, development and demonstration",C,Renewable energy sources,EUR_R,Euro (constant prices and exchange rates),2020,2020,A,Annual,22.975,22.975,6,Millions,I,Imputed Value,F,Non-confidential,3,3
OECD.IEA:RDDPRIVATE(1.1),Private sector energy technology RD&D expenditures,PORTUGAL,Portugal,PRIVATE,Private sector,RDD,"Research, development and demonstration",C,Renewable energy sources,EUR_R,Euro (constant prices and exchange rates),2021,2021,A,Annual,33.952,33.952,6,Millions,I,Imputed Value,F,Non-confidential,3,3
OECD.IEA:RDDPRIVATE(1.1),Private sector energy technology RD&D expenditures,PORTUGAL,Portugal,PRIVATE,Private sector,RDD,"Research, development and demonstration",C,Renewable energy sources,EUR_R,Euro (constant prices and exchange rates),2022,2022,A,Annual,50.79,50.79,6,Millions,I,Imputed Value,F,Non-confidential,3,3
OECD.IEA:RDDPRIVATE(1.1),Private sector energy technology RD&D expenditures,PORTUGAL,Portugal,PRIVATE,Private sector,RDD,"Research, development and demonstration",C,Renewable energy sources,EUR_R,Euro (constant prices and exchange rates),2023,2023,A,Annual,47.89,47.89,6,Millions,I,Imputed Value,F,Non-confidential,3,3
OECD.IEA:RDDPRIVATE(1.1),Private sector energy technology RD&D expenditures,PORTUGAL,Portugal,PRIVATE,Private sector,RDD,"Research, development and demonstration",C,Renewable energy sources,EUR_R,Euro (constant prices and exchange rates),2024,2024,A,Annual,46.272,46.272,6,Millions,I,Imputed Value,F,Non-confidential,3,3
OECD.IEA:RDDPRIVATE(1.1),Private sector energy technology RD&D expenditures,PORTUGAL,Portugal,PRIVATE,Private sector,RDD,"Research, development and demonstration",C,Renewable energy sources,NC_N,National currency (nominal),2019,2019,A,Annual,12.09,12.09,6,Millions,A,Normal Value,F,Non-confidential,3,3
OECD.IEA:RDDPRIVATE(1.1),Private sector energy technology RD&D expenditures,PORTUGAL,Portugal,PRIVATE,Private sector,RDD,"Research, development and demonstration",C,Renewable energy sources,NC_N,National currency (nominal),2020,2020,A,Annual,18.25,18.25,6,Millions,A,Normal Value,F,Non-confidential,3,3
OECD.IEA:RDDPRIVATE(1.1),Private sector energy technology RD&D expenditures,PORTUGAL,Portugal,PRIVATE,Private sector,RDD,"Research, development and demonstration",C,Renewable energy sources,NC_N,National currency (nominal),2021,2021,A,Annual,27.555,27.555,6,Millions,A,Normal Value,F,Non-confidential,3,3
OECD.IEA:RDDPRIVATE(1.1),Private sector energy technology RD&D expenditures,PORTUGAL,Portugal,PRIVATE,Private sector,RDD,"Research, development and demonstration",C,Renewable energy sources,NC_N,National currency (nominal),2022,2022,A,Annual,43.421,43.421,6,Millions,A,Normal Value,F,Non-confidential,3,3
OECD.IEA:RDDPRIVATE(1.1),Private sector energy technology RD&D expenditures,PORTUGAL,Portugal,PRIVATE,Private sector,RDD,"Research, development and demonstration",C,Renewable energy sources,NC_N,National currency (nominal),2023,2023,A,Annual,43.986,43.986,6,Millions,A,Normal Value,F,Non-confidential,3,3
OECD.IEA:RDDPRIVATE(1.1),Private sector energy technology RD&D expenditures,PORTUGAL,Portugal,PRIVATE,Private sector,RDD,"Research, development and demonstration",C,Renewable energy sources,NC_N,National currency (nominal),2024,2024,A,Annual,44.541,44.541,6,Millions,A,Normal Value,F,Non-confidential,3,3
OECD.IEA:RDDPRIVATE(1.1),Private sector energy technology RD&D expenditures,PORTUGAL,Portugal,PRIVATE,Private sector,RDD,"Research, development and demonstration",C,Renewable energy sources,NC_R,National currency (constant prices),2019,2019,A,Annual,15.526,15.526,6,Millions,I,Imputed Value,F,Non-confidential,3,3
OECD.IEA:RDDPRIVATE(1.1),Private sector energy technology RD&D expenditures,PORTUGAL,Portugal,PRIVATE,Private sector,RDD,"Research, development and demonstration",C,Renewable energy sources,NC_R,National currency (constant prices),2020,2020,A,Annual,22.975,22.975,6,Millions,I,Imputed Value,F,Non-confidential,3,3
OECD.IEA:RDDPRIVATE(1.1),Private sector energy technology RD&D expenditures,PORTUGAL,Portugal,PRIVATE,Private sector,RDD,"Research, development and demonstration",C,Renewable energy sources,NC_R,National currency (constant prices),2021,2021,A,Annual,33.952,33.952,6,Millions,I,Imputed Value,F,Non-confidential,3,3
OECD.IEA:RDDPRIVATE(1.1),Private sector energy technology RD&D expenditures,PORTUGAL,Portugal,PRIVATE,Private sector,RDD,"Research, development and demonstration",C,Renewable energy sources,NC_R,National currency (constant prices),2022,2022,A,Annual,50.79,50.79,6,Millions,I,Imputed Value,F,Non-confidential,3,3
OECD.IEA:RDDPRIVATE(1.1),Private sector energy technology RD&D expenditures,PORTUGAL,Portugal,PRIVATE,Private sector,RDD,"Research, development and demonstration",C,Renewable energy sources,NC_R,National currency (constant prices),2023,2023,A,Annual,47.89,47.89,6,Millions,I,Imputed Value,F,Non-confidential,3,3
OECD.IEA:RDDPRIVATE(1.1),Private sector energy technology RD&D expenditures,PORTUGAL,Portugal,PRIVATE,Private sector,RDD,"Research, development and demonstration",C,Renewable energy sources,NC_R,National currency (constant prices),2024,2024,A,Annual,46.272,46.272,6,Millions,I,Imputed Value,F,Non-confidential,3,3
OECD.IEA:RDDPRIVATE(1.1),Private sector energy technology RD&D expenditures,PORTUGAL,Portugal,PRIVATE,Private sector,RDD,"Research, development and demonstration",C,Renewable energy sources,USD_R,USD (constant prices and exchange rates),2019,2019,A,Annual,17.544,17.544,6,Millions,I,Imputed Value,F,Non-confidential,3,3
OECD.IEA:RDDPRIVATE(1.1),Private sector energy technology RD&D expenditures,PORTUGAL,Portugal,PRIVATE,Private sector,RDD,"Research, development and demonstration",C,Renewable energy sources,USD_R,USD (constant prices and exchange rates),2020,2020,A,Annual,25.961,25.961,6,Millions,I,Imputed Value,F,Non-confidential,3,3
OECD.IEA:RDDPRIVATE(1.1),Private sector energy technology RD&D expenditures,PORTUGAL,Portugal,PRIVATE,Private sector,RDD,"Research, development and demonstration",C,Renewable energy sources,USD_R,USD (constant prices and exchange rates),2021,2021,A,Annual,38.366,38.366,6,Millions,I,Imputed Value,F,Non-confidential,3,3
OECD.IEA:RDDPRIVATE(1.1),Private sector energy technology RD&D expenditures,PORTUGAL,Portugal,PRIVATE,Private sector,RDD,"Research, development and demonstration",C,Renewable energy sources,USD_R,USD (constant prices and exchange rates),2022,2022,A,Annual,57.391,57.391,6,Millions,I,Imputed Value,F,Non-confidential,3,3
OECD.IEA:RDDPRIVATE(1.1),Private sector energy technology RD&D expenditures,PORTUGAL,Portugal,PRIVATE,Private sector,RDD,"Research, development and demonstration",C,Renewable energy sources,USD_R,USD (constant prices and exchange rates),2023,2023,A,Annual,54.115,54.115,6,Millions,I,Imputed Value,F,Non-confidential,3,3
OECD.IEA:RDDPRIVATE(1.1),Private sector energy technology RD&D expenditures,PORTUGAL,Portugal,PRIVATE,Private sector,RDD,"Research, development and demonstration",C,Renewable energy sources,USD_R,USD (constant prices and exchange rates),2024,2024,A,Annual,52.286,52.286,6,Millions,I,Imputed Value,F,Non-confidential,3,3
OECD.IEA:RDDPRIVATE(1.1),Private sector energy technology RD&D expenditures,PORTUGAL,Portugal,PRIVATE,Private sector,RDD,"Research, development and demonstration",C,Renewable energy sources,USD_R_PPP,USD (constant prices and PPP),2019,2019,A,Annual,27.402,27.402,6,Millions,I,Imputed Value,F,Non-confidential,3,3
OECD.IEA:RDDPRIVATE(1.1),Private sector energy technology RD&D expenditures,PORTUGAL,Portugal,PRIVATE,Private sector,RDD,"Research, development and demonstration",C,Renewable energy sources,USD_R_PPP,USD (constant prices and PPP),2020,2020,A,Annual,40.549,40.549,6,Millions,I,Imputed Value,F,Non-confidential,3,3
OECD.IEA:RDDPRIVATE(1.1),Private sector energy technology RD&D expenditures,PORTUGAL,Portugal,PRIVATE,Private sector,RDD,"Research, development and demonstration",C,Renewable energy sources,USD_R_PPP,USD (constant prices and PPP),2021,2021,A,Annual,59.924,59.924,6,Millions,I,Imputed Value,F,Non-confidential,3,3
OECD.IEA:RDDPRIVATE(1.1),Private sector energy technology RD&D expenditures,PORTUGAL,Portugal,PRIVATE,Private sector,RDD,"Research, development and demonstration",C,Renewable energy sources,USD_R_PPP,USD (constant prices and PPP),2022,2022,A,Annual,89.64,89.64,6,Millions,I,Imputed Value,F,Non-confidential,3,3
OECD.IEA:RDDPRIVATE(1.1),Private sector energy technology RD&D expenditures,PORTUGAL,Portugal,PRIVATE,Private sector,RDD,"Research, development and demonstration",C,Renewable energy sources,USD_R_PPP,USD (constant prices and PPP),2023,2023,A,Annual,84.523,84.523,6,Millions,I,Imputed Value,F,Non-confidential,3,3
OECD.IEA:RDDPRIVATE(1.1),Private sector energy technology RD&D expenditures,PORTUGAL,Portugal,PRIVATE,Private sector,RDD,"Research, development and demonstration",C,Renewable energy sources,USD_R_PPP,USD (constant prices and PPP),2024,2024,A,Annual,81.667,81.667,6,Millions,I,Imputed Value,F,Non-confidential,3,3
OECD.IEA:RDDPRIVATE(1.1),Private sector energy technology RD&D expenditures,PORTUGAL,Portugal,PRIVATE,Private sector,RDD,"Research, development and demonstration",D,Nuclear fission and fusion,EUR_R,Euro (constant prices and exchange rates),2019,2019,A,Annual,0.295,0.295,6,Millions,I,Imputed Value,F,Non-confidential,3,3
OECD.IEA:RDDPRIVATE(1.1),Private sector energy technology RD&D expenditures,PORTUGAL,Portugal,PRIVATE,Private sector,RDD,"Research, development and demonstration",D,Nuclear fission and fusion,EUR_R,Euro (constant prices and exchange rates),2020,2020,A,Annual,0.34,0.34,6,Millions,I,Imputed Value,F,Non-confidential,3,3
OECD.IEA:RDDPRIVATE(1.1),Private sector energy technology RD&D expenditures,PORTUGAL,Portugal,PRIVATE,Private sector,RDD,"Research, development and demonstration",D,Nuclear fission and fusion,EUR_R,Euro (constant prices and exchange rates),2021,2021,A,Annual,0.397,0.397,6,Millions,I,Imputed Value,F,Non-confidential,3,3
OECD.IEA:RDDPRIVATE(1.1),Private sector energy technology RD&D expenditures,PORTUGAL,Portugal,PRIVATE,Private sector,RDD,"Research, development and demonstration",D,Nuclear fission and fusion,EUR_R,Euro (constant prices and exchange rates),2022,2022,A,Annual,0.287,0.287,6,Millions,I,Imputed Value,F,Non-confidential,3,3
OECD.IEA:RDDPRIVATE(1.1),Private sector energy technology RD&D expenditures,PORTUGAL,Portugal,PRIVATE,Private sector,RDD,"Research, development and demonstration",D,Nuclear fission and fusion,EUR_R,Euro (constant prices and exchange rates),2023,2023,A,Annual,0.244,0.244,6,Millions,I,Imputed Value,F,Non-confidential,3,3
OECD.IEA:RDDPRIVATE(1.1),Private sector energy technology RD&D expenditures,PORTUGAL,Portugal,PRIVATE,Private sector,RDD,"Research, development and demonstration",D,Nuclear fission and fusion,EUR_R,Euro (constant prices and exchange rates),2024,2024,A,Annual,0.386,0.386,6,Millions,I,Imputed Value,F,Non-confidential,3,3
OECD.IEA:RDDPRIVATE(1.1),Private sector energy technology RD&D expenditures,PORTUGAL,Portugal,PRIVATE,Private sector,RDD,"Research, development and demonstration",D,Nuclear fission and fusion,NC_N,National currency (nominal),2019,2019,A,Annual,0.23,0.23,6,Millions,A,Normal Value,F,Non-confidential,3,3
OECD.IEA:RDDPRIVATE(1.1),Private sector energy technology RD&D expenditures,PORTUGAL,Portugal,PRIVATE,Private sector,RDD,"Research, development and demonstration",D,Nuclear fission and fusion,NC_N,National currency (nominal),2020,2020,A,Annual,0.27,0.27,6,Millions,A,Normal Value,F,Non-confidential,3,3
OECD.IEA:RDDPRIVATE(1.1),Private sector energy technology RD&D expenditures,PORTUGAL,Portugal,PRIVATE,Private sector,RDD,"Research, development and demonstration",D,Nuclear fission and fusion,NC_N,National currency (nominal),2021,2021,A,Annual,0.322,0.322,6,Millions,A,Normal Value,F,Non-confidential,3,3
OECD.IEA:RDDPRIVATE(1.1),Private sector energy technology RD&D expenditures,PORTUGAL,Portugal,PRIVATE,Private sector,RDD,"Research, development and demonstration",D,Nuclear fission and fusion,NC_N,National currency (nominal),2022,2022,A,Annual,0.245,0.245,6,Millions,A,Normal Value,F,Non-confidential,3,3
OECD.IEA:RDDPRIVATE(1.1),Private sector energy technology RD&D expenditures,PORTUGAL,Portugal,PRIVATE,Private sector,RDD,"Research, development and demonstration",D,Nuclear fission and fusion,NC_N,National currency (nominal),2023,2023,A,Annual,0.224,0.224,6,Millions,A,Normal Value,F,Non-confidential,3,3
OECD.IEA:RDDPRIVATE(1.1),Private sector energy technology RD&D expenditures,PORTUGAL,Portugal,PRIVATE,Private sector,RDD,"Research, development and demonstration",D,Nuclear fission and fusion,NC_N,National currency (nominal),2024,2024,A,Annual,0.372,0.372,6,Millions,A,Normal Value,F,Non-confidential,3,3
OECD.IEA:RDDPRIVATE(1.1),Private sector energy technology RD&D expenditures,PORTUGAL,Portugal,PRIVATE,Private sector,RDD,"Research, development and demonstration",D,Nuclear fission and fusion,NC_R,National currency (constant prices),2019,2019,A,Annual,0.295,0.295,6,Millions,I,Imputed Value,F,Non-confidential,3,3
OECD.IEA:RDDPRIVATE(1.1),Private sector energy technology RD&D expenditures,PORTUGAL,Portugal,PRIVATE,Private sector,RDD,"Research, development and demonstration",D,Nuclear fission and fusion,NC_R,National currency (constant prices),2020,2020,A,Annual,0.34,0.34,6,Millions,I,Imputed Value,F,Non-confidential,3,3
OECD.IEA:RDDPRIVATE(1.1),Private sector energy technology RD&D expenditures,PORTUGAL,Portugal,PRIVATE,Private sector,RDD,"Research, development and demonstration",D,Nuclear fission and fusion,NC_R,National currency (constant prices),2021,2021,A,Annual,0.397,0.397,6,Millions,I,Imputed Value,F,Non-confidential,3,3
OECD.IEA:RDDPRIVATE(1.1),Private sector energy technology RD&D expenditures,PORTUGAL,Portugal,PRIVATE,Private sector,RDD,"Research, development and demonstration",D,Nuclear fission and fusion,NC_R,National currency (constant prices),2022,2022,A,Annual,0.287,0.287,6,Millions,I,Imputed Value,F,Non-confidential,3,3
OECD.IEA:RDDPRIVATE(1.1),Private sector energy technology RD&D expenditures,PORTUGAL,Portugal,PRIVATE,Private sector,RDD,"Research, development and demonstration",D,Nuclear fission and fusion,NC_R,National currency (constant prices),2023,2023,A,Annual,0.244,0.244,6,Millions,I,Imputed Value,F,Non-confidential,3,3
OECD.IEA:RDDPRIVATE(1.1),Private sector energy technology RD&D expenditures,PORTUGAL,Portugal,PRIVATE,Private sector,RDD,"Research, development and demonstration",D,Nuclear fission and fusion,NC_R,National currency (constant prices),2024,2024,A,Annual,0.386,0.386,6,Millions,I,Imputed Value,F,Non-confidential,3,3
OECD.IEA:RDDPRIVATE(1.1),Private sector energy technology RD&D expenditures,PORTUGAL,Portugal,PRIVATE,Private sector,RDD,"Research, development and demonstration",D,Nuclear fission and fusion,USD_R,USD (constant prices and exchange rates),2019,2019,A,Annual,0.334,0.334,6,Millions,I,Imputed Value,F,Non-confidential,3,3
OECD.IEA:RDDPRIVATE(1.1),Private sector energy technology RD&D expenditures,PORTUGAL,Portugal,PRIVATE,Private sector,RDD,"Research, development and demonstration",D,Nuclear fission and fusion,USD_R,USD (constant prices and exchange rates),2020,2020,A,Annual,0.384,0.384,6,Millions,I,Imputed Value,F,Non-confidential,3,3
OECD.IEA:RDDPRIVATE(1.1),Private sector energy technology RD&D expenditures,PORTUGAL,Portugal,PRIVATE,Private sector,RDD,"Research, development and demonstration",D,Nuclear fission and fusion,USD_R,USD (constant prices and exchange rates),2021,2021,A,Annual,0.448,0.448,6,Millions,I,Imputed Value,F,Non-confidential,3,3
OECD.IEA:RDDPRIVATE(1.1),Private sector energy technology RD&D expenditures,PORTUGAL,Portugal,PRIVATE,Private sector,RDD,"Research, development and demonstration",D,Nuclear fission and fusion,USD_R,USD (constant prices and exchange rates),2022,2022,A,Annual,0.324,0.324,6,Millions,I,Imputed Value,F,Non-confidential,3,3
OECD.IEA:RDDPRIVATE(1.1),Private sector energy technology RD&D expenditures,PORTUGAL,Portugal,PRIVATE,Private sector,RDD,"Research, development and demonstration",D,Nuclear fission and fusion,USD_R,USD (constant prices and exchange rates),2023,2023,A,Annual,0.276,0.276,6,Millions,I,Imputed Value,F,Non-confidential,3,3
OECD.IEA:RDDPRIVATE(1.1),Private sector energy technology RD&D expenditures,PORTUGAL,Portugal,PRIVATE,Private sector,RDD,"Research, development and demonstration",D,Nuclear fission and fusion,USD_R,USD (constant prices and exchange rates),2024,2024,A,Annual,0.437,0.437,6,Millions,I,Imputed Value,F,Non-confidential,3,3
OECD.IEA:RDDPRIVATE(1.1),Private sector energy technology RD&D expenditures,PORTUGAL,Portugal,PRIVATE,Private sector,RDD,"Research, development and demonstration",D,Nuclear fission and fusion,USD_R_PPP,USD (constant prices and PPP),2019,2019,A,Annual,0.521,0.521,6,Millions,I,Imputed Value,F,Non-confidential,3,3
OECD.IEA:RDDPRIVATE(1.1),Private sector energy technology RD&D expenditures,PORTUGAL,Portugal,PRIVATE,Private sector,RDD,"Research, development and demonstration",D,Nuclear fission and fusion,USD_R_PPP,USD (constant prices and PPP),2020,2020,A,Annual,0.6,0.6,6,Millions,I,Imputed Value,F,Non-confidential,3,3
OECD.IEA:RDDPRIVATE(1.1),Private sector energy technology RD&D expenditures,PORTUGAL,Portugal,PRIVATE,Private sector,RDD,"Research, development and demonstration",D,Nuclear fission and fusion,USD_R_PPP,USD (constant prices and PPP),2021,2021,A,Annual,0.7,0.7,6,Millions,I,Imputed Value,F,Non-confidential,3,3
OECD.IEA:RDDPRIVATE(1.1),Private sector energy technology RD&D expenditures,PORTUGAL,Portugal,PRIVATE,Private sector,RDD,"Research, development and demonstration",D,Nuclear fission and fusion,USD_R_PPP,USD (constant prices and PPP),2022,2022,A,Annual,0.506,0.506,6,Millions,I,Imputed Value,F,Non-confidential,3,3
OECD.IEA:RDDPRIVATE(1.1),Private sector energy technology RD&D expenditures,PORTUGAL,Portugal,PRIVATE,Private sector,RDD,"Research, development and demonstration",D,Nuclear fission and fusion,USD_R_PPP,USD (constant prices and PPP),2023,2023,A,Annual,0.43,0.43,6,Millions,I,Imputed Value,F,Non-confidential,3,3
OECD.IEA:RDDPRIVATE(1.1),Private sector energy technology RD&D expenditures,PORTUGAL,Portugal,PRIVATE,Private sector,RDD,"Research, development and demonstration",D,Nuclear fission and fusion,USD_R_PPP,USD (constant prices and PPP),2024,2024,A,Annual,0.682,0.682,6,Millions,I,Imputed Value,F,Non-confidential,3,3
OECD.IEA:RDDPRIVATE(1.1),Private sector energy technology RD&D expenditures,PORTUGAL,Portugal,PRIVATE,Private sector,RDD,"Research, development and demonstration",E,"Hydrogen, hydrogen-based fuels and fuel cells",EUR_R,Euro (constant prices and exchange rates),2019,2019,A,Annual,1.13,1.13,6,Millions,I,Imputed Value,F,Non-confidential,3,3
OECD.IEA:RDDPRIVATE(1.1),Private sector energy technology RD&D expenditures,PORTUGAL,Portugal,PRIVATE,Private sector,RDD,"Research, development and demonstration",E,"Hydrogen, hydrogen-based fuels and fuel cells",EUR_R,Euro (constant prices and exchange rates),2020,2020,A,Annual,1.914,1.914,6,Millions,I,Imputed Value,F,Non-confidential,3,3
OECD.IEA:RDDPRIVATE(1.1),Private sector energy technology RD&D expenditures,PORTUGAL,Portugal,PRIVATE,Private sector,RDD,"Research, development and demonstration",E,"Hydrogen, hydrogen-based fuels and fuel cells",EUR_R,Euro (constant prices and exchange rates),2021,2021,A,Annual,5.796,5.796,6,Millions,I,Imputed Value,F,Non-confidential,3,3
OECD.IEA:RDDPRIVATE(1.1),Private sector energy technology RD&D expenditures,PORTUGAL,Portugal,PRIVATE,Private sector,RDD,"Research, development and demonstration",E,"Hydrogen, hydrogen-based fuels and fuel cells",EUR_R,Euro (constant prices and exchange rates),2022,2022,A,Annual,13.619,13.619,6,Millions,I,Imputed Value,F,Non-confidential,3,3
OECD.IEA:RDDPRIVATE(1.1),Private sector energy technology RD&D expenditures,PORTUGAL,Portugal,PRIVATE,Private sector,RDD,"Research, development and demonstration",E,"Hydrogen, hydrogen-based fuels and fuel cells",EUR_R,Euro (constant prices and exchange rates),2023,2023,A,Annual,10.17,10.17,6,Millions,I,Imputed Value,F,Non-confidential,3,3
OECD.IEA:RDDPRIVATE(1.1),Private sector energy technology RD&D expenditures,PORTUGAL,Portugal,PRIVATE,Private sector,RDD,"Research, development and demonstration",E,"Hydrogen, hydrogen-based fuels and fuel cells",EUR_R,Euro (constant prices and exchange rates),2024,2024,A,Annual,8.443,8.443,6,Millions,I,Imputed Value,F,Non-confidential,3,3
OECD.IEA:RDDPRIVATE(1.1),Private sector energy technology RD&D expenditures,PORTUGAL,Portugal,PRIVATE,Private sector,RDD,"Research, development and demonstration",E,"Hydrogen, hydrogen-based fuels and fuel cells",NC_N,National currency (nominal),2019,2019,A,Annual,0.88,0.88,6,Millions,A,Normal Value,F,Non-confidential,3,3
OECD.IEA:RDDPRIVATE(1.1),Private sector energy technology RD&D expenditures,PORTUGAL,Portugal,PRIVATE,Private sector,RDD,"Research, development and demonstration",E,"Hydrogen, hydrogen-based fuels and fuel cells",NC_N,National currency (nominal),2020,2020,A,Annual,1.52,1.52,6,Millions,A,Normal Value,F,Non-confidential,3,3
OECD.IEA:RDDPRIVATE(1.1),Private sector energy technology RD&D expenditures,PORTUGAL,Portugal,PRIVATE,Private sector,RDD,"Research, development and demonstration",E,"Hydrogen, hydrogen-based fuels and fuel cells",NC_N,National currency (nominal),2021,2021,A,Annual,4.704,4.704,6,Millions,A,Normal Value,F,Non-confidential,3,3
OECD.IEA:RDDPRIVATE(1.1),Private sector energy technology RD&D expenditures,PORTUGAL,Portugal,PRIVATE,Private sector,RDD,"Research, development and demonstration",E,"Hydrogen, hydrogen-based fuels and fuel cells",NC_N,National currency (nominal),2022,2022,A,Annual,11.643,11.643,6,Millions,A,Normal Value,F,Non-confidential,3,3
OECD.IEA:RDDPRIVATE(1.1),Private sector energy technology RD&D expenditures,PORTUGAL,Portugal,PRIVATE,Private sector,RDD,"Research, development and demonstration",E,"Hydrogen, hydrogen-based fuels and fuel cells",NC_N,National currency (nominal),2023,2023,A,Annual,9.341,9.341,6,Millions,A,Normal Value,F,Non-confidential,3,3
OECD.IEA:RDDPRIVATE(1.1),Private sector energy technology RD&D expenditures,PORTUGAL,Portugal,PRIVATE,Private sector,RDD,"Research, development and demonstration",E,"Hydrogen, hydrogen-based fuels and fuel cells",NC_N,National currency (nominal),2024,2024,A,Annual,8.127,8.127,6,Millions,A,Normal Value,F,Non-confidential,3,3
OECD.IEA:RDDPRIVATE(1.1),Private sector energy technology RD&D expenditures,PORTUGAL,Portugal,PRIVATE,Private sector,RDD,"Research, development and demonstration",E,"Hydrogen, hydrogen-based fuels and fuel cells",NC_R,National currency (constant prices),2019,2019,A,Annual,1.13,1.13,6,Millions,I,Imputed Value,F,Non-confidential,3,3
OECD.IEA:RDDPRIVATE(1.1),Private sector energy technology RD&D expenditures,PORTUGAL,Portugal,PRIVATE,Private sector,RDD,"Research, development and demonstration",E,"Hydrogen, hydrogen-based fuels and fuel cells",NC_R,National currency (constant prices),2020,2020,A,Annual,1.914,1.914,6,Millions,I,Imputed Value,F,Non-confidential,3,3
OECD.IEA:RDDPRIVATE(1.1),Private sector energy technology RD&D expenditures,PORTUGAL,Portugal,PRIVATE,Private sector,RDD,"Research, development and demonstration",E,"Hydrogen, hydrogen-based fuels and fuel cells",NC_R,National currency (constant prices),2021,2021,A,Annual,5.796,5.796,6,Millions,I,Imputed Value,F,Non-confidential,3,3
OECD.IEA:RDDPRIVATE(1.1),Private sector energy technology RD&D expenditures,PORTUGAL,Portugal,PRIVATE,Private sector,RDD,"Research, development and demonstration",E,"Hydrogen, hydrogen-based fuels and fuel cells",NC_R,National currency (constant prices),2022,2022,A,Annual,13.619,13.619,6,Millions,I,Imputed Value,F,Non-confidential,3,3
OECD.IEA:RDDPRIVATE(1.1),Private sector energy technology RD&D expenditures,PORTUGAL,Portugal,PRIVATE,Private sector,RDD,"Research, development and demonstration",E,"Hydrogen, hydrogen-based fuels and fuel cells",NC_R,National currency (constant prices),2023,2023,A,Annual,10.17,10.17,6,Millions,I,Imputed Value,F,Non-confidential,3,3
OECD.IEA:RDDPRIVATE(1.1),Private sector energy technology RD&D expenditures,PORTUGAL,Portugal,PRIVATE,Private sector,RDD,"Research, development and demonstration",E,"Hydrogen, hydrogen-based fuels and fuel cells",NC_R,National currency (constant prices),2024,2024,A,Annual,8.443,8.443,6,Millions,I,Imputed Value,F,Non-confidential,3,3
OECD.IEA:RDDPRIVATE(1.1),Private sector energy technology RD&D expenditures,PORTUGAL,Portugal,PRIVATE,Private sector,RDD,"Research, development and demonstration",E,"Hydrogen, hydrogen-based fuels and fuel cells",USD_R,USD (constant prices and exchange rates),2019,2019,A,Annual,1.277,1.277,6,Millions,I,Imputed Value,F,Non-confidential,3,3
OECD.IEA:RDDPRIVATE(1.1),Private sector energy technology RD&D expenditures,PORTUGAL,Portugal,PRIVATE,Private sector,RDD,"Research, development and demonstration",E,"Hydrogen, hydrogen-based fuels and fuel cells",USD_R,USD (constant prices and exchange rates),2020,2020,A,Annual,2.162,2.162,6,Millions,I,Imputed Value,F,Non-confidential,3,3
OECD.IEA:RDDPRIVATE(1.1),Private sector energy technology RD&D expenditures,PORTUGAL,Portugal,PRIVATE,Private sector,RDD,"Research, development and demonstration",E,"Hydrogen, hydrogen-based fuels and fuel cells",USD_R,USD (constant prices and exchange rates),2021,2021,A,Annual,6.55,6.55,6,Millions,I,Imputed Value,F,Non-confidential,3,3
OECD.IEA:RDDPRIVATE(1.1),Private sector energy technology RD&D expenditures,PORTUGAL,Portugal,PRIVATE,Private sector,RDD,"Research, development and demonstration",E,"Hydrogen, hydrogen-based fuels and fuel cells",USD_R,USD (constant prices and exchange rates),2022,2022,A,Annual,15.389,15.389,6,Millions,I,Imputed Value,F,Non-confidential,3,3
OECD.IEA:RDDPRIVATE(1.1),Private sector energy technology RD&D expenditures,PORTUGAL,Portugal,PRIVATE,Private sector,RDD,"Research, development and demonstration",E,"Hydrogen, hydrogen-based fuels and fuel cells",USD_R,USD (constant prices and exchange rates),2023,2023,A,Annual,11.492,11.492,6,Millions,I,Imputed Value,F,Non-confidential,3,3
OECD.IEA:RDDPRIVATE(1.1),Private sector energy technology RD&D expenditures,PORTUGAL,Portugal,PRIVATE,Private sector,RDD,"Research, development and demonstration",E,"Hydrogen, hydrogen-based fuels and fuel cells",USD_R,USD (constant prices and exchange rates),2024,2024,A,Annual,9.54,9.54,6,Millions,I,Imputed Value,F,Non-confidential,3,3
OECD.IEA:RDDPRIVATE(1.1),Private sector energy technology RD&D expenditures,PORTUGAL,Portugal,PRIVATE,Private sector,RDD,"Research, development and demonstration",E,"Hydrogen, hydrogen-based fuels and fuel cells",USD_R_PPP,USD (constant prices and PPP),2019,2019,A,Annual,1.995,1.995,6,Millions,I,Imputed Value,F,Non-confidential,3,3
OECD.IEA:RDDPRIVATE(1.1),Private sector energy technology RD&D expenditures,PORTUGAL,Portugal,PRIVATE,Private sector,RDD,"Research, development and demonstration",E,"Hydrogen, hydrogen-based fuels and fuel cells",USD_R_PPP,USD (constant prices and PPP),2020,2020,A,Annual,3.377,3.377,6,Millions,I,Imputed Value,F,Non-confidential,3,3
OECD.IEA:RDDPRIVATE(1.1),Private sector energy technology RD&D expenditures,PORTUGAL,Portugal,PRIVATE,Private sector,RDD,"Research, development and demonstration",E,"Hydrogen, hydrogen-based fuels and fuel cells",USD_R_PPP,USD (constant prices and PPP),2021,2021,A,Annual,10.23,10.23,6,Millions,I,Imputed Value,F,Non-confidential,3,3
OECD.IEA:RDDPRIVATE(1.1),Private sector energy technology RD&D expenditures,PORTUGAL,Portugal,PRIVATE,Private sector,RDD,"Research, development and demonstration",E,"Hydrogen, hydrogen-based fuels and fuel cells",USD_R_PPP,USD (constant prices and PPP),2022,2022,A,Annual,24.036,24.036,6,Millions,I,Imputed Value,F,Non-confidential,3,3
OECD.IEA:RDDPRIVATE(1.1),Private sector energy technology RD&D expenditures,PORTUGAL,Portugal,PRIVATE,Private sector,RDD,"Research, development and demonstration",E,"Hydrogen, hydrogen-based fuels and fuel cells",USD_R_PPP,USD (constant prices and PPP),2023,2023,A,Annual,17.95,17.95,6,Millions,I,Imputed Value,F,Non-confidential,3,3
OECD.IEA:RDDPRIVATE(1.1),Private sector energy technology RD&D expenditures,PORTUGAL,Portugal,PRIVATE,Private sector,RDD,"Research, development and demonstration",E,"Hydrogen, hydrogen-based fuels and fuel cells",USD_R_PPP,USD (constant prices and PPP),2024,2024,A,Annual,14.901,14.901,6,Millions,I,Imputed Value,F,Non-confidential,3,3
OECD.IEA:RDDPRIVATE(1.1),Private sector energy technology RD&D expenditures,PORTUGAL,Portugal,PRIVATE,Private sector,RDD,"Research, development and demonstration",F,"Heat and power generation, storage and supply",EUR_R,Euro (constant prices and exchange rates),2019,2019,A,Annual,11.327,11.327,6,Millions,I,Imputed Value,F,Non-confidential,3,3
OECD.IEA:RDDPRIVATE(1.1),Private sector energy technology RD&D expenditures,PORTUGAL,Portugal,PRIVATE,Private sector,RDD,"Research, development and demonstration",F,"Heat and power generation, storage and supply",EUR_R,Euro (constant prices and exchange rates),2020,2020,A,Annual,13.281,13.281,6,Millions,I,Imputed Value,F,Non-confidential,3,3
OECD.IEA:RDDPRIVATE(1.1),Private sector energy technology RD&D expenditures,PORTUGAL,Portugal,PRIVATE,Private sector,RDD,"Research, development and demonstration",F,"Heat and power generation, storage and supply",EUR_R,Euro (constant prices and exchange rates),2021,2021,A,Annual,17.552,17.552,6,Millions,I,Imputed Value,F,Non-confidential,3,3
OECD.IEA:RDDPRIVATE(1.1),Private sector energy technology RD&D expenditures,PORTUGAL,Portugal,PRIVATE,Private sector,RDD,"Research, development and demonstration",F,"Heat and power generation, storage and supply",EUR_R,Euro (constant prices and exchange rates),2022,2022,A,Annual,15.019,15.019,6,Millions,I,Imputed Value,F,Non-confidential,3,3
OECD.IEA:RDDPRIVATE(1.1),Private sector energy technology RD&D expenditures,PORTUGAL,Portugal,PRIVATE,Private sector,RDD,"Research, development and demonstration",F,"Heat and power generation, storage and supply",EUR_R,Euro (constant prices and exchange rates),2023,2023,A,Annual,20.228,20.228,6,Millions,I,Imputed Value,F,Non-confidential,3,3
OECD.IEA:RDDPRIVATE(1.1),Private sector energy technology RD&D expenditures,PORTUGAL,Portugal,PRIVATE,Private sector,RDD,"Research, development and demonstration",F,"Heat and power generation, storage and supply",EUR_R,Euro (constant prices and exchange rates),2024,2024,A,Annual,48.426,48.426,6,Millions,I,Imputed Value,F,Non-confidential,3,3
OECD.IEA:RDDPRIVATE(1.1),Private sector energy technology RD&D expenditures,PORTUGAL,Portugal,PRIVATE,Private sector,RDD,"Research, development and demonstration",F,"Heat and power generation, storage and supply",NC_N,National currency (nominal),2019,2019,A,Annual,8.82,8.82,6,Millions,A,Normal Value,F,Non-confidential,3,3
OECD.IEA:RDDPRIVATE(1.1),Private sector energy technology RD&D expenditures,PORTUGAL,Portugal,PRIVATE,Private sector,RDD,"Research, development and demonstration",F,"Heat and power generation, storage and supply",NC_N,National currency (nominal),2020,2020,A,Annual,10.55,10.55,6,Millions,A,Normal Value,F,Non-confidential,3,3
OECD.IEA:RDDPRIVATE(1.1),Private sector energy technology RD&D expenditures,PORTUGAL,Portugal,PRIVATE,Private sector,RDD,"Research, development and demonstration",F,"Heat and power generation, storage and supply",NC_N,National currency (nominal),2021,2021,A,Annual,14.245,14.245,6,Millions,A,Normal Value,F,Non-confidential,3,3
OECD.IEA:RDDPRIVATE(1.1),Private sector energy technology RD&D expenditures,PORTUGAL,Portugal,PRIVATE,Private sector,RDD,"Research, development and demonstration",F,"Heat and power generation, storage and supply",NC_N,National currency (nominal),2022,2022,A,Annual,12.84,12.84,6,Millions,A,Normal Value,F,Non-confidential,3,3
OECD.IEA:RDDPRIVATE(1.1),Private sector energy technology RD&D expenditures,PORTUGAL,Portugal,PRIVATE,Private sector,RDD,"Research, development and demonstration",F,"Heat and power generation, storage and supply",NC_N,National currency (nominal),2023,2023,A,Annual,18.579,18.579,6,Millions,A,Normal Value,F,Non-confidential,3,3
OECD.IEA:RDDPRIVATE(1.1),Private sector energy technology RD&D expenditures,PORTUGAL,Portugal,PRIVATE,Private sector,RDD,"Research, development and demonstration",F,"Heat and power generation, storage and supply",NC_N,National currency (nominal),2024,2024,A,Annual,46.615,46.615,6,Millions,A,Normal Value,F,Non-confidential,3,3
OECD.IEA:RDDPRIVATE(1.1),Private sector energy technology RD&D expenditures,PORTUGAL,Portugal,PRIVATE,Private sector,RDD,"Research, development and demonstration",F,"Heat and power generation, storage and supply",NC_R,National currency (constant prices),2019,2019,A,Annual,11.327,11.327,6,Millions,I,Imputed Value,F,Non-confidential,3,3
OECD.IEA:RDDPRIVATE(1.1),Private sector energy technology RD&D expenditures,PORTUGAL,Portugal,PRIVATE,Private sector,RDD,"Research, development and demonstration",F,"Heat and power generation, storage and supply",NC_R,National currency (constant prices),2020,2020,A,Annual,13.281,13.281,6,Millions,I,Imputed Value,F,Non-confidential,3,3
OECD.IEA:RDDPRIVATE(1.1),Private sector energy technology RD&D expenditures,PORTUGAL,Portugal,PRIVATE,Private sector,RDD,"Research, development and demonstration",F,"Heat and power generation, storage and supply",NC_R,National currency (constant prices),2021,2021,A,Annual,17.552,17.552,6,Millions,I,Imputed Value,F,Non-confidential,3,3
OECD.IEA:RDDPRIVATE(1.1),Private sector energy technology RD&D expenditures,PORTUGAL,Portugal,PRIVATE,Private sector,RDD,"Research, development and demonstration",F,"Heat and power generation, storage and supply",NC_R,National currency (constant prices),2022,2022,A,Annual,15.019,15.019,6,Millions,I,Imputed Value,F,Non-confidential,3,3
OECD.IEA:RDDPRIVATE(1.1),Private sector energy technology RD&D expenditures,PORTUGAL,Portugal,PRIVATE,Private sector,RDD,"Research, development and demonstration",F,"Heat and power generation, storage and supply",NC_R,National currency (constant prices),2023,2023,A,Annual,20.228,20.228,6,Millions,I,Imputed Value,F,Non-confidential,3,3
OECD.IEA:RDDPRIVATE(1.1),Private sector energy technology RD&D expenditures,PORTUGAL,Portugal,PRIVATE,Private sector,RDD,"Research, development and demonstration",F,"Heat and power generation, storage and supply",NC_R,National currency (constant prices),2024,2024,A,Annual,48.426,48.426,6,Millions,I,Imputed Value,F,Non-confidential,3,3
OECD.IEA:RDDPRIVATE(1.1),Private sector energy technology RD&D expenditures,PORTUGAL,Portugal,PRIVATE,Private sector,RDD,"Research, development and demonstration",F,"Heat and power generation, storage and supply",USD_R,USD (constant prices and exchange rates),2019,2019,A,Annual,12.799,12.799,6,Millions,I,Imputed Value,F,Non-confidential,3,3
OECD.IEA:RDDPRIVATE(1.1),Private sector energy technology RD&D expenditures,PORTUGAL,Portugal,PRIVATE,Private sector,RDD,"Research, development and demonstration",F,"Heat and power generation, storage and supply",USD_R,USD (constant prices and exchange rates),2020,2020,A,Annual,15.008,15.008,6,Millions,I,Imputed Value,F,Non-confidential,3,3
OECD.IEA:RDDPRIVATE(1.1),Private sector energy technology RD&D expenditures,PORTUGAL,Portugal,PRIVATE,Private sector,RDD,"Research, development and demonstration",F,"Heat and power generation, storage and supply",USD_R,USD (constant prices and exchange rates),2021,2021,A,Annual,19.834,19.834,6,Millions,I,Imputed Value,F,Non-confidential,3,3
OECD.IEA:RDDPRIVATE(1.1),Private sector energy technology RD&D expenditures,PORTUGAL,Portugal,PRIVATE,Private sector,RDD,"Research, development and demonstration",F,"Heat and power generation, storage and supply",USD_R,USD (constant prices and exchange rates),2022,2022,A,Annual,16.971,16.971,6,Millions,I,Imputed Value,F,Non-confidential,3,3
OECD.IEA:RDDPRIVATE(1.1),Private sector energy technology RD&D expenditures,PORTUGAL,Portugal,PRIVATE,Private sector,RDD,"Research, development and demonstration",F,"Heat and power generation, storage and supply",USD_R,USD (constant prices and exchange rates),2023,2023,A,Annual,22.857,22.857,6,Millions,I,Imputed Value,F,Non-confidential,3,3
OECD.IEA:RDDPRIVATE(1.1),Private sector energy technology RD&D expenditures,PORTUGAL,Portugal,PRIVATE,Private sector,RDD,"Research, development and demonstration",F,"Heat and power generation, storage and supply",USD_R,USD (constant prices and exchange rates),2024,2024,A,Annual,54.721,54.721,6,Millions,I,Imputed Value,F,Non-confidential,3,3
OECD.IEA:RDDPRIVATE(1.1),Private sector energy technology RD&D expenditures,PORTUGAL,Portugal,PRIVATE,Private sector,RDD,"Research, development and demonstration",F,"Heat and power generation, storage and supply",USD_R_PPP,USD (constant prices and PPP),2019,2019,A,Annual,19.991,19.991,6,Millions,I,Imputed Value,F,Non-confidential,3,3
OECD.IEA:RDDPRIVATE(1.1),Private sector energy technology RD&D expenditures,PORTUGAL,Portugal,PRIVATE,Private sector,RDD,"Research, development and demonstration",F,"Heat and power generation, storage and supply",USD_R_PPP,USD (constant prices and PPP),2020,2020,A,Annual,23.441,23.441,6,Millions,I,Imputed Value,F,Non-confidential,3,3
OECD.IEA:RDDPRIVATE(1.1),Private sector energy technology RD&D expenditures,PORTUGAL,Portugal,PRIVATE,Private sector,RDD,"Research, development and demonstration",F,"Heat and power generation, storage and supply",USD_R_PPP,USD (constant prices and PPP),2021,2021,A,Annual,30.979,30.979,6,Millions,I,Imputed Value,F,Non-confidential,3,3
OECD.IEA:RDDPRIVATE(1.1),Private sector energy technology RD&D expenditures,PORTUGAL,Portugal,PRIVATE,Private sector,RDD,"Research, development and demonstration",F,"Heat and power generation, storage and supply",USD_R_PPP,USD (constant prices and PPP),2022,2022,A,Annual,26.508,26.508,6,Millions,I,Imputed Value,F,Non-confidential,3,3
OECD.IEA:RDDPRIVATE(1.1),Private sector energy technology RD&D expenditures,PORTUGAL,Portugal,PRIVATE,Private sector,RDD,"Research, development and demonstration",F,"Heat and power generation, storage and supply",USD_R_PPP,USD (constant prices and PPP),2023,2023,A,Annual,35.701,35.701,6,Millions,I,Imputed Value,F,Non-confidential,3,3
OECD.IEA:RDDPRIVATE(1.1),Private sector energy technology RD&D expenditures,PORTUGAL,Portugal,PRIVATE,Private sector,RDD,"Research, development and demonstration",F,"Heat and power generation, storage and supply",USD_R_PPP,USD (constant prices and PPP),2024,2024,A,Annual,85.47,85.47,6,Millions,I,Imputed Value,F,Non-confidential,3,3
OECD.IEA:RDDPRIVATE(1.1),Private sector energy technology RD&D expenditures,PORTUGAL,Portugal,PRIVATE,Private sector,RDD,"Research, development and demonstration",G,CO2 capture and storage,EUR_R,Euro (constant prices and exchange rates),2021,2021,A,Annual,0.0,0.0,6,Millions,I,Imputed Value,F,Non-confidential,3,3
OECD.IEA:RDDPRIVATE(1.1),Private sector energy technology RD&D expenditures,PORTUGAL,Portugal,PRIVATE,Private sector,RDD,"Research, development and demonstration",G,CO2 capture and storage,EUR_R,Euro (constant prices and exchange rates),2022,2022,A,Annual,0.0,0.0,6,Millions,I,Imputed Value,F,Non-confidential,3,3
OECD.IEA:RDDPRIVATE(1.1),Private sector energy technology RD&D expenditures,PORTUGAL,Portugal,PRIVATE,Private sector,RDD,"Research, development and demonstration",G,CO2 capture and storage,EUR_R,Euro (constant prices and exchange rates),2023,2023,A,Annual,0.0,0.0,6,Millions,I,Imputed Value,F,Non-confidential,3,3
OECD.IEA:RDDPRIVATE(1.1),Private sector energy technology RD&D expenditures,PORTUGAL,Portugal,PRIVATE,Private sector,RDD,"Research, development and demonstration",G,CO2 capture and storage,EUR_R,Euro (constant prices and exchange rates),2024,2024,A,Annual,0.0,0.0,6,Millions,I,Imputed Value,F,Non-confidential,3,3
OECD.IEA:RDDPRIVATE(1.1),Private sector energy technology RD&D expenditures,PORTUGAL,Portugal,PRIVATE,Private sector,RDD,"Research, development and demonstration",G,CO2 capture and storage,NC_N,National currency (nominal),2021,2021,A,Annual,0.0,0.0,6,Millions,A,Normal Value,F,Non-confidential,3,3
OECD.IEA:RDDPRIVATE(1.1),Private sector energy technology RD&D expenditures,PORTUGAL,Portugal,PRIVATE,Private sector,RDD,"Research, development and demonstration",G,CO2 capture and storage,NC_N,National currency (nominal),2022,2022,A,Annual,0.0,0.0,6,Millions,A,Normal Value,F,Non-confidential,3,3
OECD.IEA:RDDPRIVATE(1.1),Private sector energy technology RD&D expenditures,PORTUGAL,Portugal,PRIVATE,Private sector,RDD,"Research, development and demonstration",G,CO2 capture and storage,NC_N,National currency (nominal),2023,2023,A,Annual,0.0,0.0,6,Millions,A,Normal Value,F,Non-confidential,3,3
OECD.IEA:RDDPRIVATE(1.1),Private sector energy technology RD&D expenditures,PORTUGAL,Portugal,PRIVATE,Private sector,RDD,"Research, development and demonstration",G,CO2 capture and storage,NC_N,National currency (nominal),2024,2024,A,Annual,0.0,0.0,6,Millions,A,Normal Value,F,Non-confidential,3,3
OECD.IEA:RDDPRIVATE(1.1),Private sector energy technology RD&D expenditures,PORTUGAL,Portugal,PRIVATE,Private sector,RDD,"Research, development and demonstration",G,CO2 capture and storage,NC_R,National currency (constant prices),2021,2021,A,Annual,0.0,0.0,6,Millions,I,Imputed Value,F,Non-confidential,3,3
OECD.IEA:RDDPRIVATE(1.1),Private sector energy technology RD&D expenditures,PORTUGAL,Portugal,PRIVATE,Private sector,RDD,"Research, development and demonstration",G,CO2 capture and storage,NC_R,National currency (constant prices),2022,2022,A,Annual,0.0,0.0,6,Millions,I,Imputed Value,F,Non-confidential,3,3
OECD.IEA:RDDPRIVATE(1.1),Private sector energy technology RD&D expenditures,PORTUGAL,Portugal,PRIVATE,Private sector,RDD,"Research, development and demonstration",G,CO2 capture and storage,NC_R,National currency (constant prices),2023,2023,A,Annual,0.0,0.0,6,Millions,I,Imputed Value,F,Non-confidential,3,3
OECD.IEA:RDDPRIVATE(1.1),Private sector energy technology RD&D expenditures,PORTUGAL,Portugal,PRIVATE,Private sector,RDD,"Research, development and demonstration",G,CO2 capture and storage,NC_R,National currency (constant prices),2024,2024,A,Annual,0.0,0.0,6,Millions,I,Imputed Value,F,Non-confidential,3,3
OECD.IEA:RDDPRIVATE(1.1),Private sector energy technology RD&D expenditures,PORTUGAL,Portugal,PRIVATE,Private sector,RDD,"Research, development and demonstration",G,CO2 capture and storage,USD_R,USD (constant prices and exchange rates),2021,2021,A,Annual,0.0,0.0,6,Millions,I,Imputed Value,F,Non-confidential,3,3
OECD.IEA:RDDPRIVATE(1.1),Private sector energy technology RD&D expenditures,PORTUGAL,Portugal,PRIVATE,Private sector,RDD,"Research, development and demonstration",G,CO2 capture and storage,USD_R,USD (constant prices and exchange rates),2022,2022,A,Annual,0.0,0.0,6,Millions,I,Imputed Value,F,Non-confidential,3,3
OECD.IEA:RDDPRIVATE(1.1),Private sector energy technology RD&D expenditures,PORTUGAL,Portugal,PRIVATE,Private sector,RDD,"Research, development and demonstration",G,CO2 capture and storage,USD_R,USD (constant prices and exchange rates),2023,2023,A,Annual,0.0,0.0,6,Millions,I,Imputed Value,F,Non-confidential,3,3
OECD.IEA:RDDPRIVATE(1.1),Private sector energy technology RD&D expenditures,PORTUGAL,Portugal,PRIVATE,Private sector,RDD,"Research, development and demonstration",G,CO2 capture and storage,USD_R,USD (constant prices and exchange rates),2024,2024,A,Annual,0.0,0.0,6,Millions,I,Imputed Value,F,Non-confidential,3,3
OECD.IEA:RDDPRIVATE(1.1),Private sector energy technology RD&D expenditures,PORTUGAL,Portugal,PRIVATE,Private sector,RDD,"Research, development and demonstration",G,CO2 capture and storage,USD_R_PPP,USD (constant prices and PPP),2021,2021,A,Annual,0.0,0.0,6,Millions,I,Imputed Value,F,Non-confidential,3,3
OECD.IEA:RDDPRIVATE(1.1),Private sector energy technology RD&D expenditures,PORTUGAL,Portugal,PRIVATE,Private sector,RDD,"Research, development and demonstration",G,CO2 capture and storage,USD_R_PPP,USD (constant prices and PPP),2022,2022,A,Annual,0.0,0.0,6,Millions,I,Imputed Value,F,Non-confidential,3,3
OECD.IEA:RDDPRIVATE(1.1),Private sector energy technology RD&D expenditures,PORTUGAL,Portugal,PRIVATE,Private sector,RDD,"Research, development and demonstration",G,CO2 capture and storage,USD_R_PPP,USD (constant prices and PPP),2023,2023,A,Annual,0.0,0.0,6,Millions,I,Imputed Value,F,Non-confidential,3,3
OECD.IEA:RDDPRIVATE(1.1),Private sector energy technology RD&D expenditures,PORTUGAL,Portugal,PRIVATE,Private sector,RDD,"Research, development and demonstration",G,CO2 capture and storage,USD_R_PPP,USD (constant prices and PPP),2024,2024,A,Annual,0.0,0.0,6,Millions,I,Imputed Value,F,Non-confidential,3,3
OECD.IEA:RDDPRIVATE(1.1),Private sector energy technology RD&D expenditures,PORTUGAL,Portugal,PRIVATE,Private sector,RDD,"Research, development and demonstration",H,Critical minerals,EUR_R,Euro (constant prices and exchange rates),2021,2021,A,Annual,0.0,0.0,6,Millions,I,Imputed Value,F,Non-confidential,3,3
OECD.IEA:RDDPRIVATE(1.1),Private sector energy technology RD&D expenditures,PORTUGAL,Portugal,PRIVATE,Private sector,RDD,"Research, development and demonstration",H,Critical minerals,EUR_R,Euro (constant prices and exchange rates),2022,2022,A,Annual,0.0,0.0,6,Millions,I,Imputed Value,F,Non-confidential,3,3
OECD.IEA:RDDPRIVATE(1.1),Private sector energy technology RD&D expenditures,PORTUGAL,Portugal,PRIVATE,Private sector,RDD,"Research, development and demonstration",H,Critical minerals,EUR_R,Euro (constant prices and exchange rates),2023,2023,A,Annual,0.0,0.0,6,Millions,I,Imputed Value,F,Non-confidential,3,3
OECD.IEA:RDDPRIVATE(1.1),Private sector energy technology RD&D expenditures,PORTUGAL,Portugal,PRIVATE,Private sector,RDD,"Research, development and demonstration",H,Critical minerals,EUR_R,Euro (constant prices and exchange rates),2024,2024,A,Annual,0.0,0.0,6,Millions,I,Imputed Value,F,Non-confidential,3,3
OECD.IEA:RDDPRIVATE(1.1),Private sector energy technology RD&D expenditures,PORTUGAL,Portugal,PRIVATE,Private sector,RDD,"Research, development and demonstration",H,Critical minerals,NC_N,National currency (nominal),2021,2021,A,Annual,0.0,0.0,6,Millions,A,Normal Value,F,Non-confidential,3,3
OECD.IEA:RDDPRIVATE(1.1),Private sector energy technology RD&D expenditures,PORTUGAL,Portugal,PRIVATE,Private sector,RDD,"Research, development and demonstration",H,Critical minerals,NC_N,National currency (nominal),2022,2022,A,Annual,0.0,0.0,6,Millions,A,Normal Value,F,Non-confidential,3,3
OECD.IEA:RDDPRIVATE(1.1),Private sector energy technology RD&D expenditures,PORTUGAL,Portugal,PRIVATE,Private sector,RDD,"Research, development and demonstration",H,Critical minerals,NC_N,National currency (nominal),2023,2023,A,Annual,0.0,0.0,6,Millions,A,Normal Value,F,Non-confidential,3,3
OECD.IEA:RDDPRIVATE(1.1),Private sector energy technology RD&D expenditures,PORTUGAL,Portugal,PRIVATE,Private sector,RDD,"Research, development and demonstration",H,Critical minerals,NC_N,National currency (nominal),2024,2024,A,Annual,0.0,0.0,6,Millions,A,Normal Value,F,Non-confidential,3,3
OECD.IEA:RDDPRIVATE(1.1),Private sector energy technology RD&D expenditures,PORTUGAL,Portugal,PRIVATE,Private sector,RDD,"Research, development and demonstration",H,Critical minerals,NC_R,National currency (constant prices),2021,2021,A,Annual,0.0,0.0,6,Millions,I,Imputed Value,F,Non-confidential,3,3
OECD.IEA:RDDPRIVATE(1.1),Private sector energy technology RD&D expenditures,PORTUGAL,Portugal,PRIVATE,Private sector,RDD,"Research, development and demonstration",H,Critical minerals,NC_R,National currency (constant prices),2022,2022,A,Annual,0.0,0.0,6,Millions,I,Imputed Value,F,Non-confidential,3,3
OECD.IEA:RDDPRIVATE(1.1),Private sector energy technology RD&D expenditures,PORTUGAL,Portugal,PRIVATE,Private sector,RDD,"Research, development and demonstration",H,Critical minerals,NC_R,National currency (constant prices),2023,2023,A,Annual,0.0,0.0,6,Millions,I,Imputed Value,F,Non-confidential,3,3
OECD.IEA:RDDPRIVATE(1.1),Private sector energy technology RD&D expenditures,PORTUGAL,Portugal,PRIVATE,Private sector,RDD,"Research, development and demonstration",H,Critical minerals,NC_R,National currency (constant prices),2024,2024,A,Annual,0.0,0.0,6,Millions,I,Imputed Value,F,Non-confidential,3,3
OECD.IEA:RDDPRIVATE(1.1),Private sector energy technology RD&D expenditures,PORTUGAL,Portugal,PRIVATE,Private sector,RDD,"Research, development and demonstration",H,Critical minerals,USD_R,USD (constant prices and exchange rates),2021,2021,A,Annual,0.0,0.0,6,Millions,I,Imputed Value,F,Non-confidential,3,3
OECD.IEA:RDDPRIVATE(1.1),Private sector energy technology RD&D expenditures,PORTUGAL,Portugal,PRIVATE,Private sector,RDD,"Research, development and demonstration",H,Critical minerals,USD_R,USD (constant prices and exchange rates),2022,2022,A,Annual,0.0,0.0,6,Millions,I,Imputed Value,F,Non-confidential,3,3
OECD.IEA:RDDPRIVATE(1.1),Private sector energy technology RD&D expenditures,PORTUGAL,Portugal,PRIVATE,Private sector,RDD,"Research, development and demonstration",H,Critical minerals,USD_R,USD (constant prices and exchange rates),2023,2023,A,Annual,0.0,0.0,6,Millions,I,Imputed Value,F,Non-confidential,3,3
OECD.IEA:RDDPRIVATE(1.1),Private sector energy technology RD&D expenditures,PORTUGAL,Portugal,PRIVATE,Private sector,RDD,"Research, development and demonstration",H,Critical minerals,USD_R,USD (constant prices and exchange rates),2024,2024,A,Annual,0.0,0.0,6,Millions,I,Imputed Value,F,Non-confidential,3,3
OECD.IEA:RDDPRIVATE(1.1),Private sector energy technology RD&D expenditures,PORTUGAL,Portugal,PRIVATE,Private sector,RDD,"Research, development and demonstration",H,Critical minerals,USD_R_PPP,USD (constant prices and PPP),2021,2021,A,Annual,0.0,0.0,6,Millions,I,Imputed Value,F,Non-confidential,3,3
OECD.IEA:RDDPRIVATE(1.1),Private sector energy technology RD&D expenditures,PORTUGAL,Portugal,PRIVATE,Private sector,RDD,"Research, development and demonstration",H,Critical minerals,USD_R_PPP,USD (constant prices and PPP),2022,2022,A,Annual,0.0,0.0,6,Millions,I,Imputed Value,F,Non-confidential,3,3
OECD.IEA:RDDPRIVATE(1.1),Private sector energy technology RD&D expenditures,PORTUGAL,Portugal,PRIVATE,Private sector,RDD,"Research, development and demonstration",H,Critical minerals,USD_R_PPP,USD (constant prices and PPP),2023,2023,A,Annual,0.0,0.0,6,Millions,I,Imputed Value,F,Non-confidential,3,3
OECD.IEA:RDDPRIVATE(1.1),Private sector energy technology RD&D expenditures,PORTUGAL,Portugal,PRIVATE,Private sector,RDD,"Research, development and demonstration",H,Critical minerals,USD_R_PPP,USD (constant prices and PPP),2024,2024,A,Annual,0.0,0.0,6,Millions,I,Imputed Value,F,Non-confidential,3,3
OECD.IEA:RDDPRIVATE(1.1),Private sector energy technology RD&D expenditures,PORTUGAL,Portugal,PRIVATE,Private sector,RDD,"Research, development and demonstration",TOTAL,Total budget,EUR_R,Euro (constant prices and exchange rates),2016,2016,A,Annual,63.424,63.424,6,Millions,I,Imputed Value,F,Non-confidential,3,3
OECD.IEA:RDDPRIVATE(1.1),Private sector energy technology RD&D expenditures,PORTUGAL,Portugal,PRIVATE,Private sector,RDD,"Research, development and demonstration",TOTAL,Total budget,EUR_R,Euro (constant prices and exchange rates),2017,2017,A,Annual,68.163,68.163,6,Millions,I,Imputed Value,F,Non-confidential,3,3
OECD.IEA:RDDPRIVATE(1.1),Private sector energy technology RD&D expenditures,PORTUGAL,Portugal,PRIVATE,Private sector,RDD,"Research, development and demonstration",TOTAL,Total budget,EUR_R,Euro (constant prices and exchange rates),2018,2018,A,Annual,71.667,71.667,6,Millions,I,Imputed Value,F,Non-confidential,3,3
OECD.IEA:RDDPRIVATE(1.1),Private sector energy technology RD&D expenditures,PORTUGAL,Portugal,PRIVATE,Private sector,RDD,"Research, development and demonstration",TOTAL,Total budget,EUR_R,Euro (constant prices and exchange rates),2019,2019,A,Annual,88.173,88.173,6,Millions,I,Imputed Value,F,Non-confidential,3,3
OECD.IEA:RDDPRIVATE(1.1),Private sector energy technology RD&D expenditures,PORTUGAL,Portugal,PRIVATE,Private sector,RDD,"Research, development and demonstration",TOTAL,Total budget,EUR_R,Euro (constant prices and exchange rates),2020,2020,A,Annual,117.027,117.027,6,Millions,I,Imputed Value,F,Non-confidential,3,3
OECD.IEA:RDDPRIVATE(1.1),Private sector energy technology RD&D expenditures,PORTUGAL,Portugal,PRIVATE,Private sector,RDD,"Research, development and demonstration",TOTAL,Total budget,EUR_R,Euro (constant prices and exchange rates),2021,2021,A,Annual,164.439,164.439,6,Millions,I,Imputed Value,F,Non-confidential,3,3
OECD.IEA:RDDPRIVATE(1.1),Private sector energy technology RD&D expenditures,PORTUGAL,Portugal,PRIVATE,Private sector,RDD,"Research, development and demonstration",TOTAL,Total budget,EUR_R,Euro (constant prices and exchange rates),2022,2022,A,Annual,216.761,216.761,6,Millions,I,Imputed Value,F,Non-confidential,3,3
OECD.IEA:RDDPRIVATE(1.1),Private sector energy technology RD&D expenditures,PORTUGAL,Portugal,PRIVATE,Private sector,RDD,"Research, development and demonstration",TOTAL,Total budget,EUR_R,Euro (constant prices and exchange rates),2023,2023,A,Annual,224.155,224.155,6,Millions,I,Imputed Value,F,Non-confidential,3,3
OECD.IEA:RDDPRIVATE(1.1),Private sector energy technology RD&D expenditures,PORTUGAL,Portugal,PRIVATE,Private sector,RDD,"Research, development and demonstration",TOTAL,Total budget,EUR_R,Euro (constant prices and exchange rates),2024,2024,A,Annual,288.149,288.149,6,Millions,I,Imputed Value,F,Non-confidential,3,3
OECD.IEA:RDDPRIVATE(1.1),Private sector energy technology RD&D expenditures,PORTUGAL,Portugal,PRIVATE,Private sector,RDD,"Research, development and demonstration",TOTAL,Total budget,NC_N,National currency (nominal),2016,2016,A,Annual,46.88,46.88,6,Millions,A,Normal Value,F,Non-confidential,3,3
OECD.IEA:RDDPRIVATE(1.1),Private sector energy technology RD&D expenditures,PORTUGAL,Portugal,PRIVATE,Private sector,RDD,"Research, development and demonstration",TOTAL,Total budget,NC_N,National currency (nominal),2017,2017,A,Annual,51.15,51.15,6,Millions,A,Normal Value,F,Non-confidential,3,3
OECD.IEA:RDDPRIVATE(1.1),Private sector energy technology RD&D expenditures,PORTUGAL,Portugal,PRIVATE,Private sector,RDD,"Research, development and demonstration",TOTAL,Total budget,NC_N,National currency (nominal),2018,2018,A,Annual,54.82,54.82,6,Millions,A,Normal Value,F,Non-confidential,3,3
OECD.IEA:RDDPRIVATE(1.1),Private sector energy technology RD&D expenditures,PORTUGAL,Portugal,PRIVATE,Private sector,RDD,"Research, development and demonstration",TOTAL,Total budget,NC_N,National currency (nominal),2019,2019,A,Annual,68.66,68.66,6,Millions,A,Normal Value,F,Non-confidential,3,3
OECD.IEA:RDDPRIVATE(1.1),Private sector energy technology RD&D expenditures,PORTUGAL,Portugal,PRIVATE,Private sector,RDD,"Research, development and demonstration",TOTAL,Total budget,NC_N,National currency (nominal),2020,2020,A,Annual,92.96,92.96,6,Millions,A,Normal Value,F,Non-confidential,3,3
OECD.IEA:RDDPRIVATE(1.1),Private sector energy technology RD&D expenditures,PORTUGAL,Portugal,PRIVATE,Private sector,RDD,"Research, development and demonstration",TOTAL,Total budget,NC_N,National currency (nominal),2021,2021,A,Annual,133.455,133.455,6,Millions,A,Normal Value,F,Non-confidential,3,3
OECD.IEA:RDDPRIVATE(1.1),Private sector energy technology RD&D expenditures,PORTUGAL,Portugal,PRIVATE,Private sector,RDD,"Research, development and demonstration",TOTAL,Total budget,NC_N,National currency (nominal),2022,2022,A,Annual,185.313,185.313,6,Millions,A,Normal Value,F,Non-confidential,3,3
OECD.IEA:RDDPRIVATE(1.1),Private sector energy technology RD&D expenditures,PORTUGAL,Portugal,PRIVATE,Private sector,RDD,"Research, development and demonstration",TOTAL,Total budget,NC_N,National currency (nominal),2023,2023,A,Annual,205.881,205.881,6,Millions,A,Normal Value,F,Non-confidential,3,3
OECD.IEA:RDDPRIVATE(1.1),Private sector energy technology RD&D expenditures,PORTUGAL,Portugal,PRIVATE,Private sector,RDD,"Research, development and demonstration",TOTAL,Total budget,NC_N,National currency (nominal),2024,2024,A,Annual,277.37,277.37,6,Millions,A,Normal Value,F,Non-confidential,3,3
OECD.IEA:RDDPRIVATE(1.1),Private sector energy technology RD&D expenditures,PORTUGAL,Portugal,PRIVATE,Private sector,RDD,"Research, development and demonstration",TOTAL,Total budget,NC_R,National currency (constant prices),2016,2016,A,Annual,63.424,63.424,6,Millions,I,Imputed Value,F,Non-confidential,3,3
OECD.IEA:RDDPRIVATE(1.1),Private sector energy technology RD&D expenditures,PORTUGAL,Portugal,PRIVATE,Private sector,RDD,"Research, development and demonstration",TOTAL,Total budget,NC_R,National currency (constant prices),2017,2017,A,Annual,68.163,68.163,6,Millions,I,Imputed Value,F,Non-confidential,3,3
OECD.IEA:RDDPRIVATE(1.1),Private sector energy technology RD&D expenditures,PORTUGAL,Portugal,PRIVATE,Private sector,RDD,"Research, development and demonstration",TOTAL,Total budget,NC_R,National currency (constant prices),2018,2018,A,Annual,71.667,71.667,6,Millions,I,Imputed Value,F,Non-confidential,3,3
OECD.IEA:RDDPRIVATE(1.1),Private sector energy technology RD&D expenditures,PORTUGAL,Portugal,PRIVATE,Private sector,RDD,"Research, development and demonstration",TOTAL,Total budget,NC_R,National currency (constant prices),2019,2019,A,Annual,88.173,88.173,6,Millions,I,Imputed Value,F,Non-confidential,3,3
OECD.IEA:RDDPRIVATE(1.1),Private sector energy technology RD&D expenditures,PORTUGAL,Portugal,PRIVATE,Private sector,RDD,"Research, development and demonstration",TOTAL,Total budget,NC_R,National currency (constant prices),2020,2020,A,Annual,117.027,117.027,6,Millions,I,Imputed Value,F,Non-confidential,3,3
OECD.IEA:RDDPRIVATE(1.1),Private sector energy technology RD&D expenditures,PORTUGAL,Portugal,PRIVATE,Private sector,RDD,"Research, development and demonstration",TOTAL,Total budget,NC_R,National currency (constant prices),2021,2021,A,Annual,164.439,164.439,6,Millions,I,Imputed Value,F,Non-confidential,3,3
OECD.IEA:RDDPRIVATE(1.1),Private sector energy technology RD&D expenditures,PORTUGAL,Portugal,PRIVATE,Private sector,RDD,"Research, development and demonstration",TOTAL,Total budget,NC_R,National currency (constant prices),2022,2022,A,Annual,216.761,216.761,6,Millions,I,Imputed Value,F,Non-confidential,3,3
OECD.IEA:RDDPRIVATE(1.1),Private sector energy technology RD&D expenditures,PORTUGAL,Portugal,PRIVATE,Private sector,RDD,"Research, development and demonstration",TOTAL,Total budget,NC_R,National currency (constant prices),2023,2023,A,Annual,224.155,224.155,6,Millions,I,Imputed Value,F,Non-confidential,3,3
OECD.IEA:RDDPRIVATE(1.1),Private sector energy technology RD&D expenditures,PORTUGAL,Portugal,PRIVATE,Private sector,RDD,"Research, development and demonstration",TOTAL,Total budget,NC_R,National currency (constant prices),2024,2024,A,Annual,288.149,288.149,6,Millions,I,Imputed Value,F,Non-confidential,3,3
OECD.IEA:RDDPRIVATE(1.1),Private sector energy technology RD&D expenditures,PORTUGAL,Portugal,PRIVATE,Private sector,RDD,"Research, development and demonstration",TOTAL,Total budget,USD_R,USD (constant prices and exchange rates),2016,2016,A,Annual,71.669,71.669,6,Millions,I,Imputed Value,F,Non-confidential,3,3
OECD.IEA:RDDPRIVATE(1.1),Private sector energy technology RD&D expenditures,PORTUGAL,Portugal,PRIVATE,Private sector,RDD,"Research, development and demonstration",TOTAL,Total budget,USD_R,USD (constant prices and exchange rates),2017,2017,A,Annual,77.023,77.023,6,Millions,I,Imputed Value,F,Non-confidential,3,3
OECD.IEA:RDDPRIVATE(1.1),Private sector energy technology RD&D expenditures,PORTUGAL,Portugal,PRIVATE,Private sector,RDD,"Research, development and demonstration",TOTAL,Total budget,USD_R,USD (constant prices and exchange rates),2018,2018,A,Annual,80.982,80.982,6,Millions,I,Imputed Value,F,Non-confidential,3,3
OECD.IEA:RDDPRIVATE(1.1),Private sector energy technology RD&D expenditures,PORTUGAL,Portugal,PRIVATE,Private sector,RDD,"Research, development and demonstration",TOTAL,Total budget,USD_R,USD (constant prices and exchange rates),2019,2019,A,Annual,99.634,99.634,6,Millions,I,Imputed Value,F,Non-confidential,3,3
OECD.IEA:RDDPRIVATE(1.1),Private sector energy technology RD&D expenditures,PORTUGAL,Portugal,PRIVATE,Private sector,RDD,"Research, development and demonstration",TOTAL,Total budget,USD_R,USD (constant prices and exchange rates),2020,2020,A,Annual,132.239,132.239,6,Millions,I,Imputed Value,F,Non-confidential,3,3
OECD.IEA:RDDPRIVATE(1.1),Private sector energy technology RD&D expenditures,PORTUGAL,Portugal,PRIVATE,Private sector,RDD,"Research, development and demonstration",TOTAL,Total budget,USD_R,USD (constant prices and exchange rates),2021,2021,A,Annual,185.813,185.813,6,Millions,I,Imputed Value,F,Non-confidential,3,3
OECD.IEA:RDDPRIVATE(1.1),Private sector energy technology RD&D expenditures,PORTUGAL,Portugal,PRIVATE,Private sector,RDD,"Research, development and demonstration",TOTAL,Total budget,USD_R,USD (constant prices and exchange rates),2022,2022,A,Annual,244.936,244.936,6,Millions,I,Imputed Value,F,Non-confidential,3,3
OECD.IEA:RDDPRIVATE(1.1),Private sector energy technology RD&D expenditures,PORTUGAL,Portugal,PRIVATE,Private sector,RDD,"Research, development and demonstration",TOTAL,Total budget,USD_R,USD (constant prices and exchange rates),2023,2023,A,Annual,253.291,253.291,6,Millions,I,Imputed Value,F,Non-confidential,3,3
OECD.IEA:RDDPRIVATE(1.1),Private sector energy technology RD&D expenditures,PORTUGAL,Portugal,PRIVATE,Private sector,RDD,"Research, development and demonstration",TOTAL,Total budget,USD_R,USD (constant prices and exchange rates),2024,2024,A,Annual,325.603,325.603,6,Millions,I,Imputed Value,F,Non-confidential,3,3
OECD.IEA:RDDPRIVATE(1.1),Private sector energy technology RD&D expenditures,PORTUGAL,Portugal,PRIVATE,Private sector,RDD,"Research, development and demonstration",TOTAL,Total budget,USD_R_PPP,USD (constant prices and PPP),2016,2016,A,Annual,111.94,111.94,6,Millions,I,Imputed Value,F,Non-confidential,3,3
OECD.IEA:RDDPRIVATE(1.1),Private sector energy technology RD&D expenditures,PORTUGAL,Portugal,PRIVATE,Private sector,RDD,"Research, development and demonstration",TOTAL,Total budget,USD_R_PPP,USD (constant prices and PPP),2017,2017,A,Annual,120.303,120.303,6,Millions,I,Imputed Value,F,Non-confidential,3,3
OECD.IEA:RDDPRIVATE(1.1),Private sector energy technology RD&D expenditures,PORTUGAL,Portugal,PRIVATE,Private sector,RDD,"Research, development and demonstration",TOTAL,Total budget,USD_R_PPP,USD (constant prices and PPP),2018,2018,A,Annual,126.487,126.487,6,Millions,I,Imputed Value,F,Non-confidential,3,3
OECD.IEA:RDDPRIVATE(1.1),Private sector energy technology RD&D expenditures,PORTUGAL,Portugal,PRIVATE,Private sector,RDD,"Research, development and demonstration",TOTAL,Total budget,USD_R_PPP,USD (constant prices and PPP),2019,2019,A,Annual,155.621,155.621,6,Millions,I,Imputed Value,F,Non-confidential,3,3
OECD.IEA:RDDPRIVATE(1.1),Private sector energy technology RD&D expenditures,PORTUGAL,Portugal,PRIVATE,Private sector,RDD,"Research, development and demonstration",TOTAL,Total budget,USD_R_PPP,USD (constant prices and PPP),2020,2020,A,Annual,206.545,206.545,6,Millions,I,Imputed Value,F,Non-confidential,3,3
OECD.IEA:RDDPRIVATE(1.1),Private sector energy technology RD&D expenditures,PORTUGAL,Portugal,PRIVATE,Private sector,RDD,"Research, development and demonstration",TOTAL,Total budget,USD_R_PPP,USD (constant prices and PPP),2021,2021,A,Annual,290.224,290.224,6,Millions,I,Imputed Value,F,Non-confidential,3,3
OECD.IEA:RDDPRIVATE(1.1),Private sector energy technology RD&D expenditures,PORTUGAL,Portugal,PRIVATE,Private sector,RDD,"Research, development and demonstration",TOTAL,Total budget,USD_R_PPP,USD (constant prices and PPP),2022,2022,A,Annual,382.569,382.569,6,Millions,I,Imputed Value,F,Non-confidential,3,3
OECD.IEA:RDDPRIVATE(1.1),Private sector energy technology RD&D expenditures,PORTUGAL,Portugal,PRIVATE,Private sector,RDD,"Research, development and demonstration",TOTAL,Total budget,USD_R_PPP,USD (constant prices and PPP),2023,2023,A,Annual,395.62,395.62,6,Millions,I,Imputed Value,F,Non-confidential,3,3
OECD.IEA:RDDPRIVATE(1.1),Private sector energy technology RD&D expenditures,PORTUGAL,Portugal,PRIVATE,Private sector,RDD,"Research, development and demonstration",TOTAL,Total budget,USD_R_PPP,USD (constant prices and PPP),2024,2024,A,Annual,508.564,508.564,6,Millions,I,Imputed Value,F,Non-confidential,3,3
OECD.IEA:RDDPRIVATE(1.1),Private sector energy technology RD&D expenditures,PORTUGAL,Portugal,PRIVATE,Private sector,RDD,"Research, development and demonstration",UN,Unallocated,EUR_R,Euro (constant prices and exchange rates),2016,2016,A,Annual,63.424,63.424,6,Millions,I,Imputed Value,F,Non-confidential,3,3
OECD.IEA:RDDPRIVATE(1.1),Private sector energy technology RD&D expenditures,PORTUGAL,Portugal,PRIVATE,Private sector,RDD,"Research, development and demonstration",UN,Unallocated,EUR_R,Euro (constant prices and exchange rates),2017,2017,A,Annual,68.163,68.163,6,Millions,I,Imputed Value,F,Non-confidential,3,3
OECD.IEA:RDDPRIVATE(1.1),Private sector energy technology RD&D expenditures,PORTUGAL,Portugal,PRIVATE,Private sector,RDD,"Research, development and demonstration",UN,Unallocated,EUR_R,Euro (constant prices and exchange rates),2019,2019,A,Annual,0.0,0.0,6,Millions,I,Imputed Value,F,Non-confidential,3,3
OECD.IEA:RDDPRIVATE(1.1),Private sector energy technology RD&D expenditures,PORTUGAL,Portugal,PRIVATE,Private sector,RDD,"Research, development and demonstration",UN,Unallocated,EUR_R,Euro (constant prices and exchange rates),2020,2020,A,Annual,0.0,0.0,6,Millions,I,Imputed Value,F,Non-confidential,3,3
OECD.IEA:RDDPRIVATE(1.1),Private sector energy technology RD&D expenditures,PORTUGAL,Portugal,PRIVATE,Private sector,RDD,"Research, development and demonstration",UN,Unallocated,EUR_R,Euro (constant prices and exchange rates),2021,2021,A,Annual,0.0,0.0,6,Millions,I,Imputed Value,F,Non-confidential,3,3
OECD.IEA:RDDPRIVATE(1.1),Private sector energy technology RD&D expenditures,PORTUGAL,Portugal,PRIVATE,Private sector,RDD,"Research, development and demonstration",UN,Unallocated,EUR_R,Euro (constant prices and exchange rates),2022,2022,A,Annual,0.0,0.0,6,Millions,I,Imputed Value,F,Non-confidential,3,3
OECD.IEA:RDDPRIVATE(1.1),Private sector energy technology RD&D expenditures,PORTUGAL,Portugal,PRIVATE,Private sector,RDD,"Research, development and demonstration",UN,Unallocated,EUR_R,Euro (constant prices and exchange rates),2023,2023,A,Annual,0.0,0.0,6,Millions,I,Imputed Value,F,Non-confidential,3,3
OECD.IEA:RDDPRIVATE(1.1),Private sector energy technology RD&D expenditures,PORTUGAL,Portugal,PRIVATE,Private sector,RDD,"Research, development and demonstration",UN,Unallocated,EUR_R,Euro (constant prices and exchange rates),2024,2024,A,Annual,0.0,0.0,6,Millions,I,Imputed Value,F,Non-confidential,3,3
OECD.IEA:RDDPRIVATE(1.1),Private sector energy technology RD&D expenditures,PORTUGAL,Portugal,PRIVATE,Private sector,RDD,"Research, development and demonstration",UN,Unallocated,NC_N,National currency (nominal),2016,2016,A,Annual,46.88,46.88,6,Millions,A,Normal Value,F,Non-confidential,3,3
OECD.IEA:RDDPRIVATE(1.1),Private sector energy technology RD&D expenditures,PORTUGAL,Portugal,PRIVATE,Private sector,RDD,"Research, development and demonstration",UN,Unallocated,NC_N,National currency (nominal),2017,2017,A,Annual,51.15,51.15,6,Millions,A,Normal Value,F,Non-confidential,3,3
OECD.IEA:RDDPRIVATE(1.1),Private sector energy technology RD&D expenditures,PORTUGAL,Portugal,PRIVATE,Private sector,RDD,"Research, development and demonstration",UN,Unallocated,NC_N,National currency (nominal),2019,2019,A,Annual,0.0,0.0,6,Millions,A,Normal Value,F,Non-confidential,3,3
OECD.IEA:RDDPRIVATE(1.1),Private sector energy technology RD&D expenditures,PORTUGAL,Portugal,PRIVATE,Private sector,RDD,"Research, development and demonstration",UN,Unallocated,NC_N,National currency (nominal),2020,2020,A,Annual,0.0,0.0,6,Millions,A,Normal Value,F,Non-confidential,3,3
OECD.IEA:RDDPRIVATE(1.1),Private sector energy technology RD&D expenditures,PORTUGAL,Portugal,PRIVATE,Private sector,RDD,"Research, development and demonstration",UN,Unallocated,NC_N,National currency (nominal),2021,2021,A,Annual,0.0,0.0,6,Millions,A,Normal Value,F,Non-confidential,3,3
OECD.IEA:RDDPRIVATE(1.1),Private sector energy technology RD&D expenditures,PORTUGAL,Portugal,PRIVATE,Private sector,RDD,"Research, development and demonstration",UN,Unallocated,NC_N,National currency (nominal),2022,2022,A,Annual,0.0,0.0,6,Millions,A,Normal Value,F,Non-confidential,3,3
OECD.IEA:RDDPRIVATE(1.1),Private sector energy technology RD&D expenditures,PORTUGAL,Portugal,PRIVATE,Private sector,RDD,"Research, development and demonstration",UN,Unallocated,NC_N,National currency (nominal),2023,2023,A,Annual,0.0,0.0,6,Millions,A,Normal Value,F,Non-confidential,3,3
OECD.IEA:RDDPRIVATE(1.1),Private sector energy technology RD&D expenditures,PORTUGAL,Portugal,PRIVATE,Private sector,RDD,"Research, development and demonstration",UN,Unallocated,NC_N,National currency (nominal),2024,2024,A,Annual,0.0,0.0,6,Millions,A,Normal Value,F,Non-confidential,3,3
OECD.IEA:RDDPRIVATE(1.1),Private sector energy technology RD&D expenditures,PORTUGAL,Portugal,PRIVATE,Private sector,RDD,"Research, development and demonstration",UN,Unallocated,NC_R,National currency (constant prices),2016,2016,A,Annual,63.424,63.424,6,Millions,I,Imputed Value,F,Non-confidential,3,3
OECD.IEA:RDDPRIVATE(1.1),Private sector energy technology RD&D expenditures,PORTUGAL,Portugal,PRIVATE,Private sector,RDD,"Research, development and demonstration",UN,Unallocated,NC_R,National currency (constant prices),2017,2017,A,Annual,68.163,68.163,6,Millions,I,Imputed Value,F,Non-confidential,3,3
OECD.IEA:RDDPRIVATE(1.1),Private sector energy technology RD&D expenditures,PORTUGAL,Portugal,PRIVATE,Private sector,RDD,"Research, development and demonstration",UN,Unallocated,NC_R,National currency (constant prices),2019,2019,A,Annual,0.0,0.0,6,Millions,I,Imputed Value,F,Non-confidential,3,3
OECD.IEA:RDDPRIVATE(1.1),Private sector energy technology RD&D expenditures,PORTUGAL,Portugal,PRIVATE,Private sector,RDD,"Research, development and demonstration",UN,Unallocated,NC_R,National currency (constant prices),2020,2020,A,Annual,0.0,0.0,6,Millions,I,Imputed Value,F,Non-confidential,3,3
OECD.IEA:RDDPRIVATE(1.1),Private sector energy technology RD&D expenditures,PORTUGAL,Portugal,PRIVATE,Private sector,RDD,"Research, development and demonstration",UN,Unallocated,NC_R,National currency (constant prices),2021,2021,A,Annual,0.0,0.0,6,Millions,I,Imputed Value,F,Non-confidential,3,3
OECD.IEA:RDDPRIVATE(1.1),Private sector energy technology RD&D expenditures,PORTUGAL,Portugal,PRIVATE,Private sector,RDD,"Research, development and demonstration",UN,Unallocated,NC_R,National currency (constant prices),2022,2022,A,Annual,0.0,0.0,6,Millions,I,Imputed Value,F,Non-confidential,3,3
OECD.IEA:RDDPRIVATE(1.1),Private sector energy technology RD&D expenditures,PORTUGAL,Portugal,PRIVATE,Private sector,RDD,"Research, development and demonstration",UN,Unallocated,NC_R,National currency (constant prices),2023,2023,A,Annual,0.0,0.0,6,Millions,I,Imputed Value,F,Non-confidential,3,3
OECD.IEA:RDDPRIVATE(1.1),Private sector energy technology RD&D expenditures,PORTUGAL,Portugal,PRIVATE,Private sector,RDD,"Research, development and demonstration",UN,Unallocated,NC_R,National currency (constant prices),2024,2024,A,Annual,0.0,0.0,6,Millions,I,Imputed Value,F,Non-confidential,3,3
OECD.IEA:RDDPRIVATE(1.1),Private sector energy technology RD&D expenditures,PORTUGAL,Portugal,PRIVATE,Private sector,RDD,"Research, development and demonstration",UN,Unallocated,USD_R,USD (constant prices and exchange rates),2016,2016,A,Annual,71.669,71.669,6,Millions,I,Imputed Value,F,Non-confidential,3,3
OECD.IEA:RDDPRIVATE(1.1),Private sector energy technology RD&D expenditures,PORTUGAL,Portugal,PRIVATE,Private sector,RDD,"Research, development and demonstration",UN,Unallocated,USD_R,USD (constant prices and exchange rates),2017,2017,A,Annual,77.023,77.023,6,Millions,I,Imputed Value,F,Non-confidential,3,3
OECD.IEA:RDDPRIVATE(1.1),Private sector energy technology RD&D expenditures,PORTUGAL,Portugal,PRIVATE,Private sector,RDD,"Research, development and demonstration",UN,Unallocated,USD_R,USD (constant prices and exchange rates),2019,2019,A,Annual,0.0,0.0,6,Millions,I,Imputed Value,F,Non-confidential,3,3
OECD.IEA:RDDPRIVATE(1.1),Private sector energy technology RD&D expenditures,PORTUGAL,Portugal,PRIVATE,Private sector,RDD,"Research, development and demonstration",UN,Unallocated,USD_R,USD (constant prices and exchange rates),2020,2020,A,Annual,0.0,0.0,6,Millions,I,Imputed Value,F,Non-confidential,3,3
OECD.IEA:RDDPRIVATE(1.1),Private sector energy technology RD&D expenditures,PORTUGAL,Portugal,PRIVATE,Private sector,RDD,"Research, development and demonstration",UN,Unallocated,USD_R,USD (constant prices and exchange rates),2021,2021,A,Annual,0.0,0.0,6,Millions,I,Imputed Value,F,Non-confidential,3,3
OECD.IEA:RDDPRIVATE(1.1),Private sector energy technology RD&D expenditures,PORTUGAL,Portugal,PRIVATE,Private sector,RDD,"Research, development and demonstration",UN,Unallocated,USD_R,USD (constant prices and exchange rates),2022,2022,A,Annual,0.0,0.0,6,Millions,I,Imputed Value,F,Non-confidential,3,3
OECD.IEA:RDDPRIVATE(1.1),Private sector energy technology RD&D expenditures,PORTUGAL,Portugal,PRIVATE,Private sector,RDD,"Research, development and demonstration",UN,Unallocated,USD_R,USD (constant prices and exchange rates),2023,2023,A,Annual,0.0,0.0,6,Millions,I,Imputed Value,F,Non-confidential,3,3
OECD.IEA:RDDPRIVATE(1.1),Private sector energy technology RD&D expenditures,PORTUGAL,Portugal,PRIVATE,Private sector,RDD,"Research, development and demonstration",UN,Unallocated,USD_R,USD (constant prices and exchange rates),2024,2024,A,Annual,0.0,0.0,6,Millions,I,Imputed Value,F,Non-confidential,3,3
OECD.IEA:RDDPRIVATE(1.1),Private sector energy technology RD&D expenditures,PORTUGAL,Portugal,PRIVATE,Private sector,RDD,"Research, development and demonstration",UN,Unallocated,USD_R_PPP,USD (constant prices and PPP),2016,2016,A,Annual,111.94,111.94,6,Millions,I,Imputed Value,F,Non-confidential,3,3
OECD.IEA:RDDPRIVATE(1.1),Private sector energy technology RD&D expenditures,PORTUGAL,Portugal,PRIVATE,Private sector,RDD,"Research, development and demonstration",UN,Unallocated,USD_R_PPP,USD (constant prices and PPP),2017,2017,A,Annual,120.303,120.303,6,Millions,I,Imputed Value,F,Non-confidential,3,3
OECD.IEA:RDDPRIVATE(1.1),Private sector energy technology RD&D expenditures,PORTUGAL,Portugal,PRIVATE,Private sector,RDD,"Research, development and demonstration",UN,Unallocated,USD_R_PPP,USD (constant prices and PPP),2019,2019,A,Annual,0.0,0.0,6,Millions,I,Imputed Value,F,Non-confidential,3,3
OECD.IEA:RDDPRIVATE(1.1),Private sector energy technology RD&D expenditures,PORTUGAL,Portugal,PRIVATE,Private sector,RDD,"Research, development and demonstration",UN,Unallocated,USD_R_PPP,USD (constant prices and PPP),2020,2020,A,Annual,0.0,0.0,6,Millions,I,Imputed Value,F,Non-confidential,3,3
OECD.IEA:RDDPRIVATE(1.1),Private sector energy technology RD&D expenditures,PORTUGAL,Portugal,PRIVATE,Private sector,RDD,"Research, development and demonstration",UN,Unallocated,USD_R_PPP,USD (constant prices and PPP),2021,2021,A,Annual,0.0,0.0,6,Millions,I,Imputed Value,F,Non-confidential,3,3
OECD.IEA:RDDPRIVATE(1.1),Private sector energy technology RD&D expenditures,PORTUGAL,Portugal,PRIVATE,Private sector,RDD,"Research, development and demonstration",UN,Unallocated,USD_R_PPP,USD (constant prices and PPP),2022,2022,A,Annual,0.0,0.0,6,Millions,I,Imputed Value,F,Non-confidential,3,3
OECD.IEA:RDDPRIVATE(1.1),Private sector energy technology RD&D expenditures,PORTUGAL,Portugal,PRIVATE,Private sector,RDD,"Research, development and demonstration",UN,Unallocated,USD_R_PPP,USD (constant prices and PPP),2023,2023,A,Annual,0.0,0.0,6,Millions,I,Imputed Value,F,Non-confidential,3,3
OECD.IEA:RDDPRIVATE(1.1),Private sector energy technology RD&D expenditures,PORTUGAL,Portugal,PRIVATE,Private sector,RDD,"Research, development and demonstration",UN,Unallocated,USD_R_PPP,USD (constant prices and PPP),2024,2024,A,Annual,0.0,0.0,6,Millions,I,Imputed Value,F,Non-confidential,3,3
OECD.IEA:RDDPRIVATE(1.1),Private sector energy technology RD&D expenditures,PORTUGAL,Portugal,PRIVATE,Private sector,RDD,"Research, development and demonstration",Z,Cross-cutting technologies and research,EUR_R,Euro (constant prices and exchange rates),2019,2019,A,Annual,21.01,21.01,6,Millions,I,Imputed Value,F,Non-confidential,3,3
OECD.IEA:RDDPRIVATE(1.1),Private sector energy technology RD&D expenditures,PORTUGAL,Portugal,PRIVATE,Private sector,RDD,"Research, development and demonstration",Z,Cross-cutting technologies and research,EUR_R,Euro (constant prices and exchange rates),2020,2020,A,Annual,22.345,22.345,6,Millions,I,Imputed Value,F,Non-confidential,3,3
OECD.IEA:RDDPRIVATE(1.1),Private sector energy technology RD&D expenditures,PORTUGAL,Portugal,PRIVATE,Private sector,RDD,"Research, development and demonstration",Z,Cross-cutting technologies and research,EUR_R,Euro (constant prices and exchange rates),2021,2021,A,Annual,27.085,27.085,6,Millions,I,Imputed Value,F,Non-confidential,3,3
OECD.IEA:RDDPRIVATE(1.1),Private sector energy technology RD&D expenditures,PORTUGAL,Portugal,PRIVATE,Private sector,RDD,"Research, development and demonstration",Z,Cross-cutting technologies and research,EUR_R,Euro (constant prices and exchange rates),2022,2022,A,Annual,34.824,34.824,6,Millions,I,Imputed Value,F,Non-confidential,3,3
OECD.IEA:RDDPRIVATE(1.1),Private sector energy technology RD&D expenditures,PORTUGAL,Portugal,PRIVATE,Private sector,RDD,"Research, development and demonstration",Z,Cross-cutting technologies and research,EUR_R,Euro (constant prices and exchange rates),2023,2023,A,Annual,44.843,44.843,6,Millions,I,Imputed Value,F,Non-confidential,3,3
OECD.IEA:RDDPRIVATE(1.1),Private sector energy technology RD&D expenditures,PORTUGAL,Portugal,PRIVATE,Private sector,RDD,"Research, development and demonstration",Z,Cross-cutting technologies and research,EUR_R,Euro (constant prices and exchange rates),2024,2024,A,Annual,66.84,66.84,6,Millions,I,Imputed Value,F,Non-confidential,3,3
OECD.IEA:RDDPRIVATE(1.1),Private sector energy technology RD&D expenditures,PORTUGAL,Portugal,PRIVATE,Private sector,RDD,"Research, development and demonstration",Z,Cross-cutting technologies and research,NC_N,National currency (nominal),2019,2019,A,Annual,16.36,16.36,6,Millions,A,Normal Value,F,Non-confidential,3,3
OECD.IEA:RDDPRIVATE(1.1),Private sector energy technology RD&D expenditures,PORTUGAL,Portugal,PRIVATE,Private sector,RDD,"Research, development and demonstration",Z,Cross-cutting technologies and research,NC_N,National currency (nominal),2020,2020,A,Annual,17.75,17.75,6,Millions,A,Normal Value,F,Non-confidential,3,3
OECD.IEA:RDDPRIVATE(1.1),Private sector energy technology RD&D expenditures,PORTUGAL,Portugal,PRIVATE,Private sector,RDD,"Research, development and demonstration",Z,Cross-cutting technologies and research,NC_N,National currency (nominal),2021,2021,A,Annual,21.982,21.982,6,Millions,A,Normal Value,F,Non-confidential,3,3
OECD.IEA:RDDPRIVATE(1.1),Private sector energy technology RD&D expenditures,PORTUGAL,Portugal,PRIVATE,Private sector,RDD,"Research, development and demonstration",Z,Cross-cutting technologies and research,NC_N,National currency (nominal),2022,2022,A,Annual,29.772,29.772,6,Millions,A,Normal Value,F,Non-confidential,3,3
OECD.IEA:RDDPRIVATE(1.1),Private sector energy technology RD&D expenditures,PORTUGAL,Portugal,PRIVATE,Private sector,RDD,"Research, development and demonstration",Z,Cross-cutting technologies and research,NC_N,National currency (nominal),2023,2023,A,Annual,41.187,41.187,6,Millions,A,Normal Value,F,Non-confidential,3,3
OECD.IEA:RDDPRIVATE(1.1),Private sector energy technology RD&D expenditures,PORTUGAL,Portugal,PRIVATE,Private sector,RDD,"Research, development and demonstration",Z,Cross-cutting technologies and research,NC_N,National currency (nominal),2024,2024,A,Annual,64.34,64.34,6,Millions,A,Normal Value,F,Non-confidential,3,3
OECD.IEA:RDDPRIVATE(1.1),Private sector energy technology RD&D expenditures,PORTUGAL,Portugal,PRIVATE,Private sector,RDD,"Research, development and demonstration",Z,Cross-cutting technologies and research,NC_R,National currency (constant prices),2019,2019,A,Annual,21.01,21.01,6,Millions,I,Imputed Value,F,Non-confidential,3,3
OECD.IEA:RDDPRIVATE(1.1),Private sector energy technology RD&D expenditures,PORTUGAL,Portugal,PRIVATE,Private sector,RDD,"Research, development and demonstration",Z,Cross-cutting technologies and research,NC_R,National currency (constant prices),2020,2020,A,Annual,22.345,22.345,6,Millions,I,Imputed Value,F,Non-confidential,3,3
OECD.IEA:RDDPRIVATE(1.1),Private sector energy technology RD&D expenditures,PORTUGAL,Portugal,PRIVATE,Private sector,RDD,"Research, development and demonstration",Z,Cross-cutting technologies and research,NC_R,National currency (constant prices),2021,2021,A,Annual,27.085,27.085,6,Millions,I,Imputed Value,F,Non-confidential,3,3
OECD.IEA:RDDPRIVATE(1.1),Private sector energy technology RD&D expenditures,PORTUGAL,Portugal,PRIVATE,Private sector,RDD,"Research, development and demonstration",Z,Cross-cutting technologies and research,NC_R,National currency (constant prices),2022,2022,A,Annual,34.824,34.824,6,Millions,I,Imputed Value,F,Non-confidential,3,3
OECD.IEA:RDDPRIVATE(1.1),Private sector energy technology RD&D expenditures,PORTUGAL,Portugal,PRIVATE,Private sector,RDD,"Research, development and demonstration",Z,Cross-cutting technologies and research,NC_R,National currency (constant prices),2023,2023,A,Annual,44.843,44.843,6,Millions,I,Imputed Value,F,Non-confidential,3,3
OECD.IEA:RDDPRIVATE(1.1),Private sector energy technology RD&D expenditures,PORTUGAL,Portugal,PRIVATE,Private sector,RDD,"Research, development and demonstration",Z,Cross-cutting technologies and research,NC_R,National currency (constant prices),2024,2024,A,Annual,66.84,66.84,6,Millions,I,Imputed Value,F,Non-confidential,3,3
OECD.IEA:RDDPRIVATE(1.1),Private sector energy technology RD&D expenditures,PORTUGAL,Portugal,PRIVATE,Private sector,RDD,"Research, development and demonstration",Z,Cross-cutting technologies and research,USD_R,USD (constant prices and exchange rates),2019,2019,A,Annual,23.74,23.74,6,Millions,I,Imputed Value,F,Non-confidential,3,3
OECD.IEA:RDDPRIVATE(1.1),Private sector energy technology RD&D expenditures,PORTUGAL,Portugal,PRIVATE,Private sector,RDD,"Research, development and demonstration",Z,Cross-cutting technologies and research,USD_R,USD (constant prices and exchange rates),2020,2020,A,Annual,25.25,25.25,6,Millions,I,Imputed Value,F,Non-confidential,3,3
OECD.IEA:RDDPRIVATE(1.1),Private sector energy technology RD&D expenditures,PORTUGAL,Portugal,PRIVATE,Private sector,RDD,"Research, development and demonstration",Z,Cross-cutting technologies and research,USD_R,USD (constant prices and exchange rates),2021,2021,A,Annual,30.606,30.606,6,Millions,I,Imputed Value,F,Non-confidential,3,3
OECD.IEA:RDDPRIVATE(1.1),Private sector energy technology RD&D expenditures,PORTUGAL,Portugal,PRIVATE,Private sector,RDD,"Research, development and demonstration",Z,Cross-cutting technologies and research,USD_R,USD (constant prices and exchange rates),2022,2022,A,Annual,39.351,39.351,6,Millions,I,Imputed Value,F,Non-confidential,3,3
OECD.IEA:RDDPRIVATE(1.1),Private sector energy technology RD&D expenditures,PORTUGAL,Portugal,PRIVATE,Private sector,RDD,"Research, development and demonstration",Z,Cross-cutting technologies and research,USD_R,USD (constant prices and exchange rates),2023,2023,A,Annual,50.672,50.672,6,Millions,I,Imputed Value,F,Non-confidential,3,3
OECD.IEA:RDDPRIVATE(1.1),Private sector energy technology RD&D expenditures,PORTUGAL,Portugal,PRIVATE,Private sector,RDD,"Research, development and demonstration",Z,Cross-cutting technologies and research,USD_R,USD (constant prices and exchange rates),2024,2024,A,Annual,75.528,75.528,6,Millions,I,Imputed Value,F,Non-confidential,3,3
OECD.IEA:RDDPRIVATE(1.1),Private sector energy technology RD&D expenditures,PORTUGAL,Portugal,PRIVATE,Private sector,RDD,"Research, development and demonstration",Z,Cross-cutting technologies and research,USD_R_PPP,USD (constant prices and PPP),2019,2019,A,Annual,37.081,37.081,6,Millions,I,Imputed Value,F,Non-confidential,3,3
OECD.IEA:RDDPRIVATE(1.1),Private sector energy technology RD&D expenditures,PORTUGAL,Portugal,PRIVATE,Private sector,RDD,"Research, development and demonstration",Z,Cross-cutting technologies and research,USD_R_PPP,USD (constant prices and PPP),2020,2020,A,Annual,39.438,39.438,6,Millions,I,Imputed Value,F,Non-confidential,3,3
OECD.IEA:RDDPRIVATE(1.1),Private sector energy technology RD&D expenditures,PORTUGAL,Portugal,PRIVATE,Private sector,RDD,"Research, development and demonstration",Z,Cross-cutting technologies and research,USD_R_PPP,USD (constant prices and PPP),2021,2021,A,Annual,47.804,47.804,6,Millions,I,Imputed Value,F,Non-confidential,3,3
OECD.IEA:RDDPRIVATE(1.1),Private sector energy technology RD&D expenditures,PORTUGAL,Portugal,PRIVATE,Private sector,RDD,"Research, development and demonstration",Z,Cross-cutting technologies and research,USD_R_PPP,USD (constant prices and PPP),2022,2022,A,Annual,61.463,61.463,6,Millions,I,Imputed Value,F,Non-confidential,3,3
OECD.IEA:RDDPRIVATE(1.1),Private sector energy technology RD&D expenditures,PORTUGAL,Portugal,PRIVATE,Private sector,RDD,"Research, development and demonstration",Z,Cross-cutting technologies and research,USD_R_PPP,USD (constant prices and PPP),2023,2023,A,Annual,79.145,79.145,6,Millions,I,Imputed Value,F,Non-confidential,3,3
OECD.IEA:RDDPRIVATE(1.1),Private sector energy technology RD&D expenditures,PORTUGAL,Portugal,PRIVATE,Private sector,RDD,"Research, development and demonstration",Z,Cross-cutting technologies and research,USD_R_PPP,USD (constant prices and PPP),2024,2024,A,Annual,117.969,117.969,6,Millions,I,Imputed Value,F,Non-confidential,3,3
